"HOW TO REPLACE AN IMAGE: make your new photo, crop it to the aspect ratio shown, export it at EXACTLY the width × height shown, save it with the SAME file name (WebP for .webp rows, JPG for .jpg rows) and overwrite the old file. Most photos have two rows (a small and a large size) — replace both with the same picture. No HTML changes needed."

"No.","File (inside the website folder)","Width (px)","Height (px)","Aspect ratio","What it is","Shown on page","Description / alt text (already in the HTML)","Current image","Temporary stock credit","Brief for the replacement photo","Slot (for the tools)"
"1","assets/images/categories/business-stationery-printing-dubai-768.webp","768","512","3:2","Category page – top banner (also category cards)","/business-stationery-printing-dubai/","Matching business cards, letterhead, envelope and presentation folder arranged on a light oak desk","Temporary stock","Ana Cruz (Unsplash S0qh0ONK-AE)","Realistic commercial photograph of a coordinated business stationery set: business cards, A4 letterhead, DL envelope and presentation folder in navy and white, arranged on a light oak desk in a bright Dubai office, soft daylight, overhead three-quarter angle, fictional brand name, no real logos, no Flash Print Solution branding.","cat:business-stationery"
"2","assets/images/categories/business-stationery-printing-dubai-1280.webp","1280","853","3:2","Category page – top banner (also category cards)","/business-stationery-printing-dubai/","Matching business cards, letterhead, envelope and presentation folder arranged on a light oak desk","Temporary stock","Ana Cruz (Unsplash S0qh0ONK-AE)","Realistic commercial photograph of a coordinated business stationery set: business cards, A4 letterhead, DL envelope and presentation folder in navy and white, arranged on a light oak desk in a bright Dubai office, soft daylight, overhead three-quarter angle, fictional brand name, no real logos, no Flash Print Solution branding.","cat:business-stationery"
"3","assets/images/og/business-stationery-printing-dubai.jpg","1200","630","1.91:1","Social share preview (Facebook, WhatsApp, LinkedIn…) – JPG","/business-stationery-printing-dubai/","Matching business cards, letterhead, envelope and presentation folder arranged on a light oak desk","Temporary stock","Ana Cruz (Unsplash S0qh0ONK-AE)","Same photo as above, cropped to 1200 × 630","cat:business-stationery"
"4","assets/images/categories/marketing-promotional-printing-dubai-768.webp","768","512","3:2","Category page – top banner (also category cards)","/marketing-promotional-printing-dubai/","Printed flyers, a folded brochure and a product catalogue spread across a studio table","Temporary stock","Mockup Free (Unsplash Ue7ttHJXf2o)","Realistic commercial photograph of a coordinated set of marketing print: A5 flyers, an open tri-fold brochure, a perfect-bound catalogue and a small poster, spread across a white studio table, bright even lighting, overhead angle, cohesive colour palette, fictional brand name, no real logos, no Flash Print Solution branding.","cat:marketing-promotional"
"5","assets/images/categories/marketing-promotional-printing-dubai-1280.webp","1280","853","3:2","Category page – top banner (also category cards)","/marketing-promotional-printing-dubai/","Printed flyers, a folded brochure and a product catalogue spread across a studio table","Temporary stock","Mockup Free (Unsplash Ue7ttHJXf2o)","Realistic commercial photograph of a coordinated set of marketing print: A5 flyers, an open tri-fold brochure, a perfect-bound catalogue and a small poster, spread across a white studio table, bright even lighting, overhead angle, cohesive colour palette, fictional brand name, no real logos, no Flash Print Solution branding.","cat:marketing-promotional"
"6","assets/images/og/marketing-promotional-printing-dubai.jpg","1200","630","1.91:1","Social share preview (Facebook, WhatsApp, LinkedIn…) – JPG","/marketing-promotional-printing-dubai/","Printed flyers, a folded brochure and a product catalogue spread across a studio table","Temporary stock","Mockup Free (Unsplash Ue7ttHJXf2o)","Same photo as above, cropped to 1200 × 630","cat:marketing-promotional"
"7","assets/images/products/catalog-items/danglers-640.webp","640","480","4:3","Category page – item card (no separate page)","/marketing-promotional-printing-dubai/","Double-sided promotional danglers hanging from a supermarket ceiling above an aisle","Temporary stock","Artem Beliaikin (Unsplash kTd2PvtqE_o)","Realistic commercial photograph of several die-cut, double-sided promotional danglers hanging on clear threads from the ceiling above a bright supermarket aisle in Dubai, colourful offer graphics, shelves softly blurred below, wide-angle view, fictional brand name, no real logos, no Flash Print Solution branding.","card:danglers"
"8","assets/images/products/catalog-items/danglers-1200.webp","1200","900","4:3","Category page – item card (no separate page)","/marketing-promotional-printing-dubai/","Double-sided promotional danglers hanging from a supermarket ceiling above an aisle","Temporary stock","Artem Beliaikin (Unsplash kTd2PvtqE_o)","Realistic commercial photograph of several die-cut, double-sided promotional danglers hanging on clear threads from the ceiling above a bright supermarket aisle in Dubai, colourful offer graphics, shelves softly blurred below, wide-angle view, fictional brand name, no real logos, no Flash Print Solution branding.","card:danglers"
"9","assets/images/categories/large-format-printing-dubai-768.webp","768","512","3:2","Category page – top banner (also category cards)","/large-format-printing-dubai/","Wide printed promotional banner fixed above a modern retail shopfront on a sunny street","Temporary stock","Pawel Czerwinski (Unsplash _9dSF0Hwitw)","Realistic commercial photograph of a wide full-colour promotional banner fixed above a modern retail shopfront in Dubai, bright afternoon sun, clean pavement, straight-on eye-level angle, crisp saturated colours, palm tree edge of frame, fictional brand name, no real logos, no Flash Print Solution branding.","cat:large-format"
"10","assets/images/categories/large-format-printing-dubai-1280.webp","1280","853","3:2","Category page – top banner (also category cards)","/large-format-printing-dubai/","Wide printed promotional banner fixed above a modern retail shopfront on a sunny street","Temporary stock","Pawel Czerwinski (Unsplash _9dSF0Hwitw)","Realistic commercial photograph of a wide full-colour promotional banner fixed above a modern retail shopfront in Dubai, bright afternoon sun, clean pavement, straight-on eye-level angle, crisp saturated colours, palm tree edge of frame, fictional brand name, no real logos, no Flash Print Solution branding.","cat:large-format"
"11","assets/images/og/large-format-printing-dubai.jpg","1200","630","1.91:1","Social share preview (Facebook, WhatsApp, LinkedIn…) – JPG","/large-format-printing-dubai/","Wide printed promotional banner fixed above a modern retail shopfront on a sunny street","Temporary stock","Pawel Czerwinski (Unsplash _9dSF0Hwitw)","Same photo as above, cropped to 1200 × 630","cat:large-format"
"12","assets/images/products/catalog-items/foam-board-printing-640.webp","640","480","4:3","Category page – item card (no separate page)","/large-format-printing-dubai/","Printed foam board welcome sign on a wooden easel at an indoor event entrance","Temporary stock","Frederick Medina (Unsplash hGLVkyNoYpQ)","Realistic commercial photograph of a printed white foam board welcome sign on a light wooden easel at a hotel event entrance in Dubai, soft warm indoor lighting, shallow depth of field, three-quarter angle, clean modern typography, fictional brand name, no real logos, no Flash Print Solution branding.","card:foam-board-printing"
"13","assets/images/products/catalog-items/foam-board-printing-1200.webp","1200","900","4:3","Category page – item card (no separate page)","/large-format-printing-dubai/","Printed foam board welcome sign on a wooden easel at an indoor event entrance","Temporary stock","Frederick Medina (Unsplash hGLVkyNoYpQ)","Realistic commercial photograph of a printed white foam board welcome sign on a light wooden easel at a hotel event entrance in Dubai, soft warm indoor lighting, shallow depth of field, three-quarter angle, clean modern typography, fictional brand name, no real logos, no Flash Print Solution branding.","card:foam-board-printing"
"14","assets/images/products/catalog-items/one-way-vision-640.webp","640","480","4:3","Category page – item card (no separate page)","/large-format-printing-dubai/","Shop window covered in perforated one-way vision film showing a colourful printed graphic","Temporary stock","Kevin Grieve (Unsplash DPYT9jOCfBE)","Realistic commercial photograph of a street-level shop window in Dubai covered with a full-colour perforated one-way vision graphic, daylight, slight angle showing the fine perforation texture, glass door beside it, clean facade, fictional brand name, no real logos, no Flash Print Solution branding.","card:one-way-vision"
"15","assets/images/products/catalog-items/one-way-vision-1200.webp","1200","900","4:3","Category page – item card (no separate page)","/large-format-printing-dubai/","Shop window covered in perforated one-way vision film showing a colourful printed graphic","Temporary stock","Kevin Grieve (Unsplash DPYT9jOCfBE)","Realistic commercial photograph of a street-level shop window in Dubai covered with a full-colour perforated one-way vision graphic, daylight, slight angle showing the fine perforation texture, glass door beside it, clean facade, fictional brand name, no real logos, no Flash Print Solution branding.","card:one-way-vision"
"16","assets/images/categories/outdoor-signage-dubai-768.webp","768","512","3:2","Category page – top banner (also category cards)","/outdoor-signage-dubai/","Illuminated 3D letter sign on a dark fascia above a modern shopfront at dusk","Temporary stock","Eli Nir (Unsplash 5Wp-np9UUjw)","Realistic commercial photograph of a modern retail shopfront in Dubai at dusk with glowing front-lit 3D letters on a dark grey ACP fascia, warm interior light through the glass, clean pavement, straight-on eye-level view, fictional brand name, no real logos, no Flash Print Solution branding.","cat:outdoor-signage"
"17","assets/images/categories/outdoor-signage-dubai-1280.webp","1280","853","3:2","Category page – top banner (also category cards)","/outdoor-signage-dubai/","Illuminated 3D letter sign on a dark fascia above a modern shopfront at dusk","Temporary stock","Eli Nir (Unsplash 5Wp-np9UUjw)","Realistic commercial photograph of a modern retail shopfront in Dubai at dusk with glowing front-lit 3D letters on a dark grey ACP fascia, warm interior light through the glass, clean pavement, straight-on eye-level view, fictional brand name, no real logos, no Flash Print Solution branding.","cat:outdoor-signage"
"18","assets/images/og/outdoor-signage-dubai.jpg","1200","630","1.91:1","Social share preview (Facebook, WhatsApp, LinkedIn…) – JPG","/outdoor-signage-dubai/","Illuminated 3D letter sign on a dark fascia above a modern shopfront at dusk","Temporary stock","Eli Nir (Unsplash 5Wp-np9UUjw)","Same photo as above, cropped to 1200 × 630","cat:outdoor-signage"
"19","assets/images/categories/corporate-gifts-dubai-768.webp","768","512","3:2","Category page – top banner (also category cards)","/corporate-gifts-dubai/","Corporate gift set with branded mug, navy diary, USB drive and keychain in a box","Temporary stock","Olivia Bollen (Unsplash q_PaBcD1W1A)","Realistic commercial product photograph of a corporate gift set in an open black rigid box: white mug, navy PU diary with debossed logo, metal USB drive and keychain, on a light oak desk in a Dubai office, soft window light, 45-degree angle, fictional brand name, no real logos, no Flash Print Solution branding.","cat:corporate-gifts"
"20","assets/images/categories/corporate-gifts-dubai-1280.webp","1280","853","3:2","Category page – top banner (also category cards)","/corporate-gifts-dubai/","Corporate gift set with branded mug, navy diary, USB drive and keychain in a box","Temporary stock","Olivia Bollen (Unsplash q_PaBcD1W1A)","Realistic commercial product photograph of a corporate gift set in an open black rigid box: white mug, navy PU diary with debossed logo, metal USB drive and keychain, on a light oak desk in a Dubai office, soft window light, 45-degree angle, fictional brand name, no real logos, no Flash Print Solution branding.","cat:corporate-gifts"
"21","assets/images/og/corporate-gifts-dubai.jpg","1200","630","1.91:1","Social share preview (Facebook, WhatsApp, LinkedIn…) – JPG","/corporate-gifts-dubai/","Corporate gift set with branded mug, navy diary, USB drive and keychain in a box","Temporary stock","Olivia Bollen (Unsplash q_PaBcD1W1A)","Same photo as above, cropped to 1200 × 630","cat:corporate-gifts"
"22","assets/images/products/catalog-items/keychains-640.webp","640","480","4:3","Category page – item card (no separate page)","/corporate-gifts-dubai/","Assorted metal and wooden keychains with engraved fictional logos laid on a grey surface","Temporary stock","Erika Löwe (Unsplash dKRNe47ror4)","Realistic product photograph of assorted branded keychains, brushed metal rectangles and bamboo tags with laser-engraved fictional logos, arranged on a matte grey surface, soft diffused studio light, top-down angle, fictional brand name, no real logos, no Flash Print Solution branding.","card:keychains"
"23","assets/images/products/catalog-items/keychains-1200.webp","1200","900","4:3","Category page – item card (no separate page)","/corporate-gifts-dubai/","Assorted metal and wooden keychains with engraved fictional logos laid on a grey surface","Temporary stock","Erika Löwe (Unsplash dKRNe47ror4)","Realistic product photograph of assorted branded keychains, brushed metal rectangles and bamboo tags with laser-engraved fictional logos, arranged on a matte grey surface, soft diffused studio light, top-down angle, fictional brand name, no real logos, no Flash Print Solution branding.","card:keychains"
"24","assets/images/categories/event-printing-dubai-768.webp","768","512","3:2","Category page – top banner (also category cards)","/event-printing-dubai/","Exhibition hall with fabric-walled stands and printed hanging banners for fictional companies","Temporary stock","Euronewsweek Media (Unsplash KVvEpFVq_-U)","Realistic photograph of a busy exhibition hall in Dubai with several stands dressed in printed tension fabric walls, fascia name boards and hanging fabric banners for fictional technology companies, visitors walking the aisles, bright hall lighting, elevated wide angle, fictional brand name, no real logos, no Flash Print Solution branding.","cat:event-exhibition"
"25","assets/images/categories/event-printing-dubai-1280.webp","1280","853","3:2","Category page – top banner (also category cards)","/event-printing-dubai/","Exhibition hall with fabric-walled stands and printed hanging banners for fictional companies","Temporary stock","Euronewsweek Media (Unsplash KVvEpFVq_-U)","Realistic photograph of a busy exhibition hall in Dubai with several stands dressed in printed tension fabric walls, fascia name boards and hanging fabric banners for fictional technology companies, visitors walking the aisles, bright hall lighting, elevated wide angle, fictional brand name, no real logos, no Flash Print Solution branding.","cat:event-exhibition"
"26","assets/images/og/event-printing-dubai.jpg","1200","630","1.91:1","Social share preview (Facebook, WhatsApp, LinkedIn…) – JPG","/event-printing-dubai/","Exhibition hall with fabric-walled stands and printed hanging banners for fictional companies","Temporary stock","Euronewsweek Media (Unsplash KVvEpFVq_-U)","Same photo as above, cropped to 1200 × 630","cat:event-exhibition"
"27","assets/images/products/catalog-items/directional-signage-640.webp","640","480","4:3","Category page – item card (no separate page)","/event-printing-dubai/","Freestanding printed arrow sign directing guests to a conference hall in a hotel corridor","Temporary stock","一颯 山地 (Unsplash EIfSEvGdHQk)","Realistic photograph of a freestanding printed foamex directional sign with arrows and bilingual English and Arabic text pointing guests to a conference hall for a fictional summit, standing in a carpeted Dubai hotel corridor, warm ambient lighting, eye-level angle, fictional brand name, no real logos, no Flash Print Solution branding.","card:directional-signage"
"28","assets/images/products/catalog-items/directional-signage-1200.webp","1200","900","4:3","Category page – item card (no separate page)","/event-printing-dubai/","Freestanding printed arrow sign directing guests to a conference hall in a hotel corridor","Temporary stock","一颯 山地 (Unsplash EIfSEvGdHQk)","Realistic photograph of a freestanding printed foamex directional sign with arrows and bilingual English and Arabic text pointing guests to a conference hall for a fictional summit, standing in a carpeted Dubai hotel corridor, warm ambient lighting, eye-level angle, fictional brand name, no real logos, no Flash Print Solution branding.","card:directional-signage"
"29","assets/images/categories/indoor-signage-dubai-768.webp","768","512","3:2","Category page – top banner (also category cards)","/indoor-signage-dubai/","Brushed steel company logo on a dark stone wall behind a white office reception desk","Temporary stock","Wafiq Raza (Unsplash -1_q0o5I5D8)","Realistic commercial photograph of a modern Dubai office reception with a brushed stainless steel logo mounted on stand-off pins on a dark stone wall behind a white reception desk, soft warm downlighting, straight-on eye-level view, fictional brand name, no real logos, no Flash Print Solution branding","cat:indoor-signage"
"30","assets/images/categories/indoor-signage-dubai-1280.webp","1280","853","3:2","Category page – top banner (also category cards)","/indoor-signage-dubai/","Brushed steel company logo on a dark stone wall behind a white office reception desk","Temporary stock","Wafiq Raza (Unsplash -1_q0o5I5D8)","Realistic commercial photograph of a modern Dubai office reception with a brushed stainless steel logo mounted on stand-off pins on a dark stone wall behind a white reception desk, soft warm downlighting, straight-on eye-level view, fictional brand name, no real logos, no Flash Print Solution branding","cat:indoor-signage"
"31","assets/images/og/indoor-signage-dubai.jpg","1200","630","1.91:1","Social share preview (Facebook, WhatsApp, LinkedIn…) – JPG","/indoor-signage-dubai/","Brushed steel company logo on a dark stone wall behind a white office reception desk","Temporary stock","Wafiq Raza (Unsplash -1_q0o5I5D8)","Same photo as above, cropped to 1200 × 630","cat:indoor-signage"
"32","assets/images/products/catalog-items/foam-board-signs-640.webp","640","480","4:3","Category page – item card (no separate page)","/indoor-signage-dubai/","Printed foam board welcome sign on a black easel at a corporate event entrance","Temporary stock","Nicolas Hoizey (Unsplash fCgbFxWH4ss)","Realistic photograph of a printed white foam board welcome sign on a black easel at the entrance of a corporate event space in Dubai, clean full-colour graphics and crisp cut edges, soft natural light, three-quarter angle, fictional brand name, no real logos, no Flash Print Solution branding","card:foam-board-signs"
"33","assets/images/products/catalog-items/foam-board-signs-1200.webp","1200","900","4:3","Category page – item card (no separate page)","/indoor-signage-dubai/","Printed foam board welcome sign on a black easel at a corporate event entrance","Temporary stock","Nicolas Hoizey (Unsplash fCgbFxWH4ss)","Realistic photograph of a printed white foam board welcome sign on a black easel at the entrance of a corporate event space in Dubai, clean full-colour graphics and crisp cut edges, soft natural light, three-quarter angle, fictional brand name, no real logos, no Flash Print Solution branding","card:foam-board-signs"
"34","assets/images/categories/branding-corporate-identity-dubai-768.webp","768","512","3:2","Category page – top banner (also category cards)","/branding-corporate-identity-dubai/","Matching business cards, letterhead, folder and envelope for a fictional consultancy on a desk","Temporary stock","Testeur de CBD (Unsplash BfaZCp_lB8g)","Realistic overhead photograph of a coordinated corporate identity set for a fictional consultancy, business cards, letterhead, DL envelope, presentation folder and notepad in deep green and cream with gold foil logo, arranged on a light oak desk in a Dubai office, soft window light, fictional brand name, no real logos, no Flash Print Solution branding.","cat:branding-identity"
"35","assets/images/categories/branding-corporate-identity-dubai-1280.webp","1280","853","3:2","Category page – top banner (also category cards)","/branding-corporate-identity-dubai/","Matching business cards, letterhead, folder and envelope for a fictional consultancy on a desk","Temporary stock","Testeur de CBD (Unsplash BfaZCp_lB8g)","Realistic overhead photograph of a coordinated corporate identity set for a fictional consultancy, business cards, letterhead, DL envelope, presentation folder and notepad in deep green and cream with gold foil logo, arranged on a light oak desk in a Dubai office, soft window light, fictional brand name, no real logos, no Flash Print Solution branding.","cat:branding-identity"
"36","assets/images/og/branding-corporate-identity-dubai.jpg","1200","630","1.91:1","Social share preview (Facebook, WhatsApp, LinkedIn…) – JPG","/branding-corporate-identity-dubai/","Matching business cards, letterhead, folder and envelope for a fictional consultancy on a desk","Temporary stock","Testeur de CBD (Unsplash BfaZCp_lB8g)","Same photo as above, cropped to 1200 × 630","cat:branding-identity"
"37","assets/images/products/catalog-items/brand-manuals-640.webp","640","480","4:3","Category page – item card (no separate page)","/branding-corporate-identity-dubai/","Open wire-bound brand manual showing colour swatches and logo usage pages","Temporary stock","Brands&People (Unsplash V9zInThgKa4)","Realistic photograph of an open A4 landscape wire-bound brand manual for a fictional hospitality group, pages showing colour swatches, typography samples and logo spacing rules, resting on a white desk beside a pen, soft studio daylight, slight overhead angle, fictional brand name, no real logos, no Flash Print Solution branding.","card:brand-manuals"
"38","assets/images/products/catalog-items/brand-manuals-1200.webp","1200","900","4:3","Category page – item card (no separate page)","/branding-corporate-identity-dubai/","Open wire-bound brand manual showing colour swatches and logo usage pages","Temporary stock","Brands&People (Unsplash V9zInThgKa4)","Realistic photograph of an open A4 landscape wire-bound brand manual for a fictional hospitality group, pages showing colour swatches, typography samples and logo spacing rules, resting on a white desk beside a pen, soft studio daylight, slight overhead angle, fictional brand name, no real logos, no Flash Print Solution branding.","card:brand-manuals"
"39","assets/images/categories/vehicle-branding-dubai-768.webp","768","512","3:2","Category page – top banner (also category cards)","/vehicle-branding-dubai/","Row of white panel vans with matching blue and green courier livery","Temporary stock","Markus Winkler (Unsplash 3vlGNkDep4E)","Realistic commercial photograph of four white panel vans parked in a row outside a modern Dubai business park, each with matching blue and green partial wrap graphics for a fictional courier company, late afternoon light, three-quarter angle, crisp detail, fictional brand name, no real logos, no Flash Print Solution branding.","cat:vehicle-branding"
"40","assets/images/categories/vehicle-branding-dubai-1280.webp","1280","853","3:2","Category page – top banner (also category cards)","/vehicle-branding-dubai/","Row of white panel vans with matching blue and green courier livery","Temporary stock","Markus Winkler (Unsplash 3vlGNkDep4E)","Realistic commercial photograph of four white panel vans parked in a row outside a modern Dubai business park, each with matching blue and green partial wrap graphics for a fictional courier company, late afternoon light, three-quarter angle, crisp detail, fictional brand name, no real logos, no Flash Print Solution branding.","cat:vehicle-branding"
"41","assets/images/og/vehicle-branding-dubai.jpg","1200","630","1.91:1","Social share preview (Facebook, WhatsApp, LinkedIn…) – JPG","/vehicle-branding-dubai/","Row of white panel vans with matching blue and green courier livery","Temporary stock","Markus Winkler (Unsplash 3vlGNkDep4E)","Same photo as above, cropped to 1200 × 630","cat:vehicle-branding"
"42","assets/images/products/catalog-items/car-stickers-640.webp","640","480","4:3","Category page – item card (no separate page)","/vehicle-branding-dubai/","Hand applying white cut vinyl lettering with a fictional phone number to a car door","Temporary stock","Anton Tseiko (Unsplash sB-HbsQkc8A)","Realistic close-up photograph of a hand pressing white cut vinyl lettering onto the door of a dark grey hatchback using a felt squeegee, showing a fictional company name and phone number, soft daylight in a shaded garage, shallow depth of field, fictional brand name, no real logos, no Flash Print Solution branding.","card:car-stickers"
"43","assets/images/products/catalog-items/car-stickers-1200.webp","1200","900","4:3","Category page – item card (no separate page)","/vehicle-branding-dubai/","Hand applying white cut vinyl lettering with a fictional phone number to a car door","Temporary stock","Anton Tseiko (Unsplash sB-HbsQkc8A)","Realistic close-up photograph of a hand pressing white cut vinyl lettering onto the door of a dark grey hatchback using a felt squeegee, showing a fictional company name and phone number, soft daylight in a shaded garage, shallow depth of field, fictional brand name, no real logos, no Flash Print Solution branding.","card:car-stickers"
"44","assets/images/categories/sticker-label-printing-dubai-768.webp","768","512","3:2","Category page – top banner (also category cards)","/sticker-label-printing-dubai/","Assorted custom stickers and roll labels in different shapes spread across a light wooden table","Temporary stock","Didhin Kurian (Unsplash GupN8--SeRQ)","Realistic commercial flat-lay photograph of assorted custom stickers, die-cut logo stickers, clear seals and a roll of product labels arranged on a pale oak table in a bright Dubai studio, soft diffused daylight, top-down angle, fictional brand name, no real logos, no Flash Print Solution branding.","cat:stickers-labels"
"45","assets/images/categories/sticker-label-printing-dubai-1280.webp","1280","853","3:2","Category page – top banner (also category cards)","/sticker-label-printing-dubai/","Assorted custom stickers and roll labels in different shapes spread across a light wooden table","Temporary stock","Didhin Kurian (Unsplash GupN8--SeRQ)","Realistic commercial flat-lay photograph of assorted custom stickers, die-cut logo stickers, clear seals and a roll of product labels arranged on a pale oak table in a bright Dubai studio, soft diffused daylight, top-down angle, fictional brand name, no real logos, no Flash Print Solution branding.","cat:stickers-labels"
"46","assets/images/og/sticker-label-printing-dubai.jpg","1200","630","1.91:1","Social share preview (Facebook, WhatsApp, LinkedIn…) – JPG","/sticker-label-printing-dubai/","Assorted custom stickers and roll labels in different shapes spread across a light wooden table","Temporary stock","Didhin Kurian (Unsplash GupN8--SeRQ)","Same photo as above, cropped to 1200 × 630","cat:stickers-labels"
"47","assets/images/categories/apparel-fabric-printing-dubai-768.webp","768","512","3:2","Category page – top banner (also category cards)","/apparel-fabric-printing-dubai/","Folded printed t-shirts, embroidered polo shirts and a hoodie stacked on a workshop table","Temporary stock","Mnz (Unsplash AIE1_Kp5Zp4)","Realistic commercial photograph of neatly folded branded apparel on a workshop table: printed black and white t-shirts, navy polo shirts with embroidered chest logos and a grey hoodie, soft overhead light, 45-degree angle, fictional brand name, no real logos, no Flash Print Solution branding.","cat:apparel"
"48","assets/images/categories/apparel-fabric-printing-dubai-1280.webp","1280","853","3:2","Category page – top banner (also category cards)","/apparel-fabric-printing-dubai/","Folded printed t-shirts, embroidered polo shirts and a hoodie stacked on a workshop table","Temporary stock","Mnz (Unsplash AIE1_Kp5Zp4)","Realistic commercial photograph of neatly folded branded apparel on a workshop table: printed black and white t-shirts, navy polo shirts with embroidered chest logos and a grey hoodie, soft overhead light, 45-degree angle, fictional brand name, no real logos, no Flash Print Solution branding.","cat:apparel"
"49","assets/images/og/apparel-fabric-printing-dubai.jpg","1200","630","1.91:1","Social share preview (Facebook, WhatsApp, LinkedIn…) – JPG","/apparel-fabric-printing-dubai/","Folded printed t-shirts, embroidered polo shirts and a hoodie stacked on a workshop table","Temporary stock","Mnz (Unsplash AIE1_Kp5Zp4)","Same photo as above, cropped to 1200 × 630","cat:apparel"
"50","assets/images/products/catalog-items/doctor-cap-and-coat-640.webp","640","480","4:3","Category page – item card (no separate page)","/apparel-fabric-printing-dubai/","White lab coat with an embroidered fictional clinic logo on the chest pocket","Temporary stock","Sasun Bughdaryan (Unsplash RlIppR1I3E8)","Realistic product photograph of a white poly-cotton doctor's lab coat on a hanger, with a navy embroidered fictional clinic logo and name above the chest pocket, clean white clinic backdrop, soft even light, front angle, fictional brand name, no real logos, no Flash Print Solution branding.","card:doctor-cap-and-coat"
"51","assets/images/products/catalog-items/doctor-cap-and-coat-1200.webp","1200","900","4:3","Category page – item card (no separate page)","/apparel-fabric-printing-dubai/","White lab coat with an embroidered fictional clinic logo on the chest pocket","Temporary stock","Sasun Bughdaryan (Unsplash RlIppR1I3E8)","Realistic product photograph of a white poly-cotton doctor's lab coat on a hanger, with a navy embroidered fictional clinic logo and name above the chest pocket, clean white clinic backdrop, soft even light, front angle, fictional brand name, no real logos, no Flash Print Solution branding.","card:doctor-cap-and-coat"
"52","assets/images/products/catalog-items/doctor-uniform-medical-scrubs-640.webp","640","480","4:3","Category page – item card (no separate page)","/apparel-fabric-printing-dubai/","Teal medical scrubs with a small embroidered fictional logo folded on a counter","Temporary stock","Nappy (Unsplash vkqr2zpOPhQ)","Realistic product photograph of a folded teal medical scrub top and trousers with a small white embroidered fictional clinic logo on the chest, placed on a clean clinic counter, bright soft daylight, top-down angle, fictional brand name, no real logos, no Flash Print Solution branding.","card:doctor-uniform-medical-scrubs"
"53","assets/images/products/catalog-items/doctor-uniform-medical-scrubs-1200.webp","1200","900","4:3","Category page – item card (no separate page)","/apparel-fabric-printing-dubai/","Teal medical scrubs with a small embroidered fictional logo folded on a counter","Temporary stock","Nappy (Unsplash vkqr2zpOPhQ)","Realistic product photograph of a folded teal medical scrub top and trousers with a small white embroidered fictional clinic logo on the chest, placed on a clean clinic counter, bright soft daylight, top-down angle, fictional brand name, no real logos, no Flash Print Solution branding.","card:doctor-uniform-medical-scrubs"
"54","assets/images/products/catalog-items/hoodies-640.webp","640","480","4:3","Category page – item card (no separate page)","/apparel-fabric-printing-dubai/","Grey pullover hoodie with a printed fictional logo on the chest on a rail","Temporary stock","Kajetan Sumila (Unsplash RYHvzYdeoCI)","Realistic product photograph of a heather grey pullover hoodie with a printed navy fictional logo on the chest, hanging on a wooden clothes rail against a white brick wall, soft natural light, front angle, fictional brand name, no real logos, no Flash Print Solution branding.","card:hoodies"
"55","assets/images/products/catalog-items/hoodies-1200.webp","1200","900","4:3","Category page – item card (no separate page)","/apparel-fabric-printing-dubai/","Grey pullover hoodie with a printed fictional logo on the chest on a rail","Temporary stock","Kajetan Sumila (Unsplash RYHvzYdeoCI)","Realistic product photograph of a heather grey pullover hoodie with a printed navy fictional logo on the chest, hanging on a wooden clothes rail against a white brick wall, soft natural light, front angle, fictional brand name, no real logos, no Flash Print Solution branding.","card:hoodies"
"56","assets/images/products/catalog-items/polo-shirts-640.webp","640","480","4:3","Category page – item card (no separate page)","/apparel-fabric-printing-dubai/","Navy pique polo shirt with a white embroidered fictional logo on the left chest","Temporary stock","Lena Kudryavtseva (Unsplash itUsEU7GgDU)","Realistic product photograph of a folded navy pique cotton polo shirt with a white embroidered fictional logo on the left chest, on a light grey surface, soft studio lighting, slight top-down angle, fictional brand name, no real logos, no Flash Print Solution branding.","card:polo-shirts"
"57","assets/images/products/catalog-items/polo-shirts-1200.webp","1200","900","4:3","Category page – item card (no separate page)","/apparel-fabric-printing-dubai/","Navy pique polo shirt with a white embroidered fictional logo on the left chest","Temporary stock","Lena Kudryavtseva (Unsplash itUsEU7GgDU)","Realistic product photograph of a folded navy pique cotton polo shirt with a white embroidered fictional logo on the left chest, on a light grey surface, soft studio lighting, slight top-down angle, fictional brand name, no real logos, no Flash Print Solution branding.","card:polo-shirts"
"58","assets/images/categories/packaging-printing-dubai-768.webp","768","512","3:2","Category page – top banner (also category cards)","/packaging-printing-dubai/","Printed gift boxes, a laminated carrier bag and kraft bags with swing tags on display","Temporary stock","Giorgio Trovato (Unsplash bYhDEWgqYLM)","Realistic commercial photograph of a coordinated packaging set for a fictional fragrance brand: rigid gift box, folding carton, laminated paper carrier bag, kraft bag and foil swing tag arranged on a light stone display table, soft studio daylight, three-quarter angle, fictional brand name, no real logos, no Flash Print Solution branding.","cat:packaging"
"59","assets/images/categories/packaging-printing-dubai-1280.webp","1280","853","3:2","Category page – top banner (also category cards)","/packaging-printing-dubai/","Printed gift boxes, a laminated carrier bag and kraft bags with swing tags on display","Temporary stock","Giorgio Trovato (Unsplash bYhDEWgqYLM)","Realistic commercial photograph of a coordinated packaging set for a fictional fragrance brand: rigid gift box, folding carton, laminated paper carrier bag, kraft bag and foil swing tag arranged on a light stone display table, soft studio daylight, three-quarter angle, fictional brand name, no real logos, no Flash Print Solution branding.","cat:packaging"
"60","assets/images/og/packaging-printing-dubai.jpg","1200","630","1.91:1","Social share preview (Facebook, WhatsApp, LinkedIn…) – JPG","/packaging-printing-dubai/","Printed gift boxes, a laminated carrier bag and kraft bags with swing tags on display","Temporary stock","Giorgio Trovato (Unsplash bYhDEWgqYLM)","Same photo as above, cropped to 1200 × 630","cat:packaging"
"61","assets/images/categories/safety-industrial-printing-dubai-768.webp","768","512","3:2","Category page – top banner (also category cards)","/safety-industrial-printing-dubai/","Yellow warning and blue mandatory safety signs fixed to a warehouse wall beside pallet racking","Temporary stock","Troy Bridges (Unsplash -ru-WEZmA4Q)","Realistic commercial photograph of a clean warehouse wall with neatly mounted yellow warning, red prohibition and blue mandatory safety signs on white PVC boards, pallet racking and a yellow floor walkway line beside it, cool daylight from high windows, wide eye-level view, fictional brand name, no real logos, no Flash Print Solution branding.","cat:safety-industrial"
"62","assets/images/categories/safety-industrial-printing-dubai-1280.webp","1280","853","3:2","Category page – top banner (also category cards)","/safety-industrial-printing-dubai/","Yellow warning and blue mandatory safety signs fixed to a warehouse wall beside pallet racking","Temporary stock","Troy Bridges (Unsplash -ru-WEZmA4Q)","Realistic commercial photograph of a clean warehouse wall with neatly mounted yellow warning, red prohibition and blue mandatory safety signs on white PVC boards, pallet racking and a yellow floor walkway line beside it, cool daylight from high windows, wide eye-level view, fictional brand name, no real logos, no Flash Print Solution branding.","cat:safety-industrial"
"63","assets/images/og/safety-industrial-printing-dubai.jpg","1200","630","1.91:1","Social share preview (Facebook, WhatsApp, LinkedIn…) – JPG","/safety-industrial-printing-dubai/","Yellow warning and blue mandatory safety signs fixed to a warehouse wall beside pallet racking","Temporary stock","Troy Bridges (Unsplash -ru-WEZmA4Q)","Same photo as above, cropped to 1200 × 630","cat:safety-industrial"
"64","assets/images/products/catalog-items/construction-boards-640.webp","640","480","4:3","Category page – item card (no separate page)","/safety-industrial-printing-dubai/","Printed site rules board cable-tied to temporary mesh fencing in a sandy yard","Temporary stock","Fr0ggy5 (Unsplash 2rb63Q9EeXo)","Realistic commercial photograph of a white printed ACP board listing site rules and hazard icons, cable-tied to temporary mesh fencing at a sandy Dubai laydown yard, stacked materials behind, bright late-afternoon sun, three-quarter angle at eye level, fictional brand name, no real logos, no Flash Print Solution branding.","card:construction-boards"
"65","assets/images/products/catalog-items/construction-boards-1200.webp","1200","900","4:3","Category page – item card (no separate page)","/safety-industrial-printing-dubai/","Printed site rules board cable-tied to temporary mesh fencing in a sandy yard","Temporary stock","Fr0ggy5 (Unsplash 2rb63Q9EeXo)","Realistic commercial photograph of a white printed ACP board listing site rules and hazard icons, cable-tied to temporary mesh fencing at a sandy Dubai laydown yard, stacked materials behind, bright late-afternoon sun, three-quarter angle at eye level, fictional brand name, no real logos, no Flash Print Solution branding.","card:construction-boards"
"66","assets/images/products/catalog-items/floor-stickers-640.webp","640","480","4:3","Category page – item card (no separate page)","/safety-industrial-printing-dubai/","Yellow anti-slip floor sticker with a walking figure on a grey warehouse floor","Temporary stock","Luna A (Unsplash HPIE8xxjONs)","Realistic commercial photograph of a yellow and black anti-slip floor sticker showing a pedestrian symbol and arrow on a polished grey epoxy warehouse floor, forklift softly out of focus in the background, even overhead lighting, low camera angle close to the floor, fictional brand name, no real logos, no Flash Print Solution branding.","card:floor-stickers"
"67","assets/images/products/catalog-items/floor-stickers-1200.webp","1200","900","4:3","Category page – item card (no separate page)","/safety-industrial-printing-dubai/","Yellow anti-slip floor sticker with a walking figure on a grey warehouse floor","Temporary stock","Luna A (Unsplash HPIE8xxjONs)","Realistic commercial photograph of a yellow and black anti-slip floor sticker showing a pedestrian symbol and arrow on a polished grey epoxy warehouse floor, forklift softly out of focus in the background, even overhead lighting, low camera angle close to the floor, fictional brand name, no real logos, no Flash Print Solution branding.","card:floor-stickers"
"68","assets/images/categories/laser-cutting-engraving-dubai-768.webp","768","512","3:2","Category page – top banner (also category cards)","/laser-cutting-engraving-dubai/","Laser-cut acrylic letters, engraved wooden plaque and metal name plate arranged on a workbench","Temporary stock","arman khadangan (Unsplash TUwbs83-WqQ)","Realistic commercial photograph of laser-cut products on a workshop bench: glossy black and mirror-gold acrylic letters, an engraved walnut plaque and a brushed steel name plate, soft overhead workshop light, 45-degree angle, fictional brand name, no real logos, no Flash Print Solution branding.","cat:laser-engraving"
"69","assets/images/categories/laser-cutting-engraving-dubai-1280.webp","1280","853","3:2","Category page – top banner (also category cards)","/laser-cutting-engraving-dubai/","Laser-cut acrylic letters, engraved wooden plaque and metal name plate arranged on a workbench","Temporary stock","arman khadangan (Unsplash TUwbs83-WqQ)","Realistic commercial photograph of laser-cut products on a workshop bench: glossy black and mirror-gold acrylic letters, an engraved walnut plaque and a brushed steel name plate, soft overhead workshop light, 45-degree angle, fictional brand name, no real logos, no Flash Print Solution branding.","cat:laser-engraving"
"70","assets/images/og/laser-cutting-engraving-dubai.jpg","1200","630","1.91:1","Social share preview (Facebook, WhatsApp, LinkedIn…) – JPG","/laser-cutting-engraving-dubai/","Laser-cut acrylic letters, engraved wooden plaque and metal name plate arranged on a workbench","Temporary stock","arman khadangan (Unsplash TUwbs83-WqQ)","Same photo as above, cropped to 1200 × 630","cat:laser-engraving"
"71","assets/images/products/catalog-items/mdf-cutting-640.webp","640","480","4:3","Category page – item card (no separate page)","/laser-cutting-engraving-dubai/","Laser-cut MDF letters and decorative shapes with darkened edges stacked on a bench","Temporary stock","Joey Zhou (Unsplash HxmsNNYAZ0E)","Realistic commercial photograph of laser-cut 6 mm MDF letters and geometric decorative panels with darkened cut edges, stacked on a workshop bench beside an offcut sheet, warm soft light, three-quarter angle, fictional brand name, no real logos, no Flash Print Solution branding.","card:mdf-cutting"
"72","assets/images/products/catalog-items/mdf-cutting-1200.webp","1200","900","4:3","Category page – item card (no separate page)","/laser-cutting-engraving-dubai/","Laser-cut MDF letters and decorative shapes with darkened edges stacked on a bench","Temporary stock","Joey Zhou (Unsplash HxmsNNYAZ0E)","Realistic commercial photograph of laser-cut 6 mm MDF letters and geometric decorative panels with darkened cut edges, stacked on a workshop bench beside an offcut sheet, warm soft light, three-quarter angle, fictional brand name, no real logos, no Flash Print Solution branding.","card:mdf-cutting"
"73","assets/images/categories/pos-retail-display-printing-dubai-768.webp","768","512","3:2","Category page – top banner (also category cards)","/pos-retail-display-printing-dubai/","Supermarket aisle with printed end-cap header, shelf strips and wobblers for a snack brand","Temporary stock","Franki Chamaki (Unsplash ivfp_yxZuYQ)","Realistic retail photograph of a bright supermarket aisle end with a printed header board, red shelf-edge strips, circular wobblers and a cut-out standee promoting a fictional snack brand, neatly stocked shelves, even store lighting, eye-level angle from the main walkway, fictional brand name, no real logos, no Flash Print Solution branding.","cat:pos-retail"
"74","assets/images/categories/pos-retail-display-printing-dubai-1280.webp","1280","853","3:2","Category page – top banner (also category cards)","/pos-retail-display-printing-dubai/","Supermarket aisle with printed end-cap header, shelf strips and wobblers for a snack brand","Temporary stock","Franki Chamaki (Unsplash ivfp_yxZuYQ)","Realistic retail photograph of a bright supermarket aisle end with a printed header board, red shelf-edge strips, circular wobblers and a cut-out standee promoting a fictional snack brand, neatly stocked shelves, even store lighting, eye-level angle from the main walkway, fictional brand name, no real logos, no Flash Print Solution branding.","cat:pos-retail"
"75","assets/images/og/pos-retail-display-printing-dubai.jpg","1200","630","1.91:1","Social share preview (Facebook, WhatsApp, LinkedIn…) – JPG","/pos-retail-display-printing-dubai/","Supermarket aisle with printed end-cap header, shelf strips and wobblers for a snack brand","Temporary stock","Franki Chamaki (Unsplash ivfp_yxZuYQ)","Same photo as above, cropped to 1200 × 630","cat:pos-retail"
"76","assets/images/categories/wall-floor-glass-branding-dubai-768.webp","768","512","3:2","Category page – top banner (also category cards)","/wall-floor-glass-branding-dubai/","Glass meeting room with a frosted film band and cut logo in a bright office","Temporary stock","Craig Lovelidge (Unsplash -2Khf-1qoCA)","Realistic commercial photograph of a glass-walled meeting room in a bright Dubai office, frosted film band at eye level with a clear cut-out logo, colourful printed wall mural visible behind, polished floor, natural daylight, wide three-quarter view, fictional brand name, no real logos, no Flash Print Solution branding","cat:wall-floor-glass"
"77","assets/images/categories/wall-floor-glass-branding-dubai-1280.webp","1280","853","3:2","Category page – top banner (also category cards)","/wall-floor-glass-branding-dubai/","Glass meeting room with a frosted film band and cut logo in a bright office","Temporary stock","Craig Lovelidge (Unsplash -2Khf-1qoCA)","Realistic commercial photograph of a glass-walled meeting room in a bright Dubai office, frosted film band at eye level with a clear cut-out logo, colourful printed wall mural visible behind, polished floor, natural daylight, wide three-quarter view, fictional brand name, no real logos, no Flash Print Solution branding","cat:wall-floor-glass"
"78","assets/images/og/wall-floor-glass-branding-dubai.jpg","1200","630","1.91:1","Social share preview (Facebook, WhatsApp, LinkedIn…) – JPG","/wall-floor-glass-branding-dubai/","Glass meeting room with a frosted film band and cut logo in a bright office","Temporary stock","Craig Lovelidge (Unsplash -2Khf-1qoCA)","Same photo as above, cropped to 1200 × 630","cat:wall-floor-glass"
"79","assets/images/categories/construction-site-printing-dubai-768.webp","768","512","3:2","Category page – top banner (also category cards)","/construction-site-printing-dubai/","Printed hoarding with a building render and safety messages along a construction site","Temporary stock","John Cameron (Unsplash 9feFICPEzQE)","Realistic commercial photograph of a long printed construction hoarding along a Dubai pavement, showing a residential tower render and simple safety messages, tower cranes rising behind, clear blue sky and bright afternoon sun, wide street-level angle, fictional brand name, no real logos, no Flash Print Solution branding.","cat:construction-site"
"80","assets/images/categories/construction-site-printing-dubai-1280.webp","1280","853","3:2","Category page – top banner (also category cards)","/construction-site-printing-dubai/","Printed hoarding with a building render and safety messages along a construction site","Temporary stock","John Cameron (Unsplash 9feFICPEzQE)","Realistic commercial photograph of a long printed construction hoarding along a Dubai pavement, showing a residential tower render and simple safety messages, tower cranes rising behind, clear blue sky and bright afternoon sun, wide street-level angle, fictional brand name, no real logos, no Flash Print Solution branding.","cat:construction-site"
"81","assets/images/og/construction-site-printing-dubai.jpg","1200","630","1.91:1","Social share preview (Facebook, WhatsApp, LinkedIn…) – JPG","/construction-site-printing-dubai/","Printed hoarding with a building render and safety messages along a construction site","Temporary stock","John Cameron (Unsplash 9feFICPEzQE)","Same photo as above, cropped to 1200 × 630","cat:construction-site"
"82","assets/images/categories/architectural-interior-graphics-dubai-768.webp","768","512","3:2","Category page – top banner (also category cards)","/architectural-interior-graphics-dubai/","Hotel corridor with custom printed geometric wallpaper and framed canvas artwork","Temporary stock","Piotr Rogalski (Unsplash VWFv6Ipq6M4)","Realistic interior photograph of a Dubai hotel corridor lined with custom printed geometric wallpaper in muted gold and teal, framed canvas artworks between guest room doors, warm wall-washer lighting, carpeted floor, one-point perspective, fictional brand name, no real logos, no Flash Print Solution branding","cat:interior-graphics"
"83","assets/images/categories/architectural-interior-graphics-dubai-1280.webp","1280","853","3:2","Category page – top banner (also category cards)","/architectural-interior-graphics-dubai/","Hotel corridor with custom printed geometric wallpaper and framed canvas artwork","Temporary stock","Piotr Rogalski (Unsplash VWFv6Ipq6M4)","Realistic interior photograph of a Dubai hotel corridor lined with custom printed geometric wallpaper in muted gold and teal, framed canvas artworks between guest room doors, warm wall-washer lighting, carpeted floor, one-point perspective, fictional brand name, no real logos, no Flash Print Solution branding","cat:interior-graphics"
"84","assets/images/og/architectural-interior-graphics-dubai.jpg","1200","630","1.91:1","Social share preview (Facebook, WhatsApp, LinkedIn…) – JPG","/architectural-interior-graphics-dubai/","Hotel corridor with custom printed geometric wallpaper and framed canvas artwork","Temporary stock","Piotr Rogalski (Unsplash VWFv6Ipq6M4)","Same photo as above, cropped to 1200 × 630","cat:interior-graphics"
"85","assets/images/categories/educational-institutional-printing-dubai-768.webp","768","512","3:2","Category page – top banner (also category cards)","/educational-institutional-printing-dubai/","Printed graduation certificates, student ID cards and a bound training manual arranged on a desk","Temporary stock","Milos Lopusina (Unsplash Oe8Q-mzNUT4)","Realistic commercial photograph of school print materials on a light oak desk: cream certificates with gold foil seals, white PVC student ID cards on blue lanyards and a wire-bound training manual. Soft window daylight, three-quarter overhead angle, shallow depth of field. Fictional brand name, no real logos, no Flash Print Solution branding.","cat:educational"
"86","assets/images/categories/educational-institutional-printing-dubai-1280.webp","1280","853","3:2","Category page – top banner (also category cards)","/educational-institutional-printing-dubai/","Printed graduation certificates, student ID cards and a bound training manual arranged on a desk","Temporary stock","Milos Lopusina (Unsplash Oe8Q-mzNUT4)","Realistic commercial photograph of school print materials on a light oak desk: cream certificates with gold foil seals, white PVC student ID cards on blue lanyards and a wire-bound training manual. Soft window daylight, three-quarter overhead angle, shallow depth of field. Fictional brand name, no real logos, no Flash Print Solution branding.","cat:educational"
"87","assets/images/og/educational-institutional-printing-dubai.jpg","1200","630","1.91:1","Social share preview (Facebook, WhatsApp, LinkedIn…) – JPG","/educational-institutional-printing-dubai/","Printed graduation certificates, student ID cards and a bound training manual arranged on a desk","Temporary stock","Milos Lopusina (Unsplash Oe8Q-mzNUT4)","Same photo as above, cropped to 1200 × 630","cat:educational"
"88","assets/images/categories/hospitality-printing-dubai-768.webp","768","512","3:2","Category page – top banner (also category cards)","/hospitality-printing-dubai/","Restaurant table set with printed menus, a table mat and a tent card","Temporary stock","Hitesh Dewasi (Unsplash 5JwBbnyZzfc)","Realistic commercial photograph of a hotel restaurant table in Dubai set with a laminated printed menu, a paper table mat and a small tent card, soft warm evening light, cutlery and glassware, shallow depth of field, three-quarter overhead angle, fictional brand name, no real logos, no Flash Print Solution branding.","cat:hospitality"
"89","assets/images/categories/hospitality-printing-dubai-1280.webp","1280","853","3:2","Category page – top banner (also category cards)","/hospitality-printing-dubai/","Restaurant table set with printed menus, a table mat and a tent card","Temporary stock","Hitesh Dewasi (Unsplash 5JwBbnyZzfc)","Realistic commercial photograph of a hotel restaurant table in Dubai set with a laminated printed menu, a paper table mat and a small tent card, soft warm evening light, cutlery and glassware, shallow depth of field, three-quarter overhead angle, fictional brand name, no real logos, no Flash Print Solution branding.","cat:hospitality"
"90","assets/images/og/hospitality-printing-dubai.jpg","1200","630","1.91:1","Social share preview (Facebook, WhatsApp, LinkedIn…) – JPG","/hospitality-printing-dubai/","Restaurant table set with printed menus, a table mat and a tent card","Temporary stock","Hitesh Dewasi (Unsplash 5JwBbnyZzfc)","Same photo as above, cropped to 1200 × 630","cat:hospitality"
"91","assets/images/products/catalog-items/room-signage-640.webp","640","480","4:3","Category page – item card (no separate page)","/hospitality-printing-dubai/","Brushed metal hotel room number plate mounted beside a wooden door in a corridor","Temporary stock","Scarbor Siu (Unsplash L8iSJg97KUc)","Realistic commercial photograph of a brushed aluminium room number plate with engraved numerals mounted beside a dark wooden door in a quiet hotel corridor in Dubai, warm wall-light glow, carpeted floor, eye-level three-quarter angle, fictional brand name, no real logos, no Flash Print Solution branding.","card:room-signage"
"92","assets/images/products/catalog-items/room-signage-1200.webp","1200","900","4:3","Category page – item card (no separate page)","/hospitality-printing-dubai/","Brushed metal hotel room number plate mounted beside a wooden door in a corridor","Temporary stock","Scarbor Siu (Unsplash L8iSJg97KUc)","Realistic commercial photograph of a brushed aluminium room number plate with engraved numerals mounted beside a dark wooden door in a quiet hotel corridor in Dubai, warm wall-light glow, carpeted floor, eye-level three-quarter angle, fictional brand name, no real logos, no Flash Print Solution branding.","card:room-signage"
"93","assets/images/categories/healthcare-medical-printing-dubai-768.webp","768","512","3:2","Category page – top banner (also category cards)","/healthcare-medical-printing-dubai/","Clinic corridor with bilingual department signs and a patient information board","Temporary stock","Tasha Kostyuk (Unsplash Pk-KuizxQv8)","Realistic commercial photograph of a bright, modern Dubai clinic corridor with white acrylic bilingual department signs, a projecting corridor sign and a wall-mounted patient information board, pale floors and soft daylight, calm atmosphere, wide eye-level perspective, fictional brand name, no real logos, no Flash Print Solution branding.","cat:healthcare-medical"
"94","assets/images/categories/healthcare-medical-printing-dubai-1280.webp","1280","853","3:2","Category page – top banner (also category cards)","/healthcare-medical-printing-dubai/","Clinic corridor with bilingual department signs and a patient information board","Temporary stock","Tasha Kostyuk (Unsplash Pk-KuizxQv8)","Realistic commercial photograph of a bright, modern Dubai clinic corridor with white acrylic bilingual department signs, a projecting corridor sign and a wall-mounted patient information board, pale floors and soft daylight, calm atmosphere, wide eye-level perspective, fictional brand name, no real logos, no Flash Print Solution branding.","cat:healthcare-medical"
"95","assets/images/og/healthcare-medical-printing-dubai.jpg","1200","630","1.91:1","Social share preview (Facebook, WhatsApp, LinkedIn…) – JPG","/healthcare-medical-printing-dubai/","Clinic corridor with bilingual department signs and a patient information board","Temporary stock","Tasha Kostyuk (Unsplash Pk-KuizxQv8)","Same photo as above, cropped to 1200 × 630","cat:healthcare-medical"
"96","assets/images/categories/government-compliance-printing-dubai-768.webp","768","512","3:2","Category page – top banner (also category cards)","/government-compliance-printing-dubai/","Bilingual building identification board in brushed aluminium at a facility entrance","Temporary stock","Jack Young (Unsplash 4_SiciNWLYg)","Realistic commercial photograph of a brushed aluminium building identification board with English and Arabic lettering and a building number for a fictional facility, mounted beside a glass entrance of a modern Dubai office building, clean paving, soft morning light, eye-level three-quarter angle, fictional brand name, no real logos, no Flash Print Solution branding.","cat:government-compliance"
"97","assets/images/categories/government-compliance-printing-dubai-1280.webp","1280","853","3:2","Category page – top banner (also category cards)","/government-compliance-printing-dubai/","Bilingual building identification board in brushed aluminium at a facility entrance","Temporary stock","Jack Young (Unsplash 4_SiciNWLYg)","Realistic commercial photograph of a brushed aluminium building identification board with English and Arabic lettering and a building number for a fictional facility, mounted beside a glass entrance of a modern Dubai office building, clean paving, soft morning light, eye-level three-quarter angle, fictional brand name, no real logos, no Flash Print Solution branding.","cat:government-compliance"
"98","assets/images/og/government-compliance-printing-dubai.jpg","1200","630","1.91:1","Social share preview (Facebook, WhatsApp, LinkedIn…) – JPG","/government-compliance-printing-dubai/","Bilingual building identification board in brushed aluminium at a facility entrance","Temporary stock","Jack Young (Unsplash 4_SiciNWLYg)","Same photo as above, cropped to 1200 × 630","cat:government-compliance"
"99","assets/images/categories/sticker-materials-dubai-768.webp","768","512","3:2","Category page – top banner (also category cards)","/sticker-materials-dubai/","Sticker material samples in paper, clear film, vinyl and reflective sheet fanned across a table","Temporary stock","Jaime Nugent (Unsplash sVouPQ4YGJI)","Realistic commercial photograph of sticker material swatches fanned out on a light grey table: kraft paper, semi-gloss paper, clear film, white vinyl, silver reflective sheet and a flexible magnet, soft studio daylight, top-down angle, fictional brand name, no real logos, no Flash Print Solution branding.","cat:sticker-materials"
"100","assets/images/categories/sticker-materials-dubai-1280.webp","1280","853","3:2","Category page – top banner (also category cards)","/sticker-materials-dubai/","Sticker material samples in paper, clear film, vinyl and reflective sheet fanned across a table","Temporary stock","Jaime Nugent (Unsplash sVouPQ4YGJI)","Realistic commercial photograph of sticker material swatches fanned out on a light grey table: kraft paper, semi-gloss paper, clear film, white vinyl, silver reflective sheet and a flexible magnet, soft studio daylight, top-down angle, fictional brand name, no real logos, no Flash Print Solution branding.","cat:sticker-materials"
"101","assets/images/og/sticker-materials-dubai.jpg","1200","630","1.91:1","Social share preview (Facebook, WhatsApp, LinkedIn…) – JPG","/sticker-materials-dubai/","Sticker material samples in paper, clear film, vinyl and reflective sheet fanned across a table","Temporary stock","Jaime Nugent (Unsplash sVouPQ4YGJI)","Same photo as above, cropped to 1200 × 630","cat:sticker-materials"
"102","assets/images/categories/fabrication-installation-services-dubai-768.webp","768","512","3:2","Category page – top banner (also category cards)","/fabrication-installation-services-dubai/","Installation team fixing illuminated letters to a shopfront fascia from a mobile platform","Temporary stock","Rick Hyne (Unsplash mXw7ZerfCsI)","Realistic commercial photograph of two installers on a mobile elevated platform fixing illuminated acrylic letters to a modern shopfront fascia in a Dubai retail street, late afternoon light, hi-vis vests, low angle looking up. Fictional brand name, no real logos, no Flash Print Solution branding.","cat:fabrication-installation"
"103","assets/images/categories/fabrication-installation-services-dubai-1280.webp","1280","853","3:2","Category page – top banner (also category cards)","/fabrication-installation-services-dubai/","Installation team fixing illuminated letters to a shopfront fascia from a mobile platform","Temporary stock","Rick Hyne (Unsplash mXw7ZerfCsI)","Realistic commercial photograph of two installers on a mobile elevated platform fixing illuminated acrylic letters to a modern shopfront fascia in a Dubai retail street, late afternoon light, hi-vis vests, low angle looking up. Fictional brand name, no real logos, no Flash Print Solution branding.","cat:fabrication-installation"
"104","assets/images/og/fabrication-installation-services-dubai.jpg","1200","630","1.91:1","Social share preview (Facebook, WhatsApp, LinkedIn…) – JPG","/fabrication-installation-services-dubai/","Installation team fixing illuminated letters to a shopfront fascia from a mobile platform","Temporary stock","Rick Hyne (Unsplash mXw7ZerfCsI)","Same photo as above, cropped to 1200 × 630","cat:fabrication-installation"
"105","assets/images/products/catalog-items/sticker-fixing-640.webp","640","480","4:3","Category page – item card (no separate page)","/fabrication-installation-services-dubai/","Installer applying a white vinyl logo sticker to a glass office door with a squeegee","Temporary stock","Zon Dasein (Unsplash QEQfxWsxgR8)","Realistic close-up commercial photograph of an installer's hands applying a white cut-vinyl logo to a glass office door with a felt-edged squeegee, application tape half peeled, bright modern Dubai office interior softly blurred behind. Fictional brand name, no real logos, no Flash Print Solution branding.","card:sticker-fixing"
"106","assets/images/products/catalog-items/sticker-fixing-1200.webp","1200","900","4:3","Category page – item card (no separate page)","/fabrication-installation-services-dubai/","Installer applying a white vinyl logo sticker to a glass office door with a squeegee","Temporary stock","Zon Dasein (Unsplash QEQfxWsxgR8)","Realistic close-up commercial photograph of an installer's hands applying a white cut-vinyl logo to a glass office door with a felt-edged squeegee, application tape half peeled, bright modern Dubai office interior softly blurred behind. Fictional brand name, no real logos, no Flash Print Solution branding.","card:sticker-fixing"
"107","assets/images/categories/design-creative-services-dubai-768.webp","768","512","3:2","Category page – top banner (also category cards)","/design-creative-services-dubai/","Designer working on print artwork at a large monitor with colour swatches on the desk","Temporary stock","Faizur Rehman (Unsplash pHPzdEHN6Os)","Realistic photograph of a designer preparing brochure and signage artwork on a large monitor in a bright Dubai studio, printed proofs and Pantone-style colour swatch fans on the desk, soft daylight, over-the-shoulder angle, fictional brand name, no real logos, no Flash Print Solution branding.","cat:design-creative"
"108","assets/images/categories/design-creative-services-dubai-1280.webp","1280","853","3:2","Category page – top banner (also category cards)","/design-creative-services-dubai/","Designer working on print artwork at a large monitor with colour swatches on the desk","Temporary stock","Faizur Rehman (Unsplash pHPzdEHN6Os)","Realistic photograph of a designer preparing brochure and signage artwork on a large monitor in a bright Dubai studio, printed proofs and Pantone-style colour swatch fans on the desk, soft daylight, over-the-shoulder angle, fictional brand name, no real logos, no Flash Print Solution branding.","cat:design-creative"
"109","assets/images/og/design-creative-services-dubai.jpg","1200","630","1.91:1","Social share preview (Facebook, WhatsApp, LinkedIn…) – JPG","/design-creative-services-dubai/","Designer working on print artwork at a large monitor with colour swatches on the desk","Temporary stock","Faizur Rehman (Unsplash pHPzdEHN6Os)","Same photo as above, cropped to 1200 × 630","cat:design-creative"
"110","assets/images/products/catalog-items/sign-maintenance-640.webp","640","480","4:3","Category page – item card (no separate page)","/design-creative-services-dubai/","Technician on a ladder cleaning and inspecting an illuminated shop front sign","Temporary stock","Nel Ranoko (Unsplash NDa8XB1zckw)","Realistic photograph of a technician on a ladder cleaning and inspecting an illuminated shop front sign with fictional lettering on a Dubai street, safety harness and tool bag visible, bright daytime light, low angle, fictional brand name, no real logos, no Flash Print Solution branding.","card:sign-maintenance"
"111","assets/images/products/catalog-items/sign-maintenance-1200.webp","1200","900","4:3","Category page – item card (no separate page)","/design-creative-services-dubai/","Technician on a ladder cleaning and inspecting an illuminated shop front sign","Temporary stock","Nel Ranoko (Unsplash NDa8XB1zckw)","Realistic photograph of a technician on a ladder cleaning and inspecting an illuminated shop front sign with fictional lettering on a Dubai street, safety harness and tool bag visible, bright daytime light, low angle, fictional brand name, no real logos, no Flash Print Solution branding.","card:sign-maintenance"
"112","assets/images/categories/maintenance-replacement-services-dubai-768.webp","768","512","3:2","Category page – top banner (also category cards)","/maintenance-replacement-services-dubai/","Technician replacing a faded printed face on an illuminated shop light box sign","Temporary stock","Marianna Krzakiewicz (Unsplash 6N8oj64ebyA)","Realistic commercial photograph of a technician on a ladder removing a sun-faded printed face from an illuminated light box sign above a small Dubai shopfront, new bright face panel leaning against the ladder, clear morning light, medium-wide angle. Fictional brand name, no real logos, no Flash Print Solution branding.","cat:maintenance-replacement"
"113","assets/images/categories/maintenance-replacement-services-dubai-1280.webp","1280","853","3:2","Category page – top banner (also category cards)","/maintenance-replacement-services-dubai/","Technician replacing a faded printed face on an illuminated shop light box sign","Temporary stock","Marianna Krzakiewicz (Unsplash 6N8oj64ebyA)","Realistic commercial photograph of a technician on a ladder removing a sun-faded printed face from an illuminated light box sign above a small Dubai shopfront, new bright face panel leaning against the ladder, clear morning light, medium-wide angle. Fictional brand name, no real logos, no Flash Print Solution branding.","cat:maintenance-replacement"
"114","assets/images/og/maintenance-replacement-services-dubai.jpg","1200","630","1.91:1","Social share preview (Facebook, WhatsApp, LinkedIn…) – JPG","/maintenance-replacement-services-dubai/","Technician replacing a faded printed face on an illuminated shop light box sign","Temporary stock","Marianna Krzakiewicz (Unsplash 6N8oj64ebyA)","Same photo as above, cropped to 1200 × 630","cat:maintenance-replacement"
"115","assets/images/products/gold-foil-business-card-printing-dubai/gold-foil-business-card-printing-dubai-hero-640.webp","640","480","4:3","Product page – main photo (gallery 1)","/gold-foil-business-card-printing-dubai/","Black business cards with gold foil lettering fanned out on white marble","Temporary stock","Jess Bailey (Unsplash s_bUB9FYRUc)","Realistic commercial product photograph of thick black business cards with shiny gold foil lettering and a foil logo, fanned out on a white marble surface, soft studio lighting with a gentle highlight on the foil, top-down angle, fictional brand name, no real logos, no Flash Print Solution branding.","p:gold-foil-business-card-printing-dubai:hero"
"116","assets/images/products/gold-foil-business-card-printing-dubai/gold-foil-business-card-printing-dubai-hero-1200.webp","1200","900","4:3","Product page – main photo (gallery 1)","/gold-foil-business-card-printing-dubai/","Black business cards with gold foil lettering fanned out on white marble","Temporary stock","Jess Bailey (Unsplash s_bUB9FYRUc)","Realistic commercial product photograph of thick black business cards with shiny gold foil lettering and a foil logo, fanned out on a white marble surface, soft studio lighting with a gentle highlight on the foil, top-down angle, fictional brand name, no real logos, no Flash Print Solution branding.","p:gold-foil-business-card-printing-dubai:hero"
"117","assets/images/og/gold-foil-business-card-printing-dubai-hero.jpg","1200","630","1.91:1","Social share preview (Facebook, WhatsApp, LinkedIn…) – JPG","/gold-foil-business-card-printing-dubai/","Black business cards with gold foil lettering fanned out on white marble","Temporary stock","Jess Bailey (Unsplash s_bUB9FYRUc)","Same photo as above, cropped to 1200 × 630","p:gold-foil-business-card-printing-dubai:hero"
"118","assets/images/products/gold-foil-business-card-printing-dubai/gold-foil-business-card-printing-dubai-detail-640.webp","640","480","4:3","Product page – material / finish close-up (gallery 2)","/gold-foil-business-card-printing-dubai/","Macro view of a gold foil logo pressed into black soft-touch card","Temporary stock","Brett Jordan (Unsplash gkpAyNvaB9w)","Macro commercial photograph of a hot-foil stamped gold logo pressed into black soft-touch card, showing the slight impression and reflective foil edge, raking light across the surface, very shallow depth of field, fictional brand name, no real logos, no Flash Print Solution branding.","p:gold-foil-business-card-printing-dubai:detail"
"119","assets/images/products/gold-foil-business-card-printing-dubai/gold-foil-business-card-printing-dubai-detail-1200.webp","1200","900","4:3","Product page – material / finish close-up (gallery 2)","/gold-foil-business-card-printing-dubai/","Macro view of a gold foil logo pressed into black soft-touch card","Temporary stock","Brett Jordan (Unsplash gkpAyNvaB9w)","Macro commercial photograph of a hot-foil stamped gold logo pressed into black soft-touch card, showing the slight impression and reflective foil edge, raking light across the surface, very shallow depth of field, fictional brand name, no real logos, no Flash Print Solution branding.","p:gold-foil-business-card-printing-dubai:detail"
"120","assets/images/products/gold-foil-business-card-printing-dubai/gold-foil-business-card-printing-dubai-application-640.webp","640","480","4:3","Product page – product in use (gallery 3 + “Where it’s used”)","/gold-foil-business-card-printing-dubai/","Hand holding a gold foil business card at a hotel reception desk","Temporary stock","Taylor Cole (Unsplash HRIL6-6lbm4)","Realistic photograph of a hand presenting a navy business card with gold foil details at a polished hotel reception desk in Dubai, warm ambient lighting, blurred lobby in the background, eye-level angle, fictional brand name, no real logos, no Flash Print Solution branding.","p:gold-foil-business-card-printing-dubai:application"
"121","assets/images/products/gold-foil-business-card-printing-dubai/gold-foil-business-card-printing-dubai-application-1200.webp","1200","900","4:3","Product page – product in use (gallery 3 + “Where it’s used”)","/gold-foil-business-card-printing-dubai/","Hand holding a gold foil business card at a hotel reception desk","Temporary stock","Taylor Cole (Unsplash HRIL6-6lbm4)","Realistic photograph of a hand presenting a navy business card with gold foil details at a polished hotel reception desk in Dubai, warm ambient lighting, blurred lobby in the background, eye-level angle, fictional brand name, no real logos, no Flash Print Solution branding.","p:gold-foil-business-card-printing-dubai:application"
"122","assets/images/products/gold-foil-business-card-printing-dubai/gold-foil-business-card-printing-dubai-production-640.webp","640","480","4:3","Product page – production / finishing (gallery 4)","/gold-foil-business-card-printing-dubai/","Hot-foil stamping or embossing detail being applied to card stock","Temporary stock (shared production photo)","Brett Jordan (Unsplash dTmzpaE5Uis)","Photorealistic commercial photograph of business cards and gold foil production: Hot-foil stamping or embossing detail being applied to card stock. Clean, well-lit Dubai print workshop, 4:3 landscape. Fictional brand names only, no real logos, no Flash Print Solution branding.","p:gold-foil-business-card-printing-dubai:production"
"123","assets/images/products/gold-foil-business-card-printing-dubai/gold-foil-business-card-printing-dubai-production-1200.webp","1200","900","4:3","Product page – production / finishing (gallery 4)","/gold-foil-business-card-printing-dubai/","Hot-foil stamping or embossing detail being applied to card stock","Temporary stock (shared production photo)","Brett Jordan (Unsplash dTmzpaE5Uis)","Photorealistic commercial photograph of business cards and gold foil production: Hot-foil stamping or embossing detail being applied to card stock. Clean, well-lit Dubai print workshop, 4:3 landscape. Fictional brand names only, no real logos, no Flash Print Solution branding.","p:gold-foil-business-card-printing-dubai:production"
"124","assets/images/products/business-card-printing-dubai/business-card-printing-dubai-hero-640.webp","640","480","4:3","Product page – main photo (gallery 1)","/business-card-printing-dubai/","Stack of white business cards with navy print on a grey stone desk","Temporary stock","Mediamodifier (Unsplash XdlhXRH_UJw)","Realistic commercial product photograph of a neat stack of white 90 × 50 mm business cards with navy typography, one card angled on top, on a grey stone desk, soft diffused daylight, shallow depth of field, three-quarter angle, fictional brand name, no real logos, no Flash Print Solution branding.","p:business-card-printing-dubai:hero"
"125","assets/images/products/business-card-printing-dubai/business-card-printing-dubai-hero-1200.webp","1200","900","4:3","Product page – main photo (gallery 1)","/business-card-printing-dubai/","Stack of white business cards with navy print on a grey stone desk","Temporary stock","Mediamodifier (Unsplash XdlhXRH_UJw)","Realistic commercial product photograph of a neat stack of white 90 × 50 mm business cards with navy typography, one card angled on top, on a grey stone desk, soft diffused daylight, shallow depth of field, three-quarter angle, fictional brand name, no real logos, no Flash Print Solution branding.","p:business-card-printing-dubai:hero"
"126","assets/images/og/business-card-printing-dubai-hero.jpg","1200","630","1.91:1","Social share preview (Facebook, WhatsApp, LinkedIn…) – JPG","/business-card-printing-dubai/","Stack of white business cards with navy print on a grey stone desk","Temporary stock","Mediamodifier (Unsplash XdlhXRH_UJw)","Same photo as above, cropped to 1200 × 630","p:business-card-printing-dubai:hero"
"127","assets/images/products/business-card-printing-dubai/business-card-printing-dubai-detail-640.webp","640","480","4:3","Product page – material / finish close-up (gallery 2)","/business-card-printing-dubai/","Close-up of a soft-touch business card edge showing rounded corners and fine print","Temporary stock","grey wight (Unsplash YREw6bUXAT8)","Macro commercial photograph of a soft-touch laminated business card with rounded corners, showing crisp small typography and the clean trimmed edge, raking side light revealing the velvety surface, neutral background, fictional brand name, no real logos, no Flash Print Solution branding.","p:business-card-printing-dubai:detail"
"128","assets/images/products/business-card-printing-dubai/business-card-printing-dubai-detail-1200.webp","1200","900","4:3","Product page – material / finish close-up (gallery 2)","/business-card-printing-dubai/","Close-up of a soft-touch business card edge showing rounded corners and fine print","Temporary stock","grey wight (Unsplash YREw6bUXAT8)","Macro commercial photograph of a soft-touch laminated business card with rounded corners, showing crisp small typography and the clean trimmed edge, raking side light revealing the velvety surface, neutral background, fictional brand name, no real logos, no Flash Print Solution branding.","p:business-card-printing-dubai:detail"
"129","assets/images/products/business-card-printing-dubai/business-card-printing-dubai-application-640.webp","640","480","4:3","Product page – product in use (gallery 3 + “Where it’s used”)","/business-card-printing-dubai/","Two professionals exchanging business cards across a meeting table in a bright office","Temporary stock","Van Tay Media (Unsplash chyT9XPAdcg)","Realistic photograph of two professionals exchanging a business card across a meeting table in a bright Dubai office with city views through the window, natural light, focus on hands and card, candid corporate mood, fictional brand name, no real logos, no Flash Print Solution branding.","p:business-card-printing-dubai:application"
"130","assets/images/products/business-card-printing-dubai/business-card-printing-dubai-application-1200.webp","1200","900","4:3","Product page – product in use (gallery 3 + “Where it’s used”)","/business-card-printing-dubai/","Two professionals exchanging business cards across a meeting table in a bright office","Temporary stock","Van Tay Media (Unsplash chyT9XPAdcg)","Realistic photograph of two professionals exchanging a business card across a meeting table in a bright Dubai office with city views through the window, natural light, focus on hands and card, candid corporate mood, fictional brand name, no real logos, no Flash Print Solution branding.","p:business-card-printing-dubai:application"
"131","assets/images/products/business-card-printing-dubai/business-card-printing-dubai-production-640.webp","640","480","4:3","Product page – production / finishing (gallery 4)","/business-card-printing-dubai/","Digital press output","Temporary stock (shared production photo)","Srdjan Ivankovic (Unsplash Wq4lqogZKMY)","Photorealistic commercial photograph of business cards basic production: Digital press output — freshly printed sheets leaving a production digital press. Clean, well-lit Dubai print workshop, 4:3 landscape. Fictional brand names only, no real logos, no Flash Print Solution branding.","p:business-card-printing-dubai:production"
"132","assets/images/products/business-card-printing-dubai/business-card-printing-dubai-production-1200.webp","1200","900","4:3","Product page – production / finishing (gallery 4)","/business-card-printing-dubai/","Digital press output","Temporary stock (shared production photo)","Srdjan Ivankovic (Unsplash Wq4lqogZKMY)","Photorealistic commercial photograph of business cards basic production: Digital press output — freshly printed sheets leaving a production digital press. Clean, well-lit Dubai print workshop, 4:3 landscape. Fictional brand names only, no real logos, no Flash Print Solution branding.","p:business-card-printing-dubai:production"
"133","assets/images/products/envelope-printing-dubai/envelope-printing-dubai-hero-640.webp","640","480","4:3","Product page – main photo (gallery 1)","/envelope-printing-dubai/","White DL window envelopes with a small green logo stacked on a desk","Temporary stock","Valeria Reverdo (Unsplash Axli9F0n26A)","Realistic commercial product photograph of a stack of white DL window envelopes printed with a small green logo and return address, on a pale wooden desk beside folded letters, soft daylight, three-quarter angle, fictional brand name, no real logos, no Flash Print Solution branding.","p:envelope-printing-dubai:hero"
"134","assets/images/products/envelope-printing-dubai/envelope-printing-dubai-hero-1200.webp","1200","900","4:3","Product page – main photo (gallery 1)","/envelope-printing-dubai/","White DL window envelopes with a small green logo stacked on a desk","Temporary stock","Valeria Reverdo (Unsplash Axli9F0n26A)","Realistic commercial product photograph of a stack of white DL window envelopes printed with a small green logo and return address, on a pale wooden desk beside folded letters, soft daylight, three-quarter angle, fictional brand name, no real logos, no Flash Print Solution branding.","p:envelope-printing-dubai:hero"
"135","assets/images/og/envelope-printing-dubai-hero.jpg","1200","630","1.91:1","Social share preview (Facebook, WhatsApp, LinkedIn…) – JPG","/envelope-printing-dubai/","White DL window envelopes with a small green logo stacked on a desk","Temporary stock","Valeria Reverdo (Unsplash Axli9F0n26A)","Same photo as above, cropped to 1200 × 630","p:envelope-printing-dubai:hero"
"136","assets/images/products/envelope-printing-dubai/envelope-printing-dubai-detail-640.webp","640","480","4:3","Product page – material / finish close-up (gallery 2)","/envelope-printing-dubai/","Close-up of a kraft envelope flap with a printed return address","Temporary stock","Mediamodifier (Unsplash ehI8qokwP7s)","Macro commercial photograph of a brown kraft envelope flap printed with a dark one-colour logo and return address, peel-and-seal strip partly lifted, natural side light showing paper fibres, fictional brand name, no real logos, no Flash Print Solution branding.","p:envelope-printing-dubai:detail"
"137","assets/images/products/envelope-printing-dubai/envelope-printing-dubai-detail-1200.webp","1200","900","4:3","Product page – material / finish close-up (gallery 2)","/envelope-printing-dubai/","Close-up of a kraft envelope flap with a printed return address","Temporary stock","Mediamodifier (Unsplash ehI8qokwP7s)","Macro commercial photograph of a brown kraft envelope flap printed with a dark one-colour logo and return address, peel-and-seal strip partly lifted, natural side light showing paper fibres, fictional brand name, no real logos, no Flash Print Solution branding.","p:envelope-printing-dubai:detail"
"138","assets/images/products/envelope-printing-dubai/envelope-printing-dubai-application-640.webp","640","480","4:3","Product page – product in use (gallery 3 + “Where it’s used”)","/envelope-printing-dubai/","Office assistant sealing printed envelopes beside a stack of folded letters","Temporary stock","Towfiqu barbhuiya (Unsplash 6FpGIdn45_A)","Realistic photograph of an office assistant sealing branded DL envelopes at a desk in a Dubai office, a stack of folded letters and a tray of finished envelopes nearby, bright natural light, medium shot focused on hands, fictional brand name, no real logos, no Flash Print Solution branding.","p:envelope-printing-dubai:application"
"139","assets/images/products/envelope-printing-dubai/envelope-printing-dubai-application-1200.webp","1200","900","4:3","Product page – product in use (gallery 3 + “Where it’s used”)","/envelope-printing-dubai/","Office assistant sealing printed envelopes beside a stack of folded letters","Temporary stock","Towfiqu barbhuiya (Unsplash 6FpGIdn45_A)","Realistic photograph of an office assistant sealing branded DL envelopes at a desk in a Dubai office, a stack of folded letters and a tray of finished envelopes nearby, bright natural light, medium shot focused on hands, fictional brand name, no real logos, no Flash Print Solution branding.","p:envelope-printing-dubai:application"
"140","assets/images/products/envelope-printing-dubai/envelope-printing-dubai-production-640.webp","640","480","4:3","Product page – production / finishing (gallery 4)","/envelope-printing-dubai/","Offset press run","Temporary stock (shared production photo)","NOAA (Unsplash HFYczZkqCoE)","Photorealistic commercial photograph of envelopes production: Offset press run — operator checking a sheet at an offset printing press. Clean, well-lit Dubai print workshop, 4:3 landscape. Fictional brand names only, no real logos, no Flash Print Solution branding.","p:envelope-printing-dubai:production"
"141","assets/images/products/envelope-printing-dubai/envelope-printing-dubai-production-1200.webp","1200","900","4:3","Product page – production / finishing (gallery 4)","/envelope-printing-dubai/","Offset press run","Temporary stock (shared production photo)","NOAA (Unsplash HFYczZkqCoE)","Photorealistic commercial photograph of envelopes production: Offset press run — operator checking a sheet at an offset printing press. Clean, well-lit Dubai print workshop, 4:3 landscape. Fictional brand names only, no real logos, no Flash Print Solution branding.","p:envelope-printing-dubai:production"
"142","assets/images/products/presentation-folder-printing-dubai/presentation-folder-printing-dubai-hero-640.webp","640","480","4:3","Product page – main photo (gallery 1)","/presentation-folder-printing-dubai/","Navy A4 presentation folder with an open pocket holding printed documents","Temporary stock","Invest Europe (Unsplash 2egqPvNR52E)","Realistic commercial product photograph of a navy A4 presentation folder with a white logo, lying half open to show an inside pocket holding printed documents and a business card, on a light grey desk, soft studio light, three-quarter angle, fictional brand name, no real logos, no Flash Print Solution branding.","p:presentation-folder-printing-dubai:hero"
"143","assets/images/products/presentation-folder-printing-dubai/presentation-folder-printing-dubai-hero-1200.webp","1200","900","4:3","Product page – main photo (gallery 1)","/presentation-folder-printing-dubai/","Navy A4 presentation folder with an open pocket holding printed documents","Temporary stock","Invest Europe (Unsplash 2egqPvNR52E)","Realistic commercial product photograph of a navy A4 presentation folder with a white logo, lying half open to show an inside pocket holding printed documents and a business card, on a light grey desk, soft studio light, three-quarter angle, fictional brand name, no real logos, no Flash Print Solution branding.","p:presentation-folder-printing-dubai:hero"
"144","assets/images/og/presentation-folder-printing-dubai-hero.jpg","1200","630","1.91:1","Social share preview (Facebook, WhatsApp, LinkedIn…) – JPG","/presentation-folder-printing-dubai/","Navy A4 presentation folder with an open pocket holding printed documents","Temporary stock","Invest Europe (Unsplash 2egqPvNR52E)","Same photo as above, cropped to 1200 × 630","p:presentation-folder-printing-dubai:hero"
"145","assets/images/products/presentation-folder-printing-dubai/presentation-folder-printing-dubai-detail-640.webp","640","480","4:3","Product page – material / finish close-up (gallery 2)","/presentation-folder-printing-dubai/","Close-up of a folder pocket with a die-cut business card slit","Temporary stock","Mel Poole (Unsplash qLVEuc_ECY8)","Macro commercial photograph of a laminated presentation folder pocket with a die-cut slit holding a business card at an angle, clean crease lines and smooth soft-touch surface, gentle side lighting, shallow depth of field, fictional brand name, no real logos, no Flash Print Solution branding.","p:presentation-folder-printing-dubai:detail"
"146","assets/images/products/presentation-folder-printing-dubai/presentation-folder-printing-dubai-detail-1200.webp","1200","900","4:3","Product page – material / finish close-up (gallery 2)","/presentation-folder-printing-dubai/","Close-up of a folder pocket with a die-cut business card slit","Temporary stock","Mel Poole (Unsplash qLVEuc_ECY8)","Macro commercial photograph of a laminated presentation folder pocket with a die-cut slit holding a business card at an angle, clean crease lines and smooth soft-touch surface, gentle side lighting, shallow depth of field, fictional brand name, no real logos, no Flash Print Solution branding.","p:presentation-folder-printing-dubai:detail"
"147","assets/images/products/presentation-folder-printing-dubai/presentation-folder-printing-dubai-application-640.webp","640","480","4:3","Product page – product in use (gallery 3 + “Where it’s used”)","/presentation-folder-printing-dubai/","Consultant handing a branded proposal folder to a client across a boardroom table","Temporary stock","Gabrielle Henderson (Unsplash HJckKnwCXxQ)","Realistic photograph of a consultant handing a branded A4 proposal folder to a client across a boardroom table in a Dubai office tower, city skyline softly blurred through glass, natural light, medium shot, fictional brand name, no real logos, no Flash Print Solution branding.","p:presentation-folder-printing-dubai:application"
"148","assets/images/products/presentation-folder-printing-dubai/presentation-folder-printing-dubai-application-1200.webp","1200","900","4:3","Product page – product in use (gallery 3 + “Where it’s used”)","/presentation-folder-printing-dubai/","Consultant handing a branded proposal folder to a client across a boardroom table","Temporary stock","Gabrielle Henderson (Unsplash HJckKnwCXxQ)","Realistic photograph of a consultant handing a branded A4 proposal folder to a client across a boardroom table in a Dubai office tower, city skyline softly blurred through glass, natural light, medium shot, fictional brand name, no real logos, no Flash Print Solution branding.","p:presentation-folder-printing-dubai:application"
"149","assets/images/products/presentation-folder-printing-dubai/presentation-folder-printing-dubai-production-640.webp","640","480","4:3","Product page – production / finishing (gallery 4)","/presentation-folder-printing-dubai/","Trimming and cutting printed stacks on a guillotine in a print finishing area","Temporary stock (shared production photo)","Panda Paper Roll (Unsplash 5IG5XdpYih4)","Photorealistic commercial photograph of files & folders production: Trimming and cutting printed stacks on a guillotine in a print finishing area. Clean, well-lit Dubai print workshop, 4:3 landscape. Fictional brand names only, no real logos, no Flash Print Solution branding.","p:presentation-folder-printing-dubai:production"
"150","assets/images/products/presentation-folder-printing-dubai/presentation-folder-printing-dubai-production-1200.webp","1200","900","4:3","Product page – production / finishing (gallery 4)","/presentation-folder-printing-dubai/","Trimming and cutting printed stacks on a guillotine in a print finishing area","Temporary stock (shared production photo)","Panda Paper Roll (Unsplash 5IG5XdpYih4)","Photorealistic commercial photograph of files & folders production: Trimming and cutting printed stacks on a guillotine in a print finishing area. Clean, well-lit Dubai print workshop, 4:3 landscape. Fictional brand names only, no real logos, no Flash Print Solution branding.","p:presentation-folder-printing-dubai:production"
"151","assets/images/products/invoice-book-printing-dubai/invoice-book-printing-dubai-hero-640.webp","640","480","4:3","Product page – main photo (gallery 1)","/invoice-book-printing-dubai/","Stack of numbered carbonless invoice books with blue card covers on a counter","Temporary stock","NORTHFOLK (Unsplash Ok76F6yW2iA)","Realistic commercial product photograph of a stack of A5 carbonless invoice books with blue printed card covers, the top book open showing a tax invoice layout and red numbering, on a shop counter, soft daylight, three-quarter angle, fictional brand name, no real logos, no Flash Print Solution branding.","p:invoice-book-printing-dubai:hero"
"152","assets/images/products/invoice-book-printing-dubai/invoice-book-printing-dubai-hero-1200.webp","1200","900","4:3","Product page – main photo (gallery 1)","/invoice-book-printing-dubai/","Stack of numbered carbonless invoice books with blue card covers on a counter","Temporary stock","NORTHFOLK (Unsplash Ok76F6yW2iA)","Realistic commercial product photograph of a stack of A5 carbonless invoice books with blue printed card covers, the top book open showing a tax invoice layout and red numbering, on a shop counter, soft daylight, three-quarter angle, fictional brand name, no real logos, no Flash Print Solution branding.","p:invoice-book-printing-dubai:hero"
"153","assets/images/og/invoice-book-printing-dubai-hero.jpg","1200","630","1.91:1","Social share preview (Facebook, WhatsApp, LinkedIn…) – JPG","/invoice-book-printing-dubai/","Stack of numbered carbonless invoice books with blue card covers on a counter","Temporary stock","NORTHFOLK (Unsplash Ok76F6yW2iA)","Same photo as above, cropped to 1200 × 630","p:invoice-book-printing-dubai:hero"
"154","assets/images/products/invoice-book-printing-dubai/invoice-book-printing-dubai-detail-640.webp","640","480","4:3","Product page – material / finish close-up (gallery 2)","/invoice-book-printing-dubai/","Close-up of white, yellow and pink carbonless copies with red numbering","Temporary stock","Abhinav Arya (Unsplash NRieeIvcC4k)","Macro commercial photograph of the edge of a triplicate invoice set with white, yellow and pink carbonless sheets slightly fanned, showing matching red sequential numbers and perforation line, neutral backdrop, crisp side light, fictional brand name, no real logos, no Flash Print Solution branding.","p:invoice-book-printing-dubai:detail"
"155","assets/images/products/invoice-book-printing-dubai/invoice-book-printing-dubai-detail-1200.webp","1200","900","4:3","Product page – material / finish close-up (gallery 2)","/invoice-book-printing-dubai/","Close-up of white, yellow and pink carbonless copies with red numbering","Temporary stock","Abhinav Arya (Unsplash NRieeIvcC4k)","Macro commercial photograph of the edge of a triplicate invoice set with white, yellow and pink carbonless sheets slightly fanned, showing matching red sequential numbers and perforation line, neutral backdrop, crisp side light, fictional brand name, no real logos, no Flash Print Solution branding.","p:invoice-book-printing-dubai:detail"
"156","assets/images/products/invoice-book-printing-dubai/invoice-book-printing-dubai-application-640.webp","640","480","4:3","Product page – product in use (gallery 3 + “Where it’s used”)","/invoice-book-printing-dubai/","Mechanic writing a handwritten invoice in a receipt book at a workshop counter","Temporary stock","2H Media (Unsplash VnK5iT01HYQ)","Realistic photograph of a mechanic writing a handwritten invoice in a carbonless invoice book at a car workshop counter in Dubai, tools and a vehicle softly blurred behind, warm natural light, close-up on hands and pen, fictional brand name, no real logos, no Flash Print Solution branding.","p:invoice-book-printing-dubai:application"
"157","assets/images/products/invoice-book-printing-dubai/invoice-book-printing-dubai-application-1200.webp","1200","900","4:3","Product page – product in use (gallery 3 + “Where it’s used”)","/invoice-book-printing-dubai/","Mechanic writing a handwritten invoice in a receipt book at a workshop counter","Temporary stock","2H Media (Unsplash VnK5iT01HYQ)","Realistic photograph of a mechanic writing a handwritten invoice in a carbonless invoice book at a car workshop counter in Dubai, tools and a vehicle softly blurred behind, warm natural light, close-up on hands and pen, fictional brand name, no real logos, no Flash Print Solution branding.","p:invoice-book-printing-dubai:application"
"158","assets/images/products/invoice-book-printing-dubai/invoice-book-printing-dubai-production-640.webp","640","480","4:3","Product page – production / finishing (gallery 4)","/invoice-book-printing-dubai/","Offset press run","Temporary stock (shared production photo)","NOAA (Unsplash HFYczZkqCoE)","Photorealistic commercial photograph of invoice / receipt books header printing production: Offset press run — operator checking a sheet at an offset printing press. Clean, well-lit Dubai print workshop, 4:3 landscape. Fictional brand names only, no real logos, no Flash Print Solution branding.","p:invoice-book-printing-dubai:production"
"159","assets/images/products/invoice-book-printing-dubai/invoice-book-printing-dubai-production-1200.webp","1200","900","4:3","Product page – production / finishing (gallery 4)","/invoice-book-printing-dubai/","Offset press run","Temporary stock (shared production photo)","NOAA (Unsplash HFYczZkqCoE)","Photorealistic commercial photograph of invoice / receipt books header printing production: Offset press run — operator checking a sheet at an offset printing press. Clean, well-lit Dubai print workshop, 4:3 landscape. Fictional brand names only, no real logos, no Flash Print Solution branding.","p:invoice-book-printing-dubai:production"
"160","assets/images/products/ncr-book-printing-dubai/ncr-book-printing-dubai-hero-640.webp","640","480","4:3","Product page – main photo (gallery 1)","/ncr-book-printing-dubai/","Stack of three-part carbonless job card pads in white, yellow and pink","Temporary stock","2H Media (Unsplash FYDavsWY_wY)","Realistic commercial product photograph of a stack of A5 three-part carbonless job card pads, top set fanned to show white, yellow and pink sheets with a one-colour form layout, on a steel workbench, even daylight, three-quarter angle, fictional brand name, no real logos, no Flash Print Solution branding.","p:ncr-book-printing-dubai:hero"
"161","assets/images/products/ncr-book-printing-dubai/ncr-book-printing-dubai-hero-1200.webp","1200","900","4:3","Product page – main photo (gallery 1)","/ncr-book-printing-dubai/","Stack of three-part carbonless job card pads in white, yellow and pink","Temporary stock","2H Media (Unsplash FYDavsWY_wY)","Realistic commercial product photograph of a stack of A5 three-part carbonless job card pads, top set fanned to show white, yellow and pink sheets with a one-colour form layout, on a steel workbench, even daylight, three-quarter angle, fictional brand name, no real logos, no Flash Print Solution branding.","p:ncr-book-printing-dubai:hero"
"162","assets/images/og/ncr-book-printing-dubai-hero.jpg","1200","630","1.91:1","Social share preview (Facebook, WhatsApp, LinkedIn…) – JPG","/ncr-book-printing-dubai/","Stack of three-part carbonless job card pads in white, yellow and pink","Temporary stock","2H Media (Unsplash FYDavsWY_wY)","Same photo as above, cropped to 1200 × 630","p:ncr-book-printing-dubai:hero"
"163","assets/images/products/ncr-book-printing-dubai/ncr-book-printing-dubai-detail-640.webp","640","480","4:3","Product page – material / finish close-up (gallery 2)","/ncr-book-printing-dubai/","Close-up of handwriting transferred onto a yellow carbonless copy sheet","Temporary stock","Khoiru Abdan (Unsplash TKk29MxSjAA)","Macro commercial photograph of a yellow carbonless copy sheet showing handwriting and ticks transferred from the top copy, form boxes and small printed labels visible, soft side light, shallow depth of field, fictional brand name, no real logos, no Flash Print Solution branding.","p:ncr-book-printing-dubai:detail"
"164","assets/images/products/ncr-book-printing-dubai/ncr-book-printing-dubai-detail-1200.webp","1200","900","4:3","Product page – material / finish close-up (gallery 2)","/ncr-book-printing-dubai/","Close-up of handwriting transferred onto a yellow carbonless copy sheet","Temporary stock","Khoiru Abdan (Unsplash TKk29MxSjAA)","Macro commercial photograph of a yellow carbonless copy sheet showing handwriting and ticks transferred from the top copy, form boxes and small printed labels visible, soft side light, shallow depth of field, fictional brand name, no real logos, no Flash Print Solution branding.","p:ncr-book-printing-dubai:detail"
"165","assets/images/products/ncr-book-printing-dubai/ncr-book-printing-dubai-application-640.webp","640","480","4:3","Product page – product in use (gallery 3 + “Where it’s used”)","/ncr-book-printing-dubai/","Site supervisor filling in a carbonless inspection form on a clipboard outdoors","Temporary stock","RONNAKORN TRIRAGANON (Unsplash IvEYfb-3B70)","Realistic photograph of a site supervisor in a hard hat and hi-vis vest filling in a carbonless inspection form on a clipboard at a Dubai construction site, bright daylight, cranes softly blurred behind, medium close-up, fictional brand name, no real logos, no Flash Print Solution branding.","p:ncr-book-printing-dubai:application"
"166","assets/images/products/ncr-book-printing-dubai/ncr-book-printing-dubai-application-1200.webp","1200","900","4:3","Product page – product in use (gallery 3 + “Where it’s used”)","/ncr-book-printing-dubai/","Site supervisor filling in a carbonless inspection form on a clipboard outdoors","Temporary stock","RONNAKORN TRIRAGANON (Unsplash IvEYfb-3B70)","Realistic photograph of a site supervisor in a hard hat and hi-vis vest filling in a carbonless inspection form on a clipboard at a Dubai construction site, bright daylight, cranes softly blurred behind, medium close-up, fictional brand name, no real logos, no Flash Print Solution branding.","p:ncr-book-printing-dubai:application"
"167","assets/images/products/ncr-book-printing-dubai/ncr-book-printing-dubai-production-640.webp","640","480","4:3","Product page – production / finishing (gallery 4)","/ncr-book-printing-dubai/","Booklet binding / stitching and folding of multi-page printed documents","Temporary stock (shared production photo)","Christopher Bill (Unsplash AmvUqBtvXpA)","Photorealistic commercial photograph of ncr / carbonless forms production: Booklet binding / stitching and folding of multi-page printed documents. Clean, well-lit Dubai print workshop, 4:3 landscape. Fictional brand names only, no real logos, no Flash Print Solution branding.","p:ncr-book-printing-dubai:production"
"168","assets/images/products/ncr-book-printing-dubai/ncr-book-printing-dubai-production-1200.webp","1200","900","4:3","Product page – production / finishing (gallery 4)","/ncr-book-printing-dubai/","Booklet binding / stitching and folding of multi-page printed documents","Temporary stock (shared production photo)","Christopher Bill (Unsplash AmvUqBtvXpA)","Photorealistic commercial photograph of ncr / carbonless forms production: Booklet binding / stitching and folding of multi-page printed documents. Clean, well-lit Dubai print workshop, 4:3 landscape. Fictional brand names only, no real logos, no Flash Print Solution branding.","p:ncr-book-printing-dubai:production"
"169","assets/images/products/brochure-printing-dubai/brochure-printing-dubai-hero-640.webp","640","480","4:3","Product page – main photo (gallery 1)","/brochure-printing-dubai/","Open A4 tri-fold brochure with architecture photos on a white table","Temporary stock","Mockup Free (Unsplash PS2hGTM_voo)","Realistic commercial product photograph of an open A4 tri-fold brochure showing modern architecture photography and clean text panels, with a closed copy beside it, on a white table, soft even studio lighting, overhead three-quarter angle, fictional brand name, no real logos, no Flash Print Solution branding.","p:brochure-printing-dubai:hero"
"170","assets/images/products/brochure-printing-dubai/brochure-printing-dubai-hero-1200.webp","1200","900","4:3","Product page – main photo (gallery 1)","/brochure-printing-dubai/","Open A4 tri-fold brochure with architecture photos on a white table","Temporary stock","Mockup Free (Unsplash PS2hGTM_voo)","Realistic commercial product photograph of an open A4 tri-fold brochure showing modern architecture photography and clean text panels, with a closed copy beside it, on a white table, soft even studio lighting, overhead three-quarter angle, fictional brand name, no real logos, no Flash Print Solution branding.","p:brochure-printing-dubai:hero"
"171","assets/images/og/brochure-printing-dubai-hero.jpg","1200","630","1.91:1","Social share preview (Facebook, WhatsApp, LinkedIn…) – JPG","/brochure-printing-dubai/","Open A4 tri-fold brochure with architecture photos on a white table","Temporary stock","Mockup Free (Unsplash PS2hGTM_voo)","Same photo as above, cropped to 1200 × 630","p:brochure-printing-dubai:hero"
"172","assets/images/products/brochure-printing-dubai/brochure-printing-dubai-detail-640.webp","640","480","4:3","Product page – material / finish close-up (gallery 2)","/brochure-printing-dubai/","Close-up of a creased brochure fold showing silk paper and sharp print","Temporary stock","Rombo (Unsplash VDDNKTxGt5c)","Macro commercial photograph of the creased fold of a silk-paper brochure, showing a crisp fold line with no cracking and sharp full-colour print either side, soft side light, shallow depth of field, fictional brand name, no real logos, no Flash Print Solution branding.","p:brochure-printing-dubai:detail"
"173","assets/images/products/brochure-printing-dubai/brochure-printing-dubai-detail-1200.webp","1200","900","4:3","Product page – material / finish close-up (gallery 2)","/brochure-printing-dubai/","Close-up of a creased brochure fold showing silk paper and sharp print","Temporary stock","Rombo (Unsplash VDDNKTxGt5c)","Macro commercial photograph of the creased fold of a silk-paper brochure, showing a crisp fold line with no cracking and sharp full-colour print either side, soft side light, shallow depth of field, fictional brand name, no real logos, no Flash Print Solution branding.","p:brochure-printing-dubai:detail"
"174","assets/images/products/brochure-printing-dubai/brochure-printing-dubai-application-640.webp","640","480","4:3","Product page – product in use (gallery 3 + “Where it’s used”)","/brochure-printing-dubai/","Visitor picking up a brochure from a rack at an exhibition stand","Temporary stock","blue sky (Unsplash eLnrrITCy6Q)","Realistic photograph of a visitor taking a tri-fold brochure from an acrylic rack at an exhibition stand in a Dubai convention hall, stand graphics softly blurred, bright event lighting, medium shot, fictional brand name, no real logos, no Flash Print Solution branding.","p:brochure-printing-dubai:application"
"175","assets/images/products/brochure-printing-dubai/brochure-printing-dubai-application-1200.webp","1200","900","4:3","Product page – product in use (gallery 3 + “Where it’s used”)","/brochure-printing-dubai/","Visitor picking up a brochure from a rack at an exhibition stand","Temporary stock","blue sky (Unsplash eLnrrITCy6Q)","Realistic photograph of a visitor taking a tri-fold brochure from an acrylic rack at an exhibition stand in a Dubai convention hall, stand graphics softly blurred, bright event lighting, medium shot, fictional brand name, no real logos, no Flash Print Solution branding.","p:brochure-printing-dubai:application"
"176","assets/images/products/brochure-printing-dubai/brochure-printing-dubai-production-640.webp","640","480","4:3","Product page – production / finishing (gallery 4)","/brochure-printing-dubai/","Offset press run","Temporary stock (shared production photo)","NOAA (Unsplash HFYczZkqCoE)","Photorealistic commercial photograph of brochures production: Offset press run — operator checking a sheet at an offset printing press. Clean, well-lit Dubai print workshop, 4:3 landscape. Fictional brand names only, no real logos, no Flash Print Solution branding.","p:brochure-printing-dubai:production"
"177","assets/images/products/brochure-printing-dubai/brochure-printing-dubai-production-1200.webp","1200","900","4:3","Product page – production / finishing (gallery 4)","/brochure-printing-dubai/","Offset press run","Temporary stock (shared production photo)","NOAA (Unsplash HFYczZkqCoE)","Photorealistic commercial photograph of brochures production: Offset press run — operator checking a sheet at an offset printing press. Clean, well-lit Dubai print workshop, 4:3 landscape. Fictional brand names only, no real logos, no Flash Print Solution branding.","p:brochure-printing-dubai:production"
"178","assets/images/products/hotel-door-hanger-printing-dubai/hotel-door-hanger-printing-dubai-hero-640.webp","640","480","4:3","Product page – main photo (gallery 1)","/hotel-door-hanger-printing-dubai/","Double-sided hotel door hanger reading Do Not Disturb on a room door handle","Temporary stock","Simon N (Unsplash BCHls2qz-wI)","Realistic commercial photograph of a laminated die-cut Do Not Disturb door hanger in deep blue with bilingual English and Arabic text, hanging on a brushed metal lever handle of a hotel room door, warm corridor lighting, close three-quarter angle, fictional brand name, no real logos, no Flash Print Solution branding.","p:hotel-door-hanger-printing-dubai:hero"
"179","assets/images/products/hotel-door-hanger-printing-dubai/hotel-door-hanger-printing-dubai-hero-1200.webp","1200","900","4:3","Product page – main photo (gallery 1)","/hotel-door-hanger-printing-dubai/","Double-sided hotel door hanger reading Do Not Disturb on a room door handle","Temporary stock","Simon N (Unsplash BCHls2qz-wI)","Realistic commercial photograph of a laminated die-cut Do Not Disturb door hanger in deep blue with bilingual English and Arabic text, hanging on a brushed metal lever handle of a hotel room door, warm corridor lighting, close three-quarter angle, fictional brand name, no real logos, no Flash Print Solution branding.","p:hotel-door-hanger-printing-dubai:hero"
"180","assets/images/og/hotel-door-hanger-printing-dubai-hero.jpg","1200","630","1.91:1","Social share preview (Facebook, WhatsApp, LinkedIn…) – JPG","/hotel-door-hanger-printing-dubai/","Double-sided hotel door hanger reading Do Not Disturb on a room door handle","Temporary stock","Simon N (Unsplash BCHls2qz-wI)","Same photo as above, cropped to 1200 × 630","p:hotel-door-hanger-printing-dubai:hero"
"181","assets/images/products/hotel-door-hanger-printing-dubai/hotel-door-hanger-printing-dubai-detail-640.webp","640","480","4:3","Product page – material / finish close-up (gallery 2)","/hotel-door-hanger-printing-dubai/","Close-up of a die-cut door hanger hole and laminated printed edge","Temporary stock","the blowup (Unsplash zgmrxwfq5vI)","Macro commercial photograph of the top of a printed door hanger showing the die-cut round hole, the slit and the clean laminated edge of 400 gsm board, soft side light, neutral background, shallow depth of field, fictional brand name, no real logos, no Flash Print Solution branding.","p:hotel-door-hanger-printing-dubai:detail"
"182","assets/images/products/hotel-door-hanger-printing-dubai/hotel-door-hanger-printing-dubai-detail-1200.webp","1200","900","4:3","Product page – material / finish close-up (gallery 2)","/hotel-door-hanger-printing-dubai/","Close-up of a die-cut door hanger hole and laminated printed edge","Temporary stock","the blowup (Unsplash zgmrxwfq5vI)","Macro commercial photograph of the top of a printed door hanger showing the die-cut round hole, the slit and the clean laminated edge of 400 gsm board, soft side light, neutral background, shallow depth of field, fictional brand name, no real logos, no Flash Print Solution branding.","p:hotel-door-hanger-printing-dubai:detail"
"183","assets/images/products/hotel-door-hanger-printing-dubai/hotel-door-hanger-printing-dubai-application-640.webp","640","480","4:3","Product page – product in use (gallery 3 + “Where it’s used”)","/hotel-door-hanger-printing-dubai/","Housekeeping trolley in a hotel corridor with a Make Up Room hanger on a door","Temporary stock","Point3D Commercial Imaging Ltd. (Unsplash zCdMIlwpHj4)","Realistic photograph of a hotel corridor in Dubai with a housekeeping trolley beside a guest room door displaying a Make Up Room door hanger, warm ambient lighting, long perspective down the hallway, eye-level view, fictional brand name, no real logos, no Flash Print Solution branding.","p:hotel-door-hanger-printing-dubai:application"
"184","assets/images/products/hotel-door-hanger-printing-dubai/hotel-door-hanger-printing-dubai-application-1200.webp","1200","900","4:3","Product page – product in use (gallery 3 + “Where it’s used”)","/hotel-door-hanger-printing-dubai/","Housekeeping trolley in a hotel corridor with a Make Up Room hanger on a door","Temporary stock","Point3D Commercial Imaging Ltd. (Unsplash zCdMIlwpHj4)","Realistic photograph of a hotel corridor in Dubai with a housekeeping trolley beside a guest room door displaying a Make Up Room door hanger, warm ambient lighting, long perspective down the hallway, eye-level view, fictional brand name, no real logos, no Flash Print Solution branding.","p:hotel-door-hanger-printing-dubai:application"
"185","assets/images/products/hotel-door-hanger-printing-dubai/hotel-door-hanger-printing-dubai-production-640.webp","640","480","4:3","Product page – production / finishing (gallery 4)","/hotel-door-hanger-printing-dubai/","Trimming and cutting printed stacks on a guillotine in a print finishing area","Temporary stock (shared production photo)","Panda Paper Roll (Unsplash 5IG5XdpYih4)","Photorealistic commercial photograph of door hangers production: Trimming and cutting printed stacks on a guillotine in a print finishing area. Clean, well-lit Dubai print workshop, 4:3 landscape. Fictional brand names only, no real logos, no Flash Print Solution branding.","p:hotel-door-hanger-printing-dubai:production"
"186","assets/images/products/hotel-door-hanger-printing-dubai/hotel-door-hanger-printing-dubai-production-1200.webp","1200","900","4:3","Product page – production / finishing (gallery 4)","/hotel-door-hanger-printing-dubai/","Trimming and cutting printed stacks on a guillotine in a print finishing area","Temporary stock (shared production photo)","Panda Paper Roll (Unsplash 5IG5XdpYih4)","Photorealistic commercial photograph of door hangers production: Trimming and cutting printed stacks on a guillotine in a print finishing area. Clean, well-lit Dubai print workshop, 4:3 landscape. Fictional brand names only, no real logos, no Flash Print Solution branding.","p:hotel-door-hanger-printing-dubai:production"
"187","assets/images/products/flyer-printing-dubai/flyer-printing-dubai-hero-640.webp","640","480","4:3","Product page – main photo (gallery 1)","/flyer-printing-dubai/","Stack of glossy A5 promotional flyers with a food photo on a café counter","Temporary stock","Bundo Kim (Unsplash j_C123EXFWM)","Realistic commercial product photograph of a neat stack of glossy A5 promotional flyers showing a food photograph and bold offer headline, one flyer angled on top, on a marble café counter, warm natural light, three-quarter angle, fictional brand name, no real logos, no Flash Print Solution branding.","p:flyer-printing-dubai:hero"
"188","assets/images/products/flyer-printing-dubai/flyer-printing-dubai-hero-1200.webp","1200","900","4:3","Product page – main photo (gallery 1)","/flyer-printing-dubai/","Stack of glossy A5 promotional flyers with a food photo on a café counter","Temporary stock","Bundo Kim (Unsplash j_C123EXFWM)","Realistic commercial product photograph of a neat stack of glossy A5 promotional flyers showing a food photograph and bold offer headline, one flyer angled on top, on a marble café counter, warm natural light, three-quarter angle, fictional brand name, no real logos, no Flash Print Solution branding.","p:flyer-printing-dubai:hero"
"189","assets/images/og/flyer-printing-dubai-hero.jpg","1200","630","1.91:1","Social share preview (Facebook, WhatsApp, LinkedIn…) – JPG","/flyer-printing-dubai/","Stack of glossy A5 promotional flyers with a food photo on a café counter","Temporary stock","Bundo Kim (Unsplash j_C123EXFWM)","Same photo as above, cropped to 1200 × 630","p:flyer-printing-dubai:hero"
"190","assets/images/products/flyer-printing-dubai/flyer-printing-dubai-detail-640.webp","640","480","4:3","Product page – material / finish close-up (gallery 2)","/flyer-printing-dubai/","Close-up of a silk flyer corner showing crisp colour print and a clean trimmed edge","Temporary stock","Jean Carlo Emer (Unsplash Vz78ZGZJ9kI)","Macro commercial photograph of the corner of a 170 gsm silk flyer showing sharp full-colour printing, fine text and a clean guillotine-trimmed edge, soft raking light, shallow depth of field, neutral background, fictional brand name, no real logos, no Flash Print Solution branding.","p:flyer-printing-dubai:detail"
"191","assets/images/products/flyer-printing-dubai/flyer-printing-dubai-detail-1200.webp","1200","900","4:3","Product page – material / finish close-up (gallery 2)","/flyer-printing-dubai/","Close-up of a silk flyer corner showing crisp colour print and a clean trimmed edge","Temporary stock","Jean Carlo Emer (Unsplash Vz78ZGZJ9kI)","Macro commercial photograph of the corner of a 170 gsm silk flyer showing sharp full-colour printing, fine text and a clean guillotine-trimmed edge, soft raking light, shallow depth of field, neutral background, fictional brand name, no real logos, no Flash Print Solution branding.","p:flyer-printing-dubai:detail"
"192","assets/images/products/flyer-printing-dubai/flyer-printing-dubai-application-640.webp","640","480","4:3","Product page – product in use (gallery 3 + “Where it’s used”)","/flyer-printing-dubai/","Staff member handing a printed flyer to a shopper at a store entrance","Temporary stock","Erika Giraud (Unsplash H6xKnDKrKDk)","Realistic photograph of a smiling retail staff member handing an A5 promotional flyer to a shopper at the entrance of a bright store in a Dubai mall, natural candid moment, shallow depth of field, eye-level angle, fictional brand name, no real logos, no Flash Print Solution branding.","p:flyer-printing-dubai:application"
"193","assets/images/products/flyer-printing-dubai/flyer-printing-dubai-application-1200.webp","1200","900","4:3","Product page – product in use (gallery 3 + “Where it’s used”)","/flyer-printing-dubai/","Staff member handing a printed flyer to a shopper at a store entrance","Temporary stock","Erika Giraud (Unsplash H6xKnDKrKDk)","Realistic photograph of a smiling retail staff member handing an A5 promotional flyer to a shopper at the entrance of a bright store in a Dubai mall, natural candid moment, shallow depth of field, eye-level angle, fictional brand name, no real logos, no Flash Print Solution branding.","p:flyer-printing-dubai:application"
"194","assets/images/products/flyer-printing-dubai/flyer-printing-dubai-production-640.webp","640","480","4:3","Product page – production / finishing (gallery 4)","/flyer-printing-dubai/","Digital press output","Temporary stock (shared production photo)","Srdjan Ivankovic (Unsplash Wq4lqogZKMY)","Photorealistic commercial photograph of flyers & leaflets production: Digital press output — freshly printed sheets leaving a production digital press. Clean, well-lit Dubai print workshop, 4:3 landscape. Fictional brand names only, no real logos, no Flash Print Solution branding.","p:flyer-printing-dubai:production"
"195","assets/images/products/flyer-printing-dubai/flyer-printing-dubai-production-1200.webp","1200","900","4:3","Product page – production / finishing (gallery 4)","/flyer-printing-dubai/","Digital press output","Temporary stock (shared production photo)","Srdjan Ivankovic (Unsplash Wq4lqogZKMY)","Photorealistic commercial photograph of flyers & leaflets production: Digital press output — freshly printed sheets leaving a production digital press. Clean, well-lit Dubai print workshop, 4:3 landscape. Fictional brand names only, no real logos, no Flash Print Solution branding.","p:flyer-printing-dubai:production"
"196","assets/images/products/branded-pens-dubai/branded-pens-dubai-hero-640.webp","640","480","4:3","Product page – main photo (gallery 1)","/branded-pens-dubai/","Row of white and navy branded ballpoint pens with printed logos on a desk","Temporary stock","Kelly Sikkema (Unsplash JDPDMaINjko)","Realistic commercial product photograph of a neat row of white and navy plastic ballpoint pens, each pad printed with a simple one-colour logo on the barrel, arranged diagonally on a pale grey desk, soft studio lighting, top-down angle, fictional brand name, no real logos, no Flash Print Solution branding.","p:branded-pens-dubai:hero"
"197","assets/images/products/branded-pens-dubai/branded-pens-dubai-hero-1200.webp","1200","900","4:3","Product page – main photo (gallery 1)","/branded-pens-dubai/","Row of white and navy branded ballpoint pens with printed logos on a desk","Temporary stock","Kelly Sikkema (Unsplash JDPDMaINjko)","Realistic commercial product photograph of a neat row of white and navy plastic ballpoint pens, each pad printed with a simple one-colour logo on the barrel, arranged diagonally on a pale grey desk, soft studio lighting, top-down angle, fictional brand name, no real logos, no Flash Print Solution branding.","p:branded-pens-dubai:hero"
"198","assets/images/og/branded-pens-dubai-hero.jpg","1200","630","1.91:1","Social share preview (Facebook, WhatsApp, LinkedIn…) – JPG","/branded-pens-dubai/","Row of white and navy branded ballpoint pens with printed logos on a desk","Temporary stock","Kelly Sikkema (Unsplash JDPDMaINjko)","Same photo as above, cropped to 1200 × 630","p:branded-pens-dubai:hero"
"199","assets/images/products/branded-pens-dubai/branded-pens-dubai-detail-640.webp","640","480","4:3","Product page – material / finish close-up (gallery 2)","/branded-pens-dubai/","Close-up of a laser engraved logo on a silver aluminium pen barrel","Temporary stock","Matthew Waresak (Unsplash XSmug_lPeGI)","Macro commercial photograph of a dark blue anodised aluminium pen with a crisp laser engraved logo revealing bright silver metal, clip and barrel in sharp focus, soft reflective lighting, shallow depth of field, fictional brand name, no real logos, no Flash Print Solution branding.","p:branded-pens-dubai:detail"
"200","assets/images/products/branded-pens-dubai/branded-pens-dubai-detail-1200.webp","1200","900","4:3","Product page – material / finish close-up (gallery 2)","/branded-pens-dubai/","Close-up of a laser engraved logo on a silver aluminium pen barrel","Temporary stock","Matthew Waresak (Unsplash XSmug_lPeGI)","Macro commercial photograph of a dark blue anodised aluminium pen with a crisp laser engraved logo revealing bright silver metal, clip and barrel in sharp focus, soft reflective lighting, shallow depth of field, fictional brand name, no real logos, no Flash Print Solution branding.","p:branded-pens-dubai:detail"
"201","assets/images/products/branded-pens-dubai/branded-pens-dubai-application-640.webp","640","480","4:3","Product page – product in use (gallery 3 + “Where it’s used”)","/branded-pens-dubai/","Conference delegate writing notes with a branded pen beside a notebook","Temporary stock","The Climate Reality Project (Unsplash Hb6uWq0i4MI)","Realistic photograph of a conference delegate writing notes in a notebook with a branded metal pen at a Dubai hotel conference table, natural light, close-up on hand and pen with the logo visible, shallow depth of field, fictional brand name, no real logos, no Flash Print Solution branding.","p:branded-pens-dubai:application"
"202","assets/images/products/branded-pens-dubai/branded-pens-dubai-application-1200.webp","1200","900","4:3","Product page – product in use (gallery 3 + “Where it’s used”)","/branded-pens-dubai/","Conference delegate writing notes with a branded pen beside a notebook","Temporary stock","The Climate Reality Project (Unsplash Hb6uWq0i4MI)","Realistic photograph of a conference delegate writing notes in a notebook with a branded metal pen at a Dubai hotel conference table, natural light, close-up on hand and pen with the logo visible, shallow depth of field, fictional brand name, no real logos, no Flash Print Solution branding.","p:branded-pens-dubai:application"
"203","assets/images/products/branded-pens-dubai/branded-pens-dubai-production-640.webp","640","480","4:3","Product page – production / finishing (gallery 4)","/branded-pens-dubai/","Branding promotional items","Temporary stock (shared production photo)","Đồng Phục Hải Triều (Unsplash euOA6oQIfIc)","Photorealistic commercial photograph of pens production: Branding promotional items — pad printing / engraving logos on merchandise. Clean, well-lit Dubai print workshop, 4:3 landscape. Fictional brand names only, no real logos, no Flash Print Solution branding.","p:branded-pens-dubai:production"
"204","assets/images/products/branded-pens-dubai/branded-pens-dubai-production-1200.webp","1200","900","4:3","Product page – production / finishing (gallery 4)","/branded-pens-dubai/","Branding promotional items","Temporary stock (shared production photo)","Đồng Phục Hải Triều (Unsplash euOA6oQIfIc)","Photorealistic commercial photograph of pens production: Branding promotional items — pad printing / engraving logos on merchandise. Clean, well-lit Dubai print workshop, 4:3 landscape. Fictional brand names only, no real logos, no Flash Print Solution branding.","p:branded-pens-dubai:production"
"205","assets/images/products/poster-printing-dubai/poster-printing-dubai-hero-640.webp","640","480","4:3","Product page – main photo (gallery 1)","/poster-printing-dubai/","Large promotional poster on satin paper displayed in a bright retail window","Temporary stock","the blowup (Unsplash Rmjq07KI20U)","Realistic commercial photograph of a large A1 satin-paper promotional poster displayed inside a bright retail shop window in Dubai, bold colourful graphics, reflections kept minimal, daylight, straight-on eye-level angle, fictional brand name, no real logos, no Flash Print Solution branding.","p:poster-printing-dubai:hero"
"206","assets/images/products/poster-printing-dubai/poster-printing-dubai-hero-1200.webp","1200","900","4:3","Product page – main photo (gallery 1)","/poster-printing-dubai/","Large promotional poster on satin paper displayed in a bright retail window","Temporary stock","the blowup (Unsplash Rmjq07KI20U)","Realistic commercial photograph of a large A1 satin-paper promotional poster displayed inside a bright retail shop window in Dubai, bold colourful graphics, reflections kept minimal, daylight, straight-on eye-level angle, fictional brand name, no real logos, no Flash Print Solution branding.","p:poster-printing-dubai:hero"
"207","assets/images/og/poster-printing-dubai-hero.jpg","1200","630","1.91:1","Social share preview (Facebook, WhatsApp, LinkedIn…) – JPG","/poster-printing-dubai/","Large promotional poster on satin paper displayed in a bright retail window","Temporary stock","the blowup (Unsplash Rmjq07KI20U)","Same photo as above, cropped to 1200 × 630","p:poster-printing-dubai:hero"
"208","assets/images/products/poster-printing-dubai/poster-printing-dubai-detail-640.webp","640","480","4:3","Product page – material / finish close-up (gallery 2)","/poster-printing-dubai/","Close-up of a matt laminated poster corner mounted on white foam board","Temporary stock","Yunshuo Qu (Unsplash 1-kIuhE-GwQ)","Macro commercial photograph of the corner of a matt laminated poster mounted on white 5 mm foam board, showing the clean cut edge, board thickness and smooth print surface, soft side light, neutral background, fictional brand name, no real logos, no Flash Print Solution branding.","p:poster-printing-dubai:detail"
"209","assets/images/products/poster-printing-dubai/poster-printing-dubai-detail-1200.webp","1200","900","4:3","Product page – material / finish close-up (gallery 2)","/poster-printing-dubai/","Close-up of a matt laminated poster corner mounted on white foam board","Temporary stock","Yunshuo Qu (Unsplash 1-kIuhE-GwQ)","Macro commercial photograph of the corner of a matt laminated poster mounted on white 5 mm foam board, showing the clean cut edge, board thickness and smooth print surface, soft side light, neutral background, fictional brand name, no real logos, no Flash Print Solution branding.","p:poster-printing-dubai:detail"
"210","assets/images/products/poster-printing-dubai/poster-printing-dubai-application-640.webp","640","480","4:3","Product page – product in use (gallery 3 + “Where it’s used”)","/poster-printing-dubai/","Shoppers walking past a framed event poster in a shopping mall corridor","Temporary stock","David Valentine (Unsplash C8uxMVRKuVQ)","Realistic photograph of shoppers walking past a large framed event poster in a bright Dubai shopping mall corridor, motion slightly blurred, poster sharp and legible, wide-angle eye-level view, fictional brand name, no real logos, no Flash Print Solution branding.","p:poster-printing-dubai:application"
"211","assets/images/products/poster-printing-dubai/poster-printing-dubai-application-1200.webp","1200","900","4:3","Product page – product in use (gallery 3 + “Where it’s used”)","/poster-printing-dubai/","Shoppers walking past a framed event poster in a shopping mall corridor","Temporary stock","David Valentine (Unsplash C8uxMVRKuVQ)","Realistic photograph of shoppers walking past a large framed event poster in a bright Dubai shopping mall corridor, motion slightly blurred, poster sharp and legible, wide-angle eye-level view, fictional brand name, no real logos, no Flash Print Solution branding.","p:poster-printing-dubai:application"
"212","assets/images/products/poster-printing-dubai/poster-printing-dubai-production-640.webp","640","480","4:3","Product page – production / finishing (gallery 4)","/poster-printing-dubai/","Wide-format inkjet printer printing a large graphic onto roll media","Temporary stock (shared production photo)","Geri Sakti (Unsplash CYrYxz-uvE4)","Photorealistic commercial photograph of posters production: Wide-format inkjet printer printing a large graphic onto roll media. Clean, well-lit Dubai print workshop, 4:3 landscape. Fictional brand names only, no real logos, no Flash Print Solution branding.","p:poster-printing-dubai:production"
"213","assets/images/products/poster-printing-dubai/poster-printing-dubai-production-1200.webp","1200","900","4:3","Product page – production / finishing (gallery 4)","/poster-printing-dubai/","Wide-format inkjet printer printing a large graphic onto roll media","Temporary stock (shared production photo)","Geri Sakti (Unsplash CYrYxz-uvE4)","Photorealistic commercial photograph of posters production: Wide-format inkjet printer printing a large graphic onto roll media. Clean, well-lit Dubai print workshop, 4:3 landscape. Fictional brand names only, no real logos, no Flash Print Solution branding.","p:poster-printing-dubai:production"
"214","assets/images/products/tent-card-printing-dubai/tent-card-printing-dubai-hero-640.webp","640","480","4:3","Product page – main photo (gallery 1)","/tent-card-printing-dubai/","Laminated triangular table tent card with a drinks promotion on a café table","Temporary stock","Md Tofajjal Hossen (Unsplash W02uD33LSG0)","Realistic commercial photograph of a laminated three-sided table tent card showing a colourful drinks promotion and a QR code, standing on a light wooden café table with a coffee cup nearby, soft natural window light, eye-level angle, fictional brand name, no real logos, no Flash Print Solution branding.","p:tent-card-printing-dubai:hero"
"215","assets/images/products/tent-card-printing-dubai/tent-card-printing-dubai-hero-1200.webp","1200","900","4:3","Product page – main photo (gallery 1)","/tent-card-printing-dubai/","Laminated triangular table tent card with a drinks promotion on a café table","Temporary stock","Md Tofajjal Hossen (Unsplash W02uD33LSG0)","Realistic commercial photograph of a laminated three-sided table tent card showing a colourful drinks promotion and a QR code, standing on a light wooden café table with a coffee cup nearby, soft natural window light, eye-level angle, fictional brand name, no real logos, no Flash Print Solution branding.","p:tent-card-printing-dubai:hero"
"216","assets/images/og/tent-card-printing-dubai-hero.jpg","1200","630","1.91:1","Social share preview (Facebook, WhatsApp, LinkedIn…) – JPG","/tent-card-printing-dubai/","Laminated triangular table tent card with a drinks promotion on a café table","Temporary stock","Md Tofajjal Hossen (Unsplash W02uD33LSG0)","Same photo as above, cropped to 1200 × 630","p:tent-card-printing-dubai:hero"
"217","assets/images/products/tent-card-printing-dubai/tent-card-printing-dubai-detail-640.webp","640","480","4:3","Product page – material / finish close-up (gallery 2)","/tent-card-printing-dubai/","Close-up of a scored tent card fold and locking base tab","Temporary stock","Mel Poole (Unsplash eoiAFDUlisQ)","Macro commercial photograph of the base of a printed A-frame tent card showing the crisp scored fold and the locking tab slotted into place, laminated 350 gsm board, soft side lighting, neutral background, fictional brand name, no real logos, no Flash Print Solution branding.","p:tent-card-printing-dubai:detail"
"218","assets/images/products/tent-card-printing-dubai/tent-card-printing-dubai-detail-1200.webp","1200","900","4:3","Product page – material / finish close-up (gallery 2)","/tent-card-printing-dubai/","Close-up of a scored tent card fold and locking base tab","Temporary stock","Mel Poole (Unsplash eoiAFDUlisQ)","Macro commercial photograph of the base of a printed A-frame tent card showing the crisp scored fold and the locking tab slotted into place, laminated 350 gsm board, soft side lighting, neutral background, fictional brand name, no real logos, no Flash Print Solution branding.","p:tent-card-printing-dubai:detail"
"219","assets/images/products/tent-card-printing-dubai/tent-card-printing-dubai-application-640.webp","640","480","4:3","Product page – product in use (gallery 3 + “Where it’s used”)","/tent-card-printing-dubai/","Conference table with printed delegate name tent cards in front of each seat","Temporary stock","Ilya Semenov (Unsplash PLBTlOQVHD0)","Realistic photograph of a long conference table in a Dubai hotel meeting room set with white tent-style delegate name cards, notepads and water glasses at each seat, bright even lighting, perspective view along the table, fictional brand name, no real logos, no Flash Print Solution branding.","p:tent-card-printing-dubai:application"
"220","assets/images/products/tent-card-printing-dubai/tent-card-printing-dubai-application-1200.webp","1200","900","4:3","Product page – product in use (gallery 3 + “Where it’s used”)","/tent-card-printing-dubai/","Conference table with printed delegate name tent cards in front of each seat","Temporary stock","Ilya Semenov (Unsplash PLBTlOQVHD0)","Realistic photograph of a long conference table in a Dubai hotel meeting room set with white tent-style delegate name cards, notepads and water glasses at each seat, bright even lighting, perspective view along the table, fictional brand name, no real logos, no Flash Print Solution branding.","p:tent-card-printing-dubai:application"
"221","assets/images/products/tent-card-printing-dubai/tent-card-printing-dubai-production-640.webp","640","480","4:3","Product page – production / finishing (gallery 4)","/tent-card-printing-dubai/","Digital press output","Temporary stock (shared production photo)","Srdjan Ivankovic (Unsplash Wq4lqogZKMY)","Photorealistic commercial photograph of tent cards production: Digital press output — freshly printed sheets leaving a production digital press. Clean, well-lit Dubai print workshop, 4:3 landscape. Fictional brand names only, no real logos, no Flash Print Solution branding.","p:tent-card-printing-dubai:production"
"222","assets/images/products/tent-card-printing-dubai/tent-card-printing-dubai-production-1200.webp","1200","900","4:3","Product page – production / finishing (gallery 4)","/tent-card-printing-dubai/","Digital press output","Temporary stock (shared production photo)","Srdjan Ivankovic (Unsplash Wq4lqogZKMY)","Photorealistic commercial photograph of tent cards production: Digital press output — freshly printed sheets leaving a production digital press. Clean, well-lit Dubai print workshop, 4:3 landscape. Fictional brand names only, no real logos, no Flash Print Solution branding.","p:tent-card-printing-dubai:production"
"223","assets/images/products/backlit-signage-dubai/backlit-signage-dubai-hero-640.webp","640","480","4:3","Product page – main photo (gallery 1)","/backlit-signage-dubai/","Illuminated menu light boxes above a modern café counter showing food photography","Temporary stock","Foo Visuals (Unsplash 5AMSZcgN_cM)","Realistic commercial photograph of three slim illuminated menu light boxes above a modern café counter in Dubai, evenly glowing backlit food photography and bilingual menu text, warm interior lighting, straight-on view, fictional brand name, no real logos, no Flash Print Solution branding.","p:backlit-signage-dubai:hero"
"224","assets/images/products/backlit-signage-dubai/backlit-signage-dubai-hero-1200.webp","1200","900","4:3","Product page – main photo (gallery 1)","/backlit-signage-dubai/","Illuminated menu light boxes above a modern café counter showing food photography","Temporary stock","Foo Visuals (Unsplash 5AMSZcgN_cM)","Realistic commercial photograph of three slim illuminated menu light boxes above a modern café counter in Dubai, evenly glowing backlit food photography and bilingual menu text, warm interior lighting, straight-on view, fictional brand name, no real logos, no Flash Print Solution branding.","p:backlit-signage-dubai:hero"
"225","assets/images/og/backlit-signage-dubai-hero.jpg","1200","630","1.91:1","Social share preview (Facebook, WhatsApp, LinkedIn…) – JPG","/backlit-signage-dubai/","Illuminated menu light boxes above a modern café counter showing food photography","Temporary stock","Foo Visuals (Unsplash 5AMSZcgN_cM)","Same photo as above, cropped to 1200 × 630","p:backlit-signage-dubai:hero"
"226","assets/images/products/backlit-signage-dubai/backlit-signage-dubai-detail-640.webp","640","480","4:3","Product page – material / finish close-up (gallery 2)","/backlit-signage-dubai/","Backlit film graphic being placed into an aluminium snap frame on a light panel","Temporary stock","Thingsneverchange (Unsplash 2WvwulCTk-Y)","Close-up commercial photograph of hands placing a printed translucent backlit film graphic into an open aluminium snap frame on a glowing slim LED panel, soft ambient light, colours visibly lit from behind, shallow depth of field, fictional brand name, no real logos, no Flash Print Solution branding.","p:backlit-signage-dubai:detail"
"227","assets/images/products/backlit-signage-dubai/backlit-signage-dubai-detail-1200.webp","1200","900","4:3","Product page – material / finish close-up (gallery 2)","/backlit-signage-dubai/","Backlit film graphic being placed into an aluminium snap frame on a light panel","Temporary stock","Thingsneverchange (Unsplash 2WvwulCTk-Y)","Close-up commercial photograph of hands placing a printed translucent backlit film graphic into an open aluminium snap frame on a glowing slim LED panel, soft ambient light, colours visibly lit from behind, shallow depth of field, fictional brand name, no real logos, no Flash Print Solution branding.","p:backlit-signage-dubai:detail"
"228","assets/images/products/backlit-signage-dubai/backlit-signage-dubai-application-640.webp","640","480","4:3","Product page – product in use (gallery 3 + “Where it’s used”)","/backlit-signage-dubai/","Large fabric light box display glowing along a shopping mall corridor","Temporary stock","EJ Li (Unsplash LwJfxRPGdZg)","Realistic commercial photograph of a large frameless fabric light box display glowing evenly on a wall in a bright Dubai shopping mall corridor, lifestyle visual, polished floor reflections, shoppers softly blurred, wide angle, fictional brand name, no real logos, no Flash Print Solution branding.","p:backlit-signage-dubai:application"
"229","assets/images/products/backlit-signage-dubai/backlit-signage-dubai-application-1200.webp","1200","900","4:3","Product page – product in use (gallery 3 + “Where it’s used”)","/backlit-signage-dubai/","Large fabric light box display glowing along a shopping mall corridor","Temporary stock","EJ Li (Unsplash LwJfxRPGdZg)","Realistic commercial photograph of a large frameless fabric light box display glowing evenly on a wall in a bright Dubai shopping mall corridor, lifestyle visual, polished floor reflections, shoppers softly blurred, wide angle, fictional brand name, no real logos, no Flash Print Solution branding.","p:backlit-signage-dubai:application"
"230","assets/images/products/backlit-signage-dubai/backlit-signage-dubai-production-640.webp","640","480","4:3","Product page – production / finishing (gallery 4)","/backlit-signage-dubai/","Quality control","Temporary stock (shared production photo)","Hans Westbeek (Unsplash _luiFaaZU6k)","Photorealistic commercial photograph of backlit displays production: Quality control — checking a printed proof against a colour swatch under lighting. Clean, well-lit Dubai print workshop, 4:3 landscape. Fictional brand names only, no real logos, no Flash Print Solution branding.","p:backlit-signage-dubai:production"
"231","assets/images/products/backlit-signage-dubai/backlit-signage-dubai-production-1200.webp","1200","900","4:3","Product page – production / finishing (gallery 4)","/backlit-signage-dubai/","Quality control","Temporary stock (shared production photo)","Hans Westbeek (Unsplash _luiFaaZU6k)","Photorealistic commercial photograph of backlit displays production: Quality control — checking a printed proof against a colour swatch under lighting. Clean, well-lit Dubai print workshop, 4:3 landscape. Fictional brand names only, no real logos, no Flash Print Solution branding.","p:backlit-signage-dubai:production"
"232","assets/images/products/flex-banner-printing-dubai/flex-banner-printing-dubai-hero-640.webp","640","480","4:3","Product page – main photo (gallery 1)","/flex-banner-printing-dubai/","Large printed flex banner tensioned on a steel frame on top of a commercial building","Temporary stock","Josh Sanabria (Unsplash -c_LxZzVUnY)","Realistic commercial photograph of a large printed PVC flex banner tensioned on a steel frame on the roof of a low-rise commercial building in Dubai, clear blue sky, midday sun, low angle from street level, crisp colours, fictional brand name, no real logos, no Flash Print Solution branding.","p:flex-banner-printing-dubai:hero"
"233","assets/images/products/flex-banner-printing-dubai/flex-banner-printing-dubai-hero-1200.webp","1200","900","4:3","Product page – main photo (gallery 1)","/flex-banner-printing-dubai/","Large printed flex banner tensioned on a steel frame on top of a commercial building","Temporary stock","Josh Sanabria (Unsplash -c_LxZzVUnY)","Realistic commercial photograph of a large printed PVC flex banner tensioned on a steel frame on the roof of a low-rise commercial building in Dubai, clear blue sky, midday sun, low angle from street level, crisp colours, fictional brand name, no real logos, no Flash Print Solution branding.","p:flex-banner-printing-dubai:hero"
"234","assets/images/og/flex-banner-printing-dubai-hero.jpg","1200","630","1.91:1","Social share preview (Facebook, WhatsApp, LinkedIn…) – JPG","/flex-banner-printing-dubai/","Large printed flex banner tensioned on a steel frame on top of a commercial building","Temporary stock","Josh Sanabria (Unsplash -c_LxZzVUnY)","Same photo as above, cropped to 1200 × 630","p:flex-banner-printing-dubai:hero"
"235","assets/images/products/flex-banner-printing-dubai/flex-banner-printing-dubai-detail-640.webp","640","480","4:3","Product page – material / finish close-up (gallery 2)","/flex-banner-printing-dubai/","Welded flex banner hem with rope reinforcement and a row of steel eyelets","Temporary stock","Fancy Walls | Premium Wallpaper Printed On Demand (Unsplash BU-veNQHzzk)","Close-up commercial photograph of the welded edge of a printed PVC flex banner with a rope-reinforced hem and evenly spaced steel eyelets, raking daylight showing the satin surface and scrim texture, shallow depth of field, fictional brand name, no real logos, no Flash Print Solution branding.","p:flex-banner-printing-dubai:detail"
"236","assets/images/products/flex-banner-printing-dubai/flex-banner-printing-dubai-detail-1200.webp","1200","900","4:3","Product page – material / finish close-up (gallery 2)","/flex-banner-printing-dubai/","Welded flex banner hem with rope reinforcement and a row of steel eyelets","Temporary stock","Fancy Walls | Premium Wallpaper Printed On Demand (Unsplash BU-veNQHzzk)","Close-up commercial photograph of the welded edge of a printed PVC flex banner with a rope-reinforced hem and evenly spaced steel eyelets, raking daylight showing the satin surface and scrim texture, shallow depth of field, fictional brand name, no real logos, no Flash Print Solution branding.","p:flex-banner-printing-dubai:detail"
"237","assets/images/products/flex-banner-printing-dubai/flex-banner-printing-dubai-application-640.webp","640","480","4:3","Product page – product in use (gallery 3 + “Where it’s used”)","/flex-banner-printing-dubai/","Flex banner covering part of a mid-rise building facade on a sunny street","Temporary stock","Tianlei Wu (Unsplash PF1zqBAdHz8)","Realistic commercial photograph of a large welded flex banner covering several floors of a mid-rise building facade in a Dubai commercial district, strong sunlight, street and parked cars in the foreground, wide-angle view, fictional brand name, no real logos, no Flash Print Solution branding.","p:flex-banner-printing-dubai:application"
"238","assets/images/products/flex-banner-printing-dubai/flex-banner-printing-dubai-application-1200.webp","1200","900","4:3","Product page – product in use (gallery 3 + “Where it’s used”)","/flex-banner-printing-dubai/","Flex banner covering part of a mid-rise building facade on a sunny street","Temporary stock","Tianlei Wu (Unsplash PF1zqBAdHz8)","Realistic commercial photograph of a large welded flex banner covering several floors of a mid-rise building facade in a Dubai commercial district, strong sunlight, street and parked cars in the foreground, wide-angle view, fictional brand name, no real logos, no Flash Print Solution branding.","p:flex-banner-printing-dubai:application"
"239","assets/images/products/flex-banner-printing-dubai/flex-banner-printing-dubai-production-640.webp","640","480","4:3","Product page – production / finishing (gallery 4)","/flex-banner-printing-dubai/","Wide-format inkjet printer printing a large graphic onto roll media","Temporary stock (shared production photo)","Geri Sakti (Unsplash CYrYxz-uvE4)","Photorealistic commercial photograph of flex banners production: Wide-format inkjet printer printing a large graphic onto roll media. Clean, well-lit Dubai print workshop, 4:3 landscape. Fictional brand names only, no real logos, no Flash Print Solution branding.","p:flex-banner-printing-dubai:production"
"240","assets/images/products/flex-banner-printing-dubai/flex-banner-printing-dubai-production-1200.webp","1200","900","4:3","Product page – production / finishing (gallery 4)","/flex-banner-printing-dubai/","Wide-format inkjet printer printing a large graphic onto roll media","Temporary stock (shared production photo)","Geri Sakti (Unsplash CYrYxz-uvE4)","Photorealistic commercial photograph of flex banners production: Wide-format inkjet printer printing a large graphic onto roll media. Clean, well-lit Dubai print workshop, 4:3 landscape. Fictional brand names only, no real logos, no Flash Print Solution branding.","p:flex-banner-printing-dubai:production"
"241","assets/images/products/roll-up-banner-printing-dubai/roll-up-banner-printing-dubai-hero-640.webp","640","480","4:3","Product page – main photo (gallery 1)","/roll-up-banner-printing-dubai/","Printed roll-up banner stand standing upright in a bright, empty exhibition space","Temporary stock","Michael Pointner (Unsplash POXFmKVOaQU)","Realistic commercial product photograph of a single 85 × 200 cm roll-up banner stand with a clean full-colour corporate graphic, standing on a light grey floor in a bright exhibition hall, soft even lighting, straight-on view, fictional brand name, no real logos, no Flash Print Solution branding.","p:roll-up-banner-printing-dubai:hero"
"242","assets/images/products/roll-up-banner-printing-dubai/roll-up-banner-printing-dubai-hero-1200.webp","1200","900","4:3","Product page – main photo (gallery 1)","/roll-up-banner-printing-dubai/","Printed roll-up banner stand standing upright in a bright, empty exhibition space","Temporary stock","Michael Pointner (Unsplash POXFmKVOaQU)","Realistic commercial product photograph of a single 85 × 200 cm roll-up banner stand with a clean full-colour corporate graphic, standing on a light grey floor in a bright exhibition hall, soft even lighting, straight-on view, fictional brand name, no real logos, no Flash Print Solution branding.","p:roll-up-banner-printing-dubai:hero"
"243","assets/images/og/roll-up-banner-printing-dubai-hero.jpg","1200","630","1.91:1","Social share preview (Facebook, WhatsApp, LinkedIn…) – JPG","/roll-up-banner-printing-dubai/","Printed roll-up banner stand standing upright in a bright, empty exhibition space","Temporary stock","Michael Pointner (Unsplash POXFmKVOaQU)","Same photo as above, cropped to 1200 × 630","p:roll-up-banner-printing-dubai:hero"
"244","assets/images/products/roll-up-banner-printing-dubai/roll-up-banner-printing-dubai-detail-640.webp","640","480","4:3","Product page – material / finish close-up (gallery 2)","/roll-up-banner-printing-dubai/","Aluminium roll-up banner cassette base with the printed graphic emerging from the slot","Temporary stock","Mike Winkler (Unsplash szPBLj5d-1s)","Close-up commercial photograph of a silver aluminium roll-up banner cassette base with adjustable feet and the bottom of a printed film graphic rising from the slot, soft studio light, low angle, shallow depth of field, fictional brand name, no real logos, no Flash Print Solution branding.","p:roll-up-banner-printing-dubai:detail"
"245","assets/images/products/roll-up-banner-printing-dubai/roll-up-banner-printing-dubai-detail-1200.webp","1200","900","4:3","Product page – material / finish close-up (gallery 2)","/roll-up-banner-printing-dubai/","Aluminium roll-up banner cassette base with the printed graphic emerging from the slot","Temporary stock","Mike Winkler (Unsplash szPBLj5d-1s)","Close-up commercial photograph of a silver aluminium roll-up banner cassette base with adjustable feet and the bottom of a printed film graphic rising from the slot, soft studio light, low angle, shallow depth of field, fictional brand name, no real logos, no Flash Print Solution branding.","p:roll-up-banner-printing-dubai:detail"
"246","assets/images/products/roll-up-banner-printing-dubai/roll-up-banner-printing-dubai-application-640.webp","640","480","4:3","Product page – product in use (gallery 3 + “Where it’s used”)","/roll-up-banner-printing-dubai/","Two roll-up banners beside a reception counter in a modern clinic waiting area","Temporary stock","Dr.Kanapon Phumratprapin (Unsplash xOvJBvcame8)","Realistic commercial photograph of two printed roll-up banners standing beside the reception counter of a modern Dubai clinic, clean white interior, soft daylight from windows, calm atmosphere, wide three-quarter angle, fictional brand name, no real logos, no Flash Print Solution branding.","p:roll-up-banner-printing-dubai:application"
"247","assets/images/products/roll-up-banner-printing-dubai/roll-up-banner-printing-dubai-application-1200.webp","1200","900","4:3","Product page – product in use (gallery 3 + “Where it’s used”)","/roll-up-banner-printing-dubai/","Two roll-up banners beside a reception counter in a modern clinic waiting area","Temporary stock","Dr.Kanapon Phumratprapin (Unsplash xOvJBvcame8)","Realistic commercial photograph of two printed roll-up banners standing beside the reception counter of a modern Dubai clinic, clean white interior, soft daylight from windows, calm atmosphere, wide three-quarter angle, fictional brand name, no real logos, no Flash Print Solution branding.","p:roll-up-banner-printing-dubai:application"
"248","assets/images/products/roll-up-banner-printing-dubai/roll-up-banner-printing-dubai-production-640.webp","640","480","4:3","Product page – production / finishing (gallery 4)","/roll-up-banner-printing-dubai/","Wide-format inkjet printer printing a large graphic onto roll media","Temporary stock (shared production photo)","Geri Sakti (Unsplash CYrYxz-uvE4)","Photorealistic commercial photograph of roll-up banners production: Wide-format inkjet printer printing a large graphic onto roll media. Clean, well-lit Dubai print workshop, 4:3 landscape. Fictional brand names only, no real logos, no Flash Print Solution branding.","p:roll-up-banner-printing-dubai:production"
"249","assets/images/products/roll-up-banner-printing-dubai/roll-up-banner-printing-dubai-production-1200.webp","1200","900","4:3","Product page – production / finishing (gallery 4)","/roll-up-banner-printing-dubai/","Wide-format inkjet printer printing a large graphic onto roll media","Temporary stock (shared production photo)","Geri Sakti (Unsplash CYrYxz-uvE4)","Photorealistic commercial photograph of roll-up banners production: Wide-format inkjet printer printing a large graphic onto roll media. Clean, well-lit Dubai print workshop, 4:3 landscape. Fictional brand names only, no real logos, no Flash Print Solution branding.","p:roll-up-banner-printing-dubai:production"
"250","assets/images/products/vinyl-printing-dubai/vinyl-printing-dubai-hero-640.webp","640","480","4:3","Product page – main photo (gallery 1)","/vinyl-printing-dubai/","Printed vinyl graphic applied to a glass office partition in a bright modern workspace","Temporary stock","Tina Roy (Unsplash cnLiKdlG538)","Realistic commercial photograph of a full-colour printed vinyl graphic applied across a glass office partition in a bright modern Dubai office, soft daylight, clean desks behind the glass, three-quarter angle, sharp detail, fictional brand name, no real logos, no Flash Print Solution branding.","p:vinyl-printing-dubai:hero"
"251","assets/images/products/vinyl-printing-dubai/vinyl-printing-dubai-hero-1200.webp","1200","900","4:3","Product page – main photo (gallery 1)","/vinyl-printing-dubai/","Printed vinyl graphic applied to a glass office partition in a bright modern workspace","Temporary stock","Tina Roy (Unsplash cnLiKdlG538)","Realistic commercial photograph of a full-colour printed vinyl graphic applied across a glass office partition in a bright modern Dubai office, soft daylight, clean desks behind the glass, three-quarter angle, sharp detail, fictional brand name, no real logos, no Flash Print Solution branding.","p:vinyl-printing-dubai:hero"
"252","assets/images/og/vinyl-printing-dubai-hero.jpg","1200","630","1.91:1","Social share preview (Facebook, WhatsApp, LinkedIn…) – JPG","/vinyl-printing-dubai/","Printed vinyl graphic applied to a glass office partition in a bright modern workspace","Temporary stock","Tina Roy (Unsplash cnLiKdlG538)","Same photo as above, cropped to 1200 × 630","p:vinyl-printing-dubai:hero"
"253","assets/images/products/vinyl-printing-dubai/vinyl-printing-dubai-detail-640.webp","640","480","4:3","Product page – material / finish close-up (gallery 2)","/vinyl-printing-dubai/","Roll of printed self-adhesive vinyl with the backing liner partly peeled away","Temporary stock","Steve Long (Unsplash melnlSFpKfI)","Close-up commercial photograph of a roll of printed self-adhesive vinyl with the white backing liner partly peeled back to show the adhesive side, on a clean workshop table, soft top lighting, shallow depth of field, fictional brand name, no real logos, no Flash Print Solution branding.","p:vinyl-printing-dubai:detail"
"254","assets/images/products/vinyl-printing-dubai/vinyl-printing-dubai-detail-1200.webp","1200","900","4:3","Product page – material / finish close-up (gallery 2)","/vinyl-printing-dubai/","Roll of printed self-adhesive vinyl with the backing liner partly peeled away","Temporary stock","Steve Long (Unsplash melnlSFpKfI)","Close-up commercial photograph of a roll of printed self-adhesive vinyl with the white backing liner partly peeled back to show the adhesive side, on a clean workshop table, soft top lighting, shallow depth of field, fictional brand name, no real logos, no Flash Print Solution branding.","p:vinyl-printing-dubai:detail"
"255","assets/images/products/vinyl-printing-dubai/vinyl-printing-dubai-application-640.webp","640","480","4:3","Product page – product in use (gallery 3 + “Where it’s used”)","/vinyl-printing-dubai/","Installer smoothing a large printed vinyl panel onto an interior wall with a squeegee","Temporary stock","Declan Sun (Unsplash HcWcX8nwCBU)","Realistic commercial photograph of an installer in plain work clothes smoothing a large printed vinyl panel onto a white interior wall with a felt squeegee, retail fit-out setting in Dubai, natural light, mid-shot, fictional brand name, no real logos, no Flash Print Solution branding.","p:vinyl-printing-dubai:application"
"256","assets/images/products/vinyl-printing-dubai/vinyl-printing-dubai-application-1200.webp","1200","900","4:3","Product page – product in use (gallery 3 + “Where it’s used”)","/vinyl-printing-dubai/","Installer smoothing a large printed vinyl panel onto an interior wall with a squeegee","Temporary stock","Declan Sun (Unsplash HcWcX8nwCBU)","Realistic commercial photograph of an installer in plain work clothes smoothing a large printed vinyl panel onto a white interior wall with a felt squeegee, retail fit-out setting in Dubai, natural light, mid-shot, fictional brand name, no real logos, no Flash Print Solution branding.","p:vinyl-printing-dubai:application"
"257","assets/images/products/vinyl-printing-dubai/vinyl-printing-dubai-production-640.webp","640","480","4:3","Product page – production / finishing (gallery 4)","/vinyl-printing-dubai/","Installer applying printed vinyl film to glass or wall with a squeegee","Temporary stock (shared production photo)","Steve A Johnson (Unsplash NqpWSWv0oAs)","Photorealistic commercial photograph of vinyl printing production: Installer applying printed vinyl film to glass or wall with a squeegee. Clean, well-lit Dubai print workshop, 4:3 landscape. Fictional brand names only, no real logos, no Flash Print Solution branding.","p:vinyl-printing-dubai:production"
"258","assets/images/products/vinyl-printing-dubai/vinyl-printing-dubai-production-1200.webp","1200","900","4:3","Product page – production / finishing (gallery 4)","/vinyl-printing-dubai/","Installer applying printed vinyl film to glass or wall with a squeegee","Temporary stock (shared production photo)","Steve A Johnson (Unsplash NqpWSWv0oAs)","Photorealistic commercial photograph of vinyl printing production: Installer applying printed vinyl film to glass or wall with a squeegee. Clean, well-lit Dubai print workshop, 4:3 landscape. Fictional brand names only, no real logos, no Flash Print Solution branding.","p:vinyl-printing-dubai:production"
"259","assets/images/products/x-banner-printing-dubai/x-banner-printing-dubai-hero-640.webp","640","480","4:3","Product page – main photo (gallery 1)","/x-banner-printing-dubai/","X-banner stand with a colourful promotional print standing in a bright retail aisle","Temporary stock","Aaron Douglas (Unsplash AqAA1JMQYPE)","Realistic commercial product photograph of a printed 60 × 160 cm X-banner stand with a colourful promotional graphic standing in a bright supermarket aisle in Dubai, even overhead lighting, straight-on view, clean floor, fictional brand name, no real logos, no Flash Print Solution branding.","p:x-banner-printing-dubai:hero"
"260","assets/images/products/x-banner-printing-dubai/x-banner-printing-dubai-hero-1200.webp","1200","900","4:3","Product page – main photo (gallery 1)","/x-banner-printing-dubai/","X-banner stand with a colourful promotional print standing in a bright retail aisle","Temporary stock","Aaron Douglas (Unsplash AqAA1JMQYPE)","Realistic commercial product photograph of a printed 60 × 160 cm X-banner stand with a colourful promotional graphic standing in a bright supermarket aisle in Dubai, even overhead lighting, straight-on view, clean floor, fictional brand name, no real logos, no Flash Print Solution branding.","p:x-banner-printing-dubai:hero"
"261","assets/images/og/x-banner-printing-dubai-hero.jpg","1200","630","1.91:1","Social share preview (Facebook, WhatsApp, LinkedIn…) – JPG","/x-banner-printing-dubai/","X-banner stand with a colourful promotional print standing in a bright retail aisle","Temporary stock","Aaron Douglas (Unsplash AqAA1JMQYPE)","Same photo as above, cropped to 1200 × 630","p:x-banner-printing-dubai:hero"
"262","assets/images/products/x-banner-printing-dubai/x-banner-printing-dubai-detail-640.webp","640","480","4:3","Product page – material / finish close-up (gallery 2)","/x-banner-printing-dubai/","Close-up of an X-banner corner eyelet clipped onto a flexible black rod tip","Temporary stock","Jonathan Cosens Photography (Unsplash cKf2_lVzI1E)","Macro commercial photograph of the corner of a printed X-banner showing a reinforced eyelet hooked onto the tip of a flexible black fibreglass rod, soft side lighting, shallow depth of field, neutral background, fictional brand name, no real logos, no Flash Print Solution branding.","p:x-banner-printing-dubai:detail"
"263","assets/images/products/x-banner-printing-dubai/x-banner-printing-dubai-detail-1200.webp","1200","900","4:3","Product page – material / finish close-up (gallery 2)","/x-banner-printing-dubai/","Close-up of an X-banner corner eyelet clipped onto a flexible black rod tip","Temporary stock","Jonathan Cosens Photography (Unsplash cKf2_lVzI1E)","Macro commercial photograph of the corner of a printed X-banner showing a reinforced eyelet hooked onto the tip of a flexible black fibreglass rod, soft side lighting, shallow depth of field, neutral background, fictional brand name, no real logos, no Flash Print Solution branding.","p:x-banner-printing-dubai:detail"
"264","assets/images/products/x-banner-printing-dubai/x-banner-printing-dubai-application-640.webp","640","480","4:3","Product page – product in use (gallery 3 + “Where it’s used”)","/x-banner-printing-dubai/","Promoter beside an X-banner at a product sampling table inside a shopping mall","Temporary stock","DOKYUNG KIM (Unsplash CkqV9JrBPxo)","Realistic commercial photograph of a promoter at a small product sampling table in a Dubai shopping mall corridor with a printed X-banner stand beside the table, warm mall lighting, shoppers softly blurred in background, three-quarter angle, fictional brand name, no real logos, no Flash Print Solution branding.","p:x-banner-printing-dubai:application"
"265","assets/images/products/x-banner-printing-dubai/x-banner-printing-dubai-application-1200.webp","1200","900","4:3","Product page – product in use (gallery 3 + “Where it’s used”)","/x-banner-printing-dubai/","Promoter beside an X-banner at a product sampling table inside a shopping mall","Temporary stock","DOKYUNG KIM (Unsplash CkqV9JrBPxo)","Realistic commercial photograph of a promoter at a small product sampling table in a Dubai shopping mall corridor with a printed X-banner stand beside the table, warm mall lighting, shoppers softly blurred in background, three-quarter angle, fictional brand name, no real logos, no Flash Print Solution branding.","p:x-banner-printing-dubai:application"
"266","assets/images/products/x-banner-printing-dubai/x-banner-printing-dubai-production-640.webp","640","480","4:3","Product page – production / finishing (gallery 4)","/x-banner-printing-dubai/","Wide-format inkjet printer printing a large graphic onto roll media","Temporary stock (shared production photo)","Geri Sakti (Unsplash CYrYxz-uvE4)","Photorealistic commercial photograph of x-banners production: Wide-format inkjet printer printing a large graphic onto roll media. Clean, well-lit Dubai print workshop, 4:3 landscape. Fictional brand names only, no real logos, no Flash Print Solution branding.","p:x-banner-printing-dubai:production"
"267","assets/images/products/x-banner-printing-dubai/x-banner-printing-dubai-production-1200.webp","1200","900","4:3","Product page – production / finishing (gallery 4)","/x-banner-printing-dubai/","Wide-format inkjet printer printing a large graphic onto roll media","Temporary stock (shared production photo)","Geri Sakti (Unsplash CYrYxz-uvE4)","Photorealistic commercial photograph of x-banners production: Wide-format inkjet printer printing a large graphic onto roll media. Clean, well-lit Dubai print workshop, 4:3 landscape. Fictional brand names only, no real logos, no Flash Print Solution branding.","p:x-banner-printing-dubai:production"
"268","assets/images/products/3d-letter-signs-dubai/3d-letter-signs-dubai-hero-640.webp","640","480","4:3","Product page – main photo (gallery 1)","/3d-letter-signs-dubai/","Brushed stainless steel 3D letters mounted on a dark stone facade above an entrance","Temporary stock","Zoshua Colah (Unsplash qQtNRj9xbkA)","Realistic commercial photograph of brushed stainless steel 3D letters mounted on stand-offs on a dark stone facade above a modern office entrance in Dubai, late afternoon sun raking across the letters, low angle, crisp shadows, fictional brand name, no real logos, no Flash Print Solution branding.","p:3d-letter-signs-dubai:hero"
"269","assets/images/products/3d-letter-signs-dubai/3d-letter-signs-dubai-hero-1200.webp","1200","900","4:3","Product page – main photo (gallery 1)","/3d-letter-signs-dubai/","Brushed stainless steel 3D letters mounted on a dark stone facade above an entrance","Temporary stock","Zoshua Colah (Unsplash qQtNRj9xbkA)","Realistic commercial photograph of brushed stainless steel 3D letters mounted on stand-offs on a dark stone facade above a modern office entrance in Dubai, late afternoon sun raking across the letters, low angle, crisp shadows, fictional brand name, no real logos, no Flash Print Solution branding.","p:3d-letter-signs-dubai:hero"
"270","assets/images/og/3d-letter-signs-dubai-hero.jpg","1200","630","1.91:1","Social share preview (Facebook, WhatsApp, LinkedIn…) – JPG","/3d-letter-signs-dubai/","Brushed stainless steel 3D letters mounted on a dark stone facade above an entrance","Temporary stock","Zoshua Colah (Unsplash qQtNRj9xbkA)","Same photo as above, cropped to 1200 × 630","p:3d-letter-signs-dubai:hero"
"271","assets/images/products/3d-letter-signs-dubai/3d-letter-signs-dubai-detail-640.webp","640","480","4:3","Product page – material / finish close-up (gallery 2)","/3d-letter-signs-dubai/","Close-up of a halo-lit metal letter glowing softly against a light wall","Temporary stock","Aneta Pawlik (Unsplash BBWmO2Xt-9s)","Close-up commercial photograph of a halo-lit brushed metal letter mounted on stand-offs with warm white LED light glowing onto a pale wall behind it, evening ambient light, side angle showing the letter depth, fictional brand name, no real logos, no Flash Print Solution branding.","p:3d-letter-signs-dubai:detail"
"272","assets/images/products/3d-letter-signs-dubai/3d-letter-signs-dubai-detail-1200.webp","1200","900","4:3","Product page – material / finish close-up (gallery 2)","/3d-letter-signs-dubai/","Close-up of a halo-lit metal letter glowing softly against a light wall","Temporary stock","Aneta Pawlik (Unsplash BBWmO2Xt-9s)","Close-up commercial photograph of a halo-lit brushed metal letter mounted on stand-offs with warm white LED light glowing onto a pale wall behind it, evening ambient light, side angle showing the letter depth, fictional brand name, no real logos, no Flash Print Solution branding.","p:3d-letter-signs-dubai:detail"
"273","assets/images/products/3d-letter-signs-dubai/3d-letter-signs-dubai-application-640.webp","640","480","4:3","Product page – product in use (gallery 3 + “Where it’s used”)","/3d-letter-signs-dubai/","Front-lit channel letters glowing on a restaurant fascia at night on a busy street","Temporary stock","Rémi Bertogliati (Unsplash n4Uzf8nsYi0)","Realistic commercial photograph of front-lit acrylic channel letters glowing white on a dark fascia above a restaurant entrance on a Dubai street at night, warm light spilling onto the pavement, gentle motion blur of passers-by, fictional brand name, no real logos, no Flash Print Solution branding.","p:3d-letter-signs-dubai:application"
"274","assets/images/products/3d-letter-signs-dubai/3d-letter-signs-dubai-application-1200.webp","1200","900","4:3","Product page – product in use (gallery 3 + “Where it’s used”)","/3d-letter-signs-dubai/","Front-lit channel letters glowing on a restaurant fascia at night on a busy street","Temporary stock","Rémi Bertogliati (Unsplash n4Uzf8nsYi0)","Realistic commercial photograph of front-lit acrylic channel letters glowing white on a dark fascia above a restaurant entrance on a Dubai street at night, warm light spilling onto the pavement, gentle motion blur of passers-by, fictional brand name, no real logos, no Flash Print Solution branding.","p:3d-letter-signs-dubai:application"
"275","assets/images/products/3d-letter-signs-dubai/3d-letter-signs-dubai-production-640.webp","640","480","4:3","Product page – production / finishing (gallery 4)","/3d-letter-signs-dubai/","Workshop fabrication of signage","Temporary stock (shared production photo)","Syd Mills (Unsplash kLeczQMR55Y)","Photorealistic commercial photograph of 3d letter signage production: Workshop fabrication of signage — acrylic, aluminium composite panels and letters. Clean, well-lit Dubai print workshop, 4:3 landscape. Fictional brand names only, no real logos, no Flash Print Solution branding.","p:3d-letter-signs-dubai:production"
"276","assets/images/products/3d-letter-signs-dubai/3d-letter-signs-dubai-production-1200.webp","1200","900","4:3","Product page – production / finishing (gallery 4)","/3d-letter-signs-dubai/","Workshop fabrication of signage","Temporary stock (shared production photo)","Syd Mills (Unsplash kLeczQMR55Y)","Photorealistic commercial photograph of 3d letter signage production: Workshop fabrication of signage — acrylic, aluminium composite panels and letters. Clean, well-lit Dubai print workshop, 4:3 landscape. Fictional brand names only, no real logos, no Flash Print Solution branding.","p:3d-letter-signs-dubai:production"
"277","assets/images/products/acp-sign-boards-dubai/acp-sign-boards-dubai-hero-640.webp","640","480","4:3","Product page – main photo (gallery 1)","/acp-sign-boards-dubai/","Grey ACP fascia with white cut-out lettering above a modern commercial unit entrance","Temporary stock","Markus Winkler (Unsplash cVxbJOk8pY8)","Realistic commercial photograph of a dark grey folded ACP fascia with white routed lettering above a modern commercial unit entrance in Dubai, clear daylight, straight-on eye-level view, clean glass shopfront below, fictional brand name, no real logos, no Flash Print Solution branding.","p:acp-sign-boards-dubai:hero"
"278","assets/images/products/acp-sign-boards-dubai/acp-sign-boards-dubai-hero-1200.webp","1200","900","4:3","Product page – main photo (gallery 1)","/acp-sign-boards-dubai/","Grey ACP fascia with white cut-out lettering above a modern commercial unit entrance","Temporary stock","Markus Winkler (Unsplash cVxbJOk8pY8)","Realistic commercial photograph of a dark grey folded ACP fascia with white routed lettering above a modern commercial unit entrance in Dubai, clear daylight, straight-on eye-level view, clean glass shopfront below, fictional brand name, no real logos, no Flash Print Solution branding.","p:acp-sign-boards-dubai:hero"
"279","assets/images/og/acp-sign-boards-dubai-hero.jpg","1200","630","1.91:1","Social share preview (Facebook, WhatsApp, LinkedIn…) – JPG","/acp-sign-boards-dubai/","Grey ACP fascia with white cut-out lettering above a modern commercial unit entrance","Temporary stock","Markus Winkler (Unsplash cVxbJOk8pY8)","Same photo as above, cropped to 1200 × 630","p:acp-sign-boards-dubai:hero"
"280","assets/images/products/acp-sign-boards-dubai/acp-sign-boards-dubai-detail-640.webp","640","480","4:3","Product page – material / finish close-up (gallery 2)","/acp-sign-boards-dubai/","Folded corner of an aluminium composite panel tray showing the crisp return edge","Temporary stock","Marija Zaric (Unsplash ii-oy6tuLm8)","Close-up commercial photograph of the folded corner of a brushed aluminium composite panel sign tray in a signage workshop, showing the V-grooved fold and crisp return edge, soft workshop lighting, shallow depth of field, fictional brand name, no real logos, no Flash Print Solution branding.","p:acp-sign-boards-dubai:detail"
"281","assets/images/products/acp-sign-boards-dubai/acp-sign-boards-dubai-detail-1200.webp","1200","900","4:3","Product page – material / finish close-up (gallery 2)","/acp-sign-boards-dubai/","Folded corner of an aluminium composite panel tray showing the crisp return edge","Temporary stock","Marija Zaric (Unsplash ii-oy6tuLm8)","Close-up commercial photograph of the folded corner of a brushed aluminium composite panel sign tray in a signage workshop, showing the V-grooved fold and crisp return edge, soft workshop lighting, shallow depth of field, fictional brand name, no real logos, no Flash Print Solution branding.","p:acp-sign-boards-dubai:detail"
"282","assets/images/products/acp-sign-boards-dubai/acp-sign-boards-dubai-application-640.webp","640","480","4:3","Product page – product in use (gallery 3 + “Where it’s used”)","/acp-sign-boards-dubai/","Tall ACP-clad pylon sign listing tenant names outside a business park","Temporary stock – SHARED with outdoor-signage category (replace first)","Eli Nir (Unsplash 5Wp-np9UUjw)","Realistic commercial photograph of a tall ACP-clad pylon sign with tenant name panels outside a low-rise business park in Dubai, palm trees and blue sky, strong midday sun, three-quarter angle from the car park, fictional brand name, no real logos, no Flash Print Solution branding.","p:acp-sign-boards-dubai:application"
"283","assets/images/products/acp-sign-boards-dubai/acp-sign-boards-dubai-application-1200.webp","1200","900","4:3","Product page – product in use (gallery 3 + “Where it’s used”)","/acp-sign-boards-dubai/","Tall ACP-clad pylon sign listing tenant names outside a business park","Temporary stock – SHARED with outdoor-signage category (replace first)","Eli Nir (Unsplash 5Wp-np9UUjw)","Realistic commercial photograph of a tall ACP-clad pylon sign with tenant name panels outside a low-rise business park in Dubai, palm trees and blue sky, strong midday sun, three-quarter angle from the car park, fictional brand name, no real logos, no Flash Print Solution branding.","p:acp-sign-boards-dubai:application"
"284","assets/images/products/acp-sign-boards-dubai/acp-sign-boards-dubai-production-640.webp","640","480","4:3","Product page – production / finishing (gallery 4)","/acp-sign-boards-dubai/","Workshop fabrication of signage","Temporary stock (shared production photo)","Syd Mills (Unsplash kLeczQMR55Y)","Photorealistic commercial photograph of acp sign boards production: Workshop fabrication of signage — acrylic, aluminium composite panels and letters. Clean, well-lit Dubai print workshop, 4:3 landscape. Fictional brand names only, no real logos, no Flash Print Solution branding.","p:acp-sign-boards-dubai:production"
"285","assets/images/products/acp-sign-boards-dubai/acp-sign-boards-dubai-production-1200.webp","1200","900","4:3","Product page – production / finishing (gallery 4)","/acp-sign-boards-dubai/","Workshop fabrication of signage","Temporary stock (shared production photo)","Syd Mills (Unsplash kLeczQMR55Y)","Photorealistic commercial photograph of acp sign boards production: Workshop fabrication of signage — acrylic, aluminium composite panels and letters. Clean, well-lit Dubai print workshop, 4:3 landscape. Fictional brand names only, no real logos, no Flash Print Solution branding.","p:acp-sign-boards-dubai:production"
"286","assets/images/products/flex-sign-board-dubai/flex-sign-board-dubai-hero-640.webp","640","480","4:3","Product page – main photo (gallery 1)","/flex-sign-board-dubai/","Large backlit flex sign board glowing above a supermarket entrance in the evening","Temporary stock","Christopher Farrugia (Unsplash yD1LNZtwk4w)","Realistic commercial photograph of a wide backlit flex sign board glowing evenly above a suburban supermarket entrance in Dubai at early evening, colourful printed face with product imagery, car park in the foreground, low wide angle, fictional brand name, no real logos, no Flash Print Solution branding.","p:flex-sign-board-dubai:hero"
"287","assets/images/products/flex-sign-board-dubai/flex-sign-board-dubai-hero-1200.webp","1200","900","4:3","Product page – main photo (gallery 1)","/flex-sign-board-dubai/","Large backlit flex sign board glowing above a supermarket entrance in the evening","Temporary stock","Christopher Farrugia (Unsplash yD1LNZtwk4w)","Realistic commercial photograph of a wide backlit flex sign board glowing evenly above a suburban supermarket entrance in Dubai at early evening, colourful printed face with product imagery, car park in the foreground, low wide angle, fictional brand name, no real logos, no Flash Print Solution branding.","p:flex-sign-board-dubai:hero"
"288","assets/images/og/flex-sign-board-dubai-hero.jpg","1200","630","1.91:1","Social share preview (Facebook, WhatsApp, LinkedIn…) – JPG","/flex-sign-board-dubai/","Large backlit flex sign board glowing above a supermarket entrance in the evening","Temporary stock","Christopher Farrugia (Unsplash yD1LNZtwk4w)","Same photo as above, cropped to 1200 × 630","p:flex-sign-board-dubai:hero"
"289","assets/images/products/flex-sign-board-dubai/flex-sign-board-dubai-detail-640.webp","640","480","4:3","Product page – material / finish close-up (gallery 2)","/flex-sign-board-dubai/","Flex sign face clamped into an aluminium frame profile at the board corner","Temporary stock","USGS (Unsplash caarmu3U86o)","Close-up commercial photograph of the corner of a flex sign board showing printed PVC flex gripped in a slotted aluminium clamp profile, painted side cladding and fixing screws, daylight, shallow depth of field, fictional brand name, no real logos, no Flash Print Solution branding.","p:flex-sign-board-dubai:detail"
"290","assets/images/products/flex-sign-board-dubai/flex-sign-board-dubai-detail-1200.webp","1200","900","4:3","Product page – material / finish close-up (gallery 2)","/flex-sign-board-dubai/","Flex sign face clamped into an aluminium frame profile at the board corner","Temporary stock","USGS (Unsplash caarmu3U86o)","Close-up commercial photograph of the corner of a flex sign board showing printed PVC flex gripped in a slotted aluminium clamp profile, painted side cladding and fixing screws, daylight, shallow depth of field, fictional brand name, no real logos, no Flash Print Solution branding.","p:flex-sign-board-dubai:detail"
"291","assets/images/products/flex-sign-board-dubai/flex-sign-board-dubai-application-640.webp","640","480","4:3","Product page – product in use (gallery 3 + “Where it’s used”)","/flex-sign-board-dubai/","Installers fixing a large printed flex sign board onto a warehouse front","Temporary stock","T (Unsplash XhBTNeXYoc8)","Realistic commercial photograph of two installers on a mobile elevated work platform fixing a large printed flex sign board to the front of an industrial warehouse in Dubai, hard hats and safety harnesses, bright daylight, wide angle, fictional brand name, no real logos, no Flash Print Solution branding.","p:flex-sign-board-dubai:application"
"292","assets/images/products/flex-sign-board-dubai/flex-sign-board-dubai-application-1200.webp","1200","900","4:3","Product page – product in use (gallery 3 + “Where it’s used”)","/flex-sign-board-dubai/","Installers fixing a large printed flex sign board onto a warehouse front","Temporary stock","T (Unsplash XhBTNeXYoc8)","Realistic commercial photograph of two installers on a mobile elevated work platform fixing a large printed flex sign board to the front of an industrial warehouse in Dubai, hard hats and safety harnesses, bright daylight, wide angle, fictional brand name, no real logos, no Flash Print Solution branding.","p:flex-sign-board-dubai:application"
"293","assets/images/products/flex-sign-board-dubai/flex-sign-board-dubai-production-640.webp","640","480","4:3","Product page – production / finishing (gallery 4)","/flex-sign-board-dubai/","Installation team fixing a sign board on a building facade using ladders/lift","Temporary stock (shared production photo)","Miikka Luotio (Unsplash 5_IDEJpj4Ag)","Photorealistic commercial photograph of flex sign boards production: Installation team fixing a sign board on a building facade using ladders/lift. Clean, well-lit Dubai print workshop, 4:3 landscape. Fictional brand names only, no real logos, no Flash Print Solution branding.","p:flex-sign-board-dubai:production"
"294","assets/images/products/flex-sign-board-dubai/flex-sign-board-dubai-production-1200.webp","1200","900","4:3","Product page – production / finishing (gallery 4)","/flex-sign-board-dubai/","Installation team fixing a sign board on a building facade using ladders/lift","Temporary stock (shared production photo)","Miikka Luotio (Unsplash 5_IDEJpj4Ag)","Photorealistic commercial photograph of flex sign boards production: Installation team fixing a sign board on a building facade using ladders/lift. Clean, well-lit Dubai print workshop, 4:3 landscape. Fictional brand names only, no real logos, no Flash Print Solution branding.","p:flex-sign-board-dubai:production"
"295","assets/images/products/led-light-box-signage-dubai/led-light-box-signage-dubai-hero-640.webp","640","480","4:3","Product page – main photo (gallery 1)","/led-light-box-signage-dubai/","Round double-sided LED light box sign projecting from a shopfront wall at dusk","Temporary stock","JNY AAA (Unsplash 0mD-dcRDmE8)","Realistic commercial photograph of a round double-sided LED light box sign projecting from a cream shopfront wall on a Dubai street at dusk, evenly glowing opal acrylic face with a simple logo, soft blue sky, side angle, fictional brand name, no real logos, no Flash Print Solution branding.","p:led-light-box-signage-dubai:hero"
"296","assets/images/products/led-light-box-signage-dubai/led-light-box-signage-dubai-hero-1200.webp","1200","900","4:3","Product page – main photo (gallery 1)","/led-light-box-signage-dubai/","Round double-sided LED light box sign projecting from a shopfront wall at dusk","Temporary stock","JNY AAA (Unsplash 0mD-dcRDmE8)","Realistic commercial photograph of a round double-sided LED light box sign projecting from a cream shopfront wall on a Dubai street at dusk, evenly glowing opal acrylic face with a simple logo, soft blue sky, side angle, fictional brand name, no real logos, no Flash Print Solution branding.","p:led-light-box-signage-dubai:hero"
"297","assets/images/og/led-light-box-signage-dubai-hero.jpg","1200","630","1.91:1","Social share preview (Facebook, WhatsApp, LinkedIn…) – JPG","/led-light-box-signage-dubai/","Round double-sided LED light box sign projecting from a shopfront wall at dusk","Temporary stock","JNY AAA (Unsplash 0mD-dcRDmE8)","Same photo as above, cropped to 1200 × 630","p:led-light-box-signage-dubai:hero"
"298","assets/images/products/led-light-box-signage-dubai/led-light-box-signage-dubai-detail-640.webp","640","480","4:3","Product page – material / finish close-up (gallery 2)","/led-light-box-signage-dubai/","Open light box showing evenly spaced LED modules mounted on the back panel","Temporary stock","Justin Lane (Unsplash lwwM_dotpcs)","Close-up commercial photograph of an open aluminium light box in a signage workshop, showing rows of evenly spaced LED modules and wiring on a white back panel, face removed and leaning beside it, neutral workshop light, fictional brand name, no real logos, no Flash Print Solution branding.","p:led-light-box-signage-dubai:detail"
"299","assets/images/products/led-light-box-signage-dubai/led-light-box-signage-dubai-detail-1200.webp","1200","900","4:3","Product page – material / finish close-up (gallery 2)","/led-light-box-signage-dubai/","Open light box showing evenly spaced LED modules mounted on the back panel","Temporary stock","Justin Lane (Unsplash lwwM_dotpcs)","Close-up commercial photograph of an open aluminium light box in a signage workshop, showing rows of evenly spaced LED modules and wiring on a white back panel, face removed and leaning beside it, neutral workshop light, fictional brand name, no real logos, no Flash Print Solution branding.","p:led-light-box-signage-dubai:detail"
"300","assets/images/products/led-light-box-signage-dubai/led-light-box-signage-dubai-application-640.webp","640","480","4:3","Product page – product in use (gallery 3 + “Where it’s used”)","/led-light-box-signage-dubai/","Slim illuminated light box sign above a café entrance in a shopping arcade","Temporary stock","chris robert (Unsplash pMRiWr0YZ10)","Realistic commercial photograph of a slim rectangular illuminated light box sign above the entrance of a small café in a covered Dubai shopping arcade, warm interior glow, tiled floor, customers softly blurred, eye-level three-quarter view, fictional brand name, no real logos, no Flash Print Solution branding.","p:led-light-box-signage-dubai:application"
"301","assets/images/products/led-light-box-signage-dubai/led-light-box-signage-dubai-application-1200.webp","1200","900","4:3","Product page – product in use (gallery 3 + “Where it’s used”)","/led-light-box-signage-dubai/","Slim illuminated light box sign above a café entrance in a shopping arcade","Temporary stock","chris robert (Unsplash pMRiWr0YZ10)","Realistic commercial photograph of a slim rectangular illuminated light box sign above the entrance of a small café in a covered Dubai shopping arcade, warm interior glow, tiled floor, customers softly blurred, eye-level three-quarter view, fictional brand name, no real logos, no Flash Print Solution branding.","p:led-light-box-signage-dubai:application"
"302","assets/images/products/led-light-box-signage-dubai/led-light-box-signage-dubai-production-640.webp","640","480","4:3","Product page – production / finishing (gallery 4)","/led-light-box-signage-dubai/","Workshop fabrication of signage","Temporary stock (shared production photo)","Syd Mills (Unsplash kLeczQMR55Y)","Photorealistic commercial photograph of led light boxes production: Workshop fabrication of signage — acrylic, aluminium composite panels and letters. Clean, well-lit Dubai print workshop, 4:3 landscape. Fictional brand names only, no real logos, no Flash Print Solution branding.","p:led-light-box-signage-dubai:production"
"303","assets/images/products/led-light-box-signage-dubai/led-light-box-signage-dubai-production-1200.webp","1200","900","4:3","Product page – production / finishing (gallery 4)","/led-light-box-signage-dubai/","Workshop fabrication of signage","Temporary stock (shared production photo)","Syd Mills (Unsplash kLeczQMR55Y)","Photorealistic commercial photograph of led light boxes production: Workshop fabrication of signage — acrylic, aluminium composite panels and letters. Clean, well-lit Dubai print workshop, 4:3 landscape. Fictional brand names only, no real logos, no Flash Print Solution branding.","p:led-light-box-signage-dubai:production"
"304","assets/images/products/neon-sign-boards-dubai/neon-sign-boards-dubai-hero-640.webp","640","480","4:3","Product page – main photo (gallery 1)","/neon-sign-boards-dubai/","Pink LED neon script sign on clear acrylic mounted on a café brick wall","Temporary stock","Cory Billingsley (Unsplash PQ36AkKJfAc)","Realistic commercial photograph of a pink LED neon script sign on a clear acrylic backing mounted on an exposed brick wall inside a stylish Dubai café, dim warm ambient light, plants and wooden shelves nearby, straight-on view, fictional brand name, no real logos, no Flash Print Solution branding.","p:neon-sign-boards-dubai:hero"
"305","assets/images/products/neon-sign-boards-dubai/neon-sign-boards-dubai-hero-1200.webp","1200","900","4:3","Product page – main photo (gallery 1)","/neon-sign-boards-dubai/","Pink LED neon script sign on clear acrylic mounted on a café brick wall","Temporary stock","Cory Billingsley (Unsplash PQ36AkKJfAc)","Realistic commercial photograph of a pink LED neon script sign on a clear acrylic backing mounted on an exposed brick wall inside a stylish Dubai café, dim warm ambient light, plants and wooden shelves nearby, straight-on view, fictional brand name, no real logos, no Flash Print Solution branding.","p:neon-sign-boards-dubai:hero"
"306","assets/images/og/neon-sign-boards-dubai-hero.jpg","1200","630","1.91:1","Social share preview (Facebook, WhatsApp, LinkedIn…) – JPG","/neon-sign-boards-dubai/","Pink LED neon script sign on clear acrylic mounted on a café brick wall","Temporary stock","Cory Billingsley (Unsplash PQ36AkKJfAc)","Same photo as above, cropped to 1200 × 630","p:neon-sign-boards-dubai:hero"
"307","assets/images/products/neon-sign-boards-dubai/neon-sign-boards-dubai-detail-640.webp","640","480","4:3","Product page – material / finish close-up (gallery 2)","/neon-sign-boards-dubai/","Close-up of white LED neon flex fixed into a channel on clear acrylic","Temporary stock","Roy Muz (Unsplash 6u9OcOOr7GY)","Macro commercial photograph of warm white silicone LED neon flex bent into a letter curve and fixed on a clear acrylic backing, soft even glow, dark background, shallow depth of field showing the smooth silicone surface, fictional brand name, no real logos, no Flash Print Solution branding.","p:neon-sign-boards-dubai:detail"
"308","assets/images/products/neon-sign-boards-dubai/neon-sign-boards-dubai-detail-1200.webp","1200","900","4:3","Product page – material / finish close-up (gallery 2)","/neon-sign-boards-dubai/","Close-up of white LED neon flex fixed into a channel on clear acrylic","Temporary stock","Roy Muz (Unsplash 6u9OcOOr7GY)","Macro commercial photograph of warm white silicone LED neon flex bent into a letter curve and fixed on a clear acrylic backing, soft even glow, dark background, shallow depth of field showing the smooth silicone surface, fictional brand name, no real logos, no Flash Print Solution branding.","p:neon-sign-boards-dubai:detail"
"309","assets/images/products/neon-sign-boards-dubai/neon-sign-boards-dubai-application-640.webp","640","480","4:3","Product page – product in use (gallery 3 + “Where it’s used”)","/neon-sign-boards-dubai/","Blue LED neon sign glowing on a wedding stage backdrop with flowers","Temporary stock","Kari Bjorn Photography (Unsplash 8-t8kTo8CGI)","Realistic commercial photograph of a blue LED neon sign with a short fictional phrase glowing on a floral wedding stage backdrop in a Dubai ballroom, soft evening lighting, white roses and greenery, wide three-quarter angle, fictional brand name, no real logos, no Flash Print Solution branding.","p:neon-sign-boards-dubai:application"
"310","assets/images/products/neon-sign-boards-dubai/neon-sign-boards-dubai-application-1200.webp","1200","900","4:3","Product page – product in use (gallery 3 + “Where it’s used”)","/neon-sign-boards-dubai/","Blue LED neon sign glowing on a wedding stage backdrop with flowers","Temporary stock","Kari Bjorn Photography (Unsplash 8-t8kTo8CGI)","Realistic commercial photograph of a blue LED neon sign with a short fictional phrase glowing on a floral wedding stage backdrop in a Dubai ballroom, soft evening lighting, white roses and greenery, wide three-quarter angle, fictional brand name, no real logos, no Flash Print Solution branding.","p:neon-sign-boards-dubai:application"
"311","assets/images/products/neon-sign-boards-dubai/neon-sign-boards-dubai-production-640.webp","640","480","4:3","Product page – production / finishing (gallery 4)","/neon-sign-boards-dubai/","CO2 laser cutter cutting or engraving acrylic / wood sheet in the workshop","Temporary stock (shared production photo)","Opt Lasers (Unsplash KshEaH06rV8)","Photorealistic commercial photograph of neon sign boards production: CO2 laser cutter cutting or engraving acrylic / wood sheet in the workshop. Clean, well-lit Dubai print workshop, 4:3 landscape. Fictional brand names only, no real logos, no Flash Print Solution branding.","p:neon-sign-boards-dubai:production"
"312","assets/images/products/neon-sign-boards-dubai/neon-sign-boards-dubai-production-1200.webp","1200","900","4:3","Product page – production / finishing (gallery 4)","/neon-sign-boards-dubai/","CO2 laser cutter cutting or engraving acrylic / wood sheet in the workshop","Temporary stock (shared production photo)","Opt Lasers (Unsplash KshEaH06rV8)","Photorealistic commercial photograph of neon sign boards production: CO2 laser cutter cutting or engraving acrylic / wood sheet in the workshop. Clean, well-lit Dubai print workshop, 4:3 landscape. Fictional brand names only, no real logos, no Flash Print Solution branding.","p:neon-sign-boards-dubai:production"
"313","assets/images/products/branded-caps-dubai/branded-caps-dubai-hero-640.webp","640","480","4:3","Product page – main photo (gallery 1)","/branded-caps-dubai/","Navy cotton twill baseball cap with a white embroidered fictional logo on the front","Temporary stock","Yang Deng (Unsplash 2loKxdi6Hmo)","Realistic product photograph of a navy six-panel cotton twill baseball cap with a crisp white embroidered fictional logo on the front panel, on a light grey seamless backdrop, soft studio lighting, three-quarter angle, fictional brand name, no real logos, no Flash Print Solution branding.","p:branded-caps-dubai:hero"
"314","assets/images/products/branded-caps-dubai/branded-caps-dubai-hero-1200.webp","1200","900","4:3","Product page – main photo (gallery 1)","/branded-caps-dubai/","Navy cotton twill baseball cap with a white embroidered fictional logo on the front","Temporary stock","Yang Deng (Unsplash 2loKxdi6Hmo)","Realistic product photograph of a navy six-panel cotton twill baseball cap with a crisp white embroidered fictional logo on the front panel, on a light grey seamless backdrop, soft studio lighting, three-quarter angle, fictional brand name, no real logos, no Flash Print Solution branding.","p:branded-caps-dubai:hero"
"315","assets/images/og/branded-caps-dubai-hero.jpg","1200","630","1.91:1","Social share preview (Facebook, WhatsApp, LinkedIn…) – JPG","/branded-caps-dubai/","Navy cotton twill baseball cap with a white embroidered fictional logo on the front","Temporary stock","Yang Deng (Unsplash 2loKxdi6Hmo)","Same photo as above, cropped to 1200 × 630","p:branded-caps-dubai:hero"
"316","assets/images/products/branded-caps-dubai/branded-caps-dubai-detail-640.webp","640","480","4:3","Product page – material / finish close-up (gallery 2)","/branded-caps-dubai/","Close-up of raised 3D puff embroidery lettering on the front of a black cap","Temporary stock","Ali Yasar isgoren (Unsplash nUjsTdVR6rM)","Macro commercial photograph of 3D puff embroidery on a black cotton twill cap front, raised white satin-stitch lettering with visible thread texture, raking side light to show depth, shallow depth of field, fictional brand name, no real logos, no Flash Print Solution branding.","p:branded-caps-dubai:detail"
"317","assets/images/products/branded-caps-dubai/branded-caps-dubai-detail-1200.webp","1200","900","4:3","Product page – material / finish close-up (gallery 2)","/branded-caps-dubai/","Close-up of raised 3D puff embroidery lettering on the front of a black cap","Temporary stock","Ali Yasar isgoren (Unsplash nUjsTdVR6rM)","Macro commercial photograph of 3D puff embroidery on a black cotton twill cap front, raised white satin-stitch lettering with visible thread texture, raking side light to show depth, shallow depth of field, fictional brand name, no real logos, no Flash Print Solution branding.","p:branded-caps-dubai:detail"
"318","assets/images/products/branded-caps-dubai/branded-caps-dubai-application-640.webp","640","480","4:3","Product page – product in use (gallery 3 + “Where it’s used”)","/branded-caps-dubai/","Outdoor event staff wearing matching branded caps and t-shirts at a registration desk","Temporary stock","Duong Nguyen (Unsplash RlakZ84ex2g)","Realistic lifestyle photograph of event staff in matching khaki branded caps and white t-shirts at an outdoor registration desk on a Dubai waterfront, late afternoon warm light, candid eye-level angle, fictional brand name, no real logos, no Flash Print Solution branding.","p:branded-caps-dubai:application"
"319","assets/images/products/branded-caps-dubai/branded-caps-dubai-application-1200.webp","1200","900","4:3","Product page – product in use (gallery 3 + “Where it’s used”)","/branded-caps-dubai/","Outdoor event staff wearing matching branded caps and t-shirts at a registration desk","Temporary stock","Duong Nguyen (Unsplash RlakZ84ex2g)","Realistic lifestyle photograph of event staff in matching khaki branded caps and white t-shirts at an outdoor registration desk on a Dubai waterfront, late afternoon warm light, candid eye-level angle, fictional brand name, no real logos, no Flash Print Solution branding.","p:branded-caps-dubai:application"
"320","assets/images/products/branded-caps-dubai/branded-caps-dubai-production-640.webp","640","480","4:3","Product page – production / finishing (gallery 4)","/branded-caps-dubai/","Multi-head embroidery machine stitching a logo onto a garment or cap","Temporary stock (shared production photo)","James Inigo (Unsplash beK1tm4ufpU)","Photorealistic commercial photograph of caps production: Multi-head embroidery machine stitching a logo onto a garment or cap. Clean, well-lit Dubai print workshop, 4:3 landscape. Fictional brand names only, no real logos, no Flash Print Solution branding.","p:branded-caps-dubai:production"
"321","assets/images/products/branded-caps-dubai/branded-caps-dubai-production-1200.webp","1200","900","4:3","Product page – production / finishing (gallery 4)","/branded-caps-dubai/","Multi-head embroidery machine stitching a logo onto a garment or cap","Temporary stock (shared production photo)","James Inigo (Unsplash beK1tm4ufpU)","Photorealistic commercial photograph of caps production: Multi-head embroidery machine stitching a logo onto a garment or cap. Clean, well-lit Dubai print workshop, 4:3 landscape. Fictional brand names only, no real logos, no Flash Print Solution branding.","p:branded-caps-dubai:production"
"322","assets/images/products/custom-diary-printing-dubai/custom-diary-printing-dubai-hero-640.webp","640","480","4:3","Product page – main photo (gallery 1)","/custom-diary-printing-dubai/","Black PU leather A5 diary with a gold foil debossed fictional logo and elastic band","Temporary stock","Pavel Polívka (Unsplash 7lS8ChNKsFs)","Realistic product photograph of a black PU leather A5 diary with a gold hot-foil debossed fictional logo, black elastic band and ribbon marker, on a white marble desk, soft window light, 45-degree angle, fictional brand name, no real logos, no Flash Print Solution branding.","p:custom-diary-printing-dubai:hero"
"323","assets/images/products/custom-diary-printing-dubai/custom-diary-printing-dubai-hero-1200.webp","1200","900","4:3","Product page – main photo (gallery 1)","/custom-diary-printing-dubai/","Black PU leather A5 diary with a gold foil debossed fictional logo and elastic band","Temporary stock","Pavel Polívka (Unsplash 7lS8ChNKsFs)","Realistic product photograph of a black PU leather A5 diary with a gold hot-foil debossed fictional logo, black elastic band and ribbon marker, on a white marble desk, soft window light, 45-degree angle, fictional brand name, no real logos, no Flash Print Solution branding.","p:custom-diary-printing-dubai:hero"
"324","assets/images/og/custom-diary-printing-dubai-hero.jpg","1200","630","1.91:1","Social share preview (Facebook, WhatsApp, LinkedIn…) – JPG","/custom-diary-printing-dubai/","Black PU leather A5 diary with a gold foil debossed fictional logo and elastic band","Temporary stock","Pavel Polívka (Unsplash 7lS8ChNKsFs)","Same photo as above, cropped to 1200 × 630","p:custom-diary-printing-dubai:hero"
"325","assets/images/products/custom-diary-printing-dubai/custom-diary-printing-dubai-detail-640.webp","640","480","4:3","Product page – material / finish close-up (gallery 2)","/custom-diary-printing-dubai/","Close-up of a blind debossed logo pressed into a navy textured diary cover","Temporary stock","Shahrukh Shoaib (Unsplash AdzcD2rastg)","Macro commercial photograph of a blind debossed fictional logo pressed into a navy PU leather diary cover, fine grain texture visible, low raking light to reveal depth, shallow depth of field, fictional brand name, no real logos, no Flash Print Solution branding.","p:custom-diary-printing-dubai:detail"
"326","assets/images/products/custom-diary-printing-dubai/custom-diary-printing-dubai-detail-1200.webp","1200","900","4:3","Product page – material / finish close-up (gallery 2)","/custom-diary-printing-dubai/","Close-up of a blind debossed logo pressed into a navy textured diary cover","Temporary stock","Shahrukh Shoaib (Unsplash AdzcD2rastg)","Macro commercial photograph of a blind debossed fictional logo pressed into a navy PU leather diary cover, fine grain texture visible, low raking light to reveal depth, shallow depth of field, fictional brand name, no real logos, no Flash Print Solution branding.","p:custom-diary-printing-dubai:detail"
"327","assets/images/products/custom-diary-printing-dubai/custom-diary-printing-dubai-application-640.webp","640","480","4:3","Product page – product in use (gallery 3 + “Where it’s used”)","/custom-diary-printing-dubai/","Open branded diary with a pen beside a laptop on a meeting room table","Temporary stock","JESHOOTS.COM (Unsplash pUAM5hPaCRI)","Realistic lifestyle photograph of an open branded A5 diary with a pen next to a laptop on a Dubai office meeting table, city skyline softly blurred through the window, natural daylight, eye-level angle, fictional brand name, no real logos, no Flash Print Solution branding.","p:custom-diary-printing-dubai:application"
"328","assets/images/products/custom-diary-printing-dubai/custom-diary-printing-dubai-application-1200.webp","1200","900","4:3","Product page – product in use (gallery 3 + “Where it’s used”)","/custom-diary-printing-dubai/","Open branded diary with a pen beside a laptop on a meeting room table","Temporary stock","JESHOOTS.COM (Unsplash pUAM5hPaCRI)","Realistic lifestyle photograph of an open branded A5 diary with a pen next to a laptop on a Dubai office meeting table, city skyline softly blurred through the window, natural daylight, eye-level angle, fictional brand name, no real logos, no Flash Print Solution branding.","p:custom-diary-printing-dubai:application"
"329","assets/images/products/custom-diary-printing-dubai/custom-diary-printing-dubai-production-640.webp","640","480","4:3","Product page – production / finishing (gallery 4)","/custom-diary-printing-dubai/","Hot-foil stamping or embossing detail being applied to card stock","Temporary stock (shared production photo)","Brett Jordan (Unsplash dTmzpaE5Uis)","Photorealistic commercial photograph of diaries production: Hot-foil stamping or embossing detail being applied to card stock. Clean, well-lit Dubai print workshop, 4:3 landscape. Fictional brand names only, no real logos, no Flash Print Solution branding.","p:custom-diary-printing-dubai:production"
"330","assets/images/products/custom-diary-printing-dubai/custom-diary-printing-dubai-production-1200.webp","1200","900","4:3","Product page – production / finishing (gallery 4)","/custom-diary-printing-dubai/","Hot-foil stamping or embossing detail being applied to card stock","Temporary stock (shared production photo)","Brett Jordan (Unsplash dTmzpaE5Uis)","Photorealistic commercial photograph of diaries production: Hot-foil stamping or embossing detail being applied to card stock. Clean, well-lit Dubai print workshop, 4:3 landscape. Fictional brand names only, no real logos, no Flash Print Solution branding.","p:custom-diary-printing-dubai:production"
"331","assets/images/products/custom-mug-printing-dubai/custom-mug-printing-dubai-hero-640.webp","640","480","4:3","Product page – main photo (gallery 1)","/custom-mug-printing-dubai/","White ceramic mug with a colourful printed fictional logo on a light wooden table","Temporary stock","Andreea Avramescu (Unsplash v_hBNRgyuFw)","Realistic product photograph of an 11 oz white ceramic mug with a full-colour sublimation printed fictional logo, standing on a light wooden table against a soft beige wall, diffused daylight, eye-level three-quarter angle, fictional brand name, no real logos, no Flash Print Solution branding.","p:custom-mug-printing-dubai:hero"
"332","assets/images/products/custom-mug-printing-dubai/custom-mug-printing-dubai-hero-1200.webp","1200","900","4:3","Product page – main photo (gallery 1)","/custom-mug-printing-dubai/","White ceramic mug with a colourful printed fictional logo on a light wooden table","Temporary stock","Andreea Avramescu (Unsplash v_hBNRgyuFw)","Realistic product photograph of an 11 oz white ceramic mug with a full-colour sublimation printed fictional logo, standing on a light wooden table against a soft beige wall, diffused daylight, eye-level three-quarter angle, fictional brand name, no real logos, no Flash Print Solution branding.","p:custom-mug-printing-dubai:hero"
"333","assets/images/og/custom-mug-printing-dubai-hero.jpg","1200","630","1.91:1","Social share preview (Facebook, WhatsApp, LinkedIn…) – JPG","/custom-mug-printing-dubai/","White ceramic mug with a colourful printed fictional logo on a light wooden table","Temporary stock","Andreea Avramescu (Unsplash v_hBNRgyuFw)","Same photo as above, cropped to 1200 × 630","p:custom-mug-printing-dubai:hero"
"334","assets/images/products/custom-mug-printing-dubai/custom-mug-printing-dubai-detail-640.webp","640","480","4:3","Product page – material / finish close-up (gallery 2)","/custom-mug-printing-dubai/","Close-up of a two-tone mug with navy handle and interior beside a printed logo","Temporary stock","Shuang Yin (Unsplash cO1zzs-6qrQ)","Close-up commercial photograph of a two-tone ceramic mug, white body with navy interior and handle, printed fictional logo visible on the side, glossy surface reflections, soft studio light, slight top-down angle, fictional brand name, no real logos, no Flash Print Solution branding.","p:custom-mug-printing-dubai:detail"
"335","assets/images/products/custom-mug-printing-dubai/custom-mug-printing-dubai-detail-1200.webp","1200","900","4:3","Product page – material / finish close-up (gallery 2)","/custom-mug-printing-dubai/","Close-up of a two-tone mug with navy handle and interior beside a printed logo","Temporary stock","Shuang Yin (Unsplash cO1zzs-6qrQ)","Close-up commercial photograph of a two-tone ceramic mug, white body with navy interior and handle, printed fictional logo visible on the side, glossy surface reflections, soft studio light, slight top-down angle, fictional brand name, no real logos, no Flash Print Solution branding.","p:custom-mug-printing-dubai:detail"
"336","assets/images/products/custom-mug-printing-dubai/custom-mug-printing-dubai-application-640.webp","640","480","4:3","Product page – product in use (gallery 3 + “Where it’s used”)","/custom-mug-printing-dubai/","Colleagues holding matching branded mugs during a coffee break in an office pantry","Temporary stock","Zest Tea (Unsplash uhNfTrOEPYQ)","Realistic lifestyle photograph of two colleagues holding matching branded white mugs in a bright modern Dubai office pantry, natural light, relaxed candid moment, eye-level angle, mugs in sharp focus, fictional brand name, no real logos, no Flash Print Solution branding.","p:custom-mug-printing-dubai:application"
"337","assets/images/products/custom-mug-printing-dubai/custom-mug-printing-dubai-application-1200.webp","1200","900","4:3","Product page – product in use (gallery 3 + “Where it’s used”)","/custom-mug-printing-dubai/","Colleagues holding matching branded mugs during a coffee break in an office pantry","Temporary stock","Zest Tea (Unsplash uhNfTrOEPYQ)","Realistic lifestyle photograph of two colleagues holding matching branded white mugs in a bright modern Dubai office pantry, natural light, relaxed candid moment, eye-level angle, mugs in sharp focus, fictional brand name, no real logos, no Flash Print Solution branding.","p:custom-mug-printing-dubai:application"
"338","assets/images/products/custom-mug-printing-dubai/custom-mug-printing-dubai-production-640.webp","640","480","4:3","Product page – production / finishing (gallery 4)","/custom-mug-printing-dubai/","Heat press transferring a printed design (DTF / heat transfer) onto fabric","Temporary stock (shared production photo)","Compagnons (Unsplash EY0BPl2rpME)","Photorealistic commercial photograph of mugs production: Heat press transferring a printed design (DTF / heat transfer) onto fabric. Clean, well-lit Dubai print workshop, 4:3 landscape. Fictional brand names only, no real logos, no Flash Print Solution branding.","p:custom-mug-printing-dubai:production"
"339","assets/images/products/custom-mug-printing-dubai/custom-mug-printing-dubai-production-1200.webp","1200","900","4:3","Product page – production / finishing (gallery 4)","/custom-mug-printing-dubai/","Heat press transferring a printed design (DTF / heat transfer) onto fabric","Temporary stock (shared production photo)","Compagnons (Unsplash EY0BPl2rpME)","Photorealistic commercial photograph of mugs production: Heat press transferring a printed design (DTF / heat transfer) onto fabric. Clean, well-lit Dubai print workshop, 4:3 landscape. Fictional brand names only, no real logos, no Flash Print Solution branding.","p:custom-mug-printing-dubai:production"
"340","assets/images/products/branded-usb-flash-drives-dubai/branded-usb-flash-drives-dubai-hero-640.webp","640","480","4:3","Product page – main photo (gallery 1)","/branded-usb-flash-drives-dubai/","Silver metal swivel USB flash drive with an engraved fictional logo on a dark surface","Temporary stock","Sara Kurfeß (Unsplash 9Eid2zc_Veo)","Realistic product photograph of a brushed silver metal swivel USB flash drive with a laser-engraved fictional logo, lying on a dark slate surface, crisp studio lighting with soft reflections, low three-quarter angle, fictional brand name, no real logos, no Flash Print Solution branding.","p:branded-usb-flash-drives-dubai:hero"
"341","assets/images/products/branded-usb-flash-drives-dubai/branded-usb-flash-drives-dubai-hero-1200.webp","1200","900","4:3","Product page – main photo (gallery 1)","/branded-usb-flash-drives-dubai/","Silver metal swivel USB flash drive with an engraved fictional logo on a dark surface","Temporary stock","Sara Kurfeß (Unsplash 9Eid2zc_Veo)","Realistic product photograph of a brushed silver metal swivel USB flash drive with a laser-engraved fictional logo, lying on a dark slate surface, crisp studio lighting with soft reflections, low three-quarter angle, fictional brand name, no real logos, no Flash Print Solution branding.","p:branded-usb-flash-drives-dubai:hero"
"342","assets/images/og/branded-usb-flash-drives-dubai-hero.jpg","1200","630","1.91:1","Social share preview (Facebook, WhatsApp, LinkedIn…) – JPG","/branded-usb-flash-drives-dubai/","Silver metal swivel USB flash drive with an engraved fictional logo on a dark surface","Temporary stock","Sara Kurfeß (Unsplash 9Eid2zc_Veo)","Same photo as above, cropped to 1200 × 630","p:branded-usb-flash-drives-dubai:hero"
"343","assets/images/products/branded-usb-flash-drives-dubai/branded-usb-flash-drives-dubai-detail-640.webp","640","480","4:3","Product page – material / finish close-up (gallery 2)","/branded-usb-flash-drives-dubai/","Close-up of a bamboo USB drive with a dark laser-engraved logo on its cap","Temporary stock","Agefis (Unsplash NcbEsEId3F4)","Macro commercial photograph of a bamboo USB flash drive with a dark laser-engraved fictional logo, natural wood grain visible, cap removed beside it, warm soft light, shallow depth of field, fictional brand name, no real logos, no Flash Print Solution branding.","p:branded-usb-flash-drives-dubai:detail"
"344","assets/images/products/branded-usb-flash-drives-dubai/branded-usb-flash-drives-dubai-detail-1200.webp","1200","900","4:3","Product page – material / finish close-up (gallery 2)","/branded-usb-flash-drives-dubai/","Close-up of a bamboo USB drive with a dark laser-engraved logo on its cap","Temporary stock","Agefis (Unsplash NcbEsEId3F4)","Macro commercial photograph of a bamboo USB flash drive with a dark laser-engraved fictional logo, natural wood grain visible, cap removed beside it, warm soft light, shallow depth of field, fictional brand name, no real logos, no Flash Print Solution branding.","p:branded-usb-flash-drives-dubai:detail"
"345","assets/images/products/branded-usb-flash-drives-dubai/branded-usb-flash-drives-dubai-application-640.webp","640","480","4:3","Product page – product in use (gallery 3 + “Where it’s used”)","/branded-usb-flash-drives-dubai/","USB drive in a printed gift box beside a property brochure on a desk","Temporary stock","Sufyan (Unsplash 5YFuIflyNwg)","Realistic lifestyle photograph of a branded USB drive sitting in an open printed gift box with foam insert, beside a property brochure and keys on a Dubai sales office desk, natural daylight, top-down angle, fictional brand name, no real logos, no Flash Print Solution branding.","p:branded-usb-flash-drives-dubai:application"
"346","assets/images/products/branded-usb-flash-drives-dubai/branded-usb-flash-drives-dubai-application-1200.webp","1200","900","4:3","Product page – product in use (gallery 3 + “Where it’s used”)","/branded-usb-flash-drives-dubai/","USB drive in a printed gift box beside a property brochure on a desk","Temporary stock","Sufyan (Unsplash 5YFuIflyNwg)","Realistic lifestyle photograph of a branded USB drive sitting in an open printed gift box with foam insert, beside a property brochure and keys on a Dubai sales office desk, natural daylight, top-down angle, fictional brand name, no real logos, no Flash Print Solution branding.","p:branded-usb-flash-drives-dubai:application"
"347","assets/images/products/branded-usb-flash-drives-dubai/branded-usb-flash-drives-dubai-production-640.webp","640","480","4:3","Product page – production / finishing (gallery 4)","/branded-usb-flash-drives-dubai/","Branding promotional items","Temporary stock (shared production photo)","Đồng Phục Hải Triều (Unsplash euOA6oQIfIc)","Photorealistic commercial photograph of usb flash drives production: Branding promotional items — pad printing / engraving logos on merchandise. Clean, well-lit Dubai print workshop, 4:3 landscape. Fictional brand names only, no real logos, no Flash Print Solution branding.","p:branded-usb-flash-drives-dubai:production"
"348","assets/images/products/branded-usb-flash-drives-dubai/branded-usb-flash-drives-dubai-production-1200.webp","1200","900","4:3","Product page – production / finishing (gallery 4)","/branded-usb-flash-drives-dubai/","Branding promotional items","Temporary stock (shared production photo)","Đồng Phục Hải Triều (Unsplash euOA6oQIfIc)","Photorealistic commercial photograph of usb flash drives production: Branding promotional items — pad printing / engraving logos on merchandise. Clean, well-lit Dubai print workshop, 4:3 landscape. Fictional brand names only, no real logos, no Flash Print Solution branding.","p:branded-usb-flash-drives-dubai:production"
"349","assets/images/products/event-backdrop-printing-dubai/event-backdrop-printing-dubai-hero-640.webp","640","480","4:3","Product page – main photo (gallery 1)","/event-backdrop-printing-dubai/","Step-and-repeat media wall with a repeating logo grid on a tension fabric frame","Temporary stock","Stocker LL (Unsplash ziO3RU1dhNs)","Realistic event photograph of a 3 metre wide step-and-repeat media wall on a tension fabric frame with a repeating grid of logos for a fictional fashion launch, matte fabric surface, red carpet in front, soft even lighting, straight-on angle at eye level, fictional brand name, no real logos, no Flash Print Solution branding.","p:event-backdrop-printing-dubai:hero"
"350","assets/images/products/event-backdrop-printing-dubai/event-backdrop-printing-dubai-hero-1200.webp","1200","900","4:3","Product page – main photo (gallery 1)","/event-backdrop-printing-dubai/","Step-and-repeat media wall with a repeating logo grid on a tension fabric frame","Temporary stock","Stocker LL (Unsplash ziO3RU1dhNs)","Realistic event photograph of a 3 metre wide step-and-repeat media wall on a tension fabric frame with a repeating grid of logos for a fictional fashion launch, matte fabric surface, red carpet in front, soft even lighting, straight-on angle at eye level, fictional brand name, no real logos, no Flash Print Solution branding.","p:event-backdrop-printing-dubai:hero"
"351","assets/images/og/event-backdrop-printing-dubai-hero.jpg","1200","630","1.91:1","Social share preview (Facebook, WhatsApp, LinkedIn…) – JPG","/event-backdrop-printing-dubai/","Step-and-repeat media wall with a repeating logo grid on a tension fabric frame","Temporary stock","Stocker LL (Unsplash ziO3RU1dhNs)","Same photo as above, cropped to 1200 × 630","p:event-backdrop-printing-dubai:hero"
"352","assets/images/products/event-backdrop-printing-dubai/event-backdrop-printing-dubai-detail-640.webp","640","480","4:3","Product page – material / finish close-up (gallery 2)","/event-backdrop-printing-dubai/","Close-up of a silicone edge graphic slotted into an aluminium frame channel","Temporary stock","Franck V. (Unsplash jN_83dkm3lQ)","Realistic macro photograph of the silicone edge of a dye-sublimated fabric graphic being pressed into the channel of a silver aluminium frame, showing the fabric weave and tight tension, soft studio lighting, shallow depth of field, fictional brand name, no real logos, no Flash Print Solution branding.","p:event-backdrop-printing-dubai:detail"
"353","assets/images/products/event-backdrop-printing-dubai/event-backdrop-printing-dubai-detail-1200.webp","1200","900","4:3","Product page – material / finish close-up (gallery 2)","/event-backdrop-printing-dubai/","Close-up of a silicone edge graphic slotted into an aluminium frame channel","Temporary stock","Franck V. (Unsplash jN_83dkm3lQ)","Realistic macro photograph of the silicone edge of a dye-sublimated fabric graphic being pressed into the channel of a silver aluminium frame, showing the fabric weave and tight tension, soft studio lighting, shallow depth of field, fictional brand name, no real logos, no Flash Print Solution branding.","p:event-backdrop-printing-dubai:detail"
"354","assets/images/products/event-backdrop-printing-dubai/event-backdrop-printing-dubai-application-640.webp","640","480","4:3","Product page – product in use (gallery 3 + “Where it’s used”)","/event-backdrop-printing-dubai/","Guests posing for photos in front of a branded backdrop at a hotel gala","Temporary stock","iCanvas Booth (Unsplash yhi8bsCX6Rg)","Realistic photograph of elegantly dressed guests posing in front of a matte branded backdrop for a fictional charity gala in a Dubai hotel ballroom foyer, photographer in the foreground slightly blurred, warm event lighting, eye-level angle, fictional brand name, no real logos, no Flash Print Solution branding.","p:event-backdrop-printing-dubai:application"
"355","assets/images/products/event-backdrop-printing-dubai/event-backdrop-printing-dubai-application-1200.webp","1200","900","4:3","Product page – product in use (gallery 3 + “Where it’s used”)","/event-backdrop-printing-dubai/","Guests posing for photos in front of a branded backdrop at a hotel gala","Temporary stock","iCanvas Booth (Unsplash yhi8bsCX6Rg)","Realistic photograph of elegantly dressed guests posing in front of a matte branded backdrop for a fictional charity gala in a Dubai hotel ballroom foyer, photographer in the foreground slightly blurred, warm event lighting, eye-level angle, fictional brand name, no real logos, no Flash Print Solution branding.","p:event-backdrop-printing-dubai:application"
"356","assets/images/products/event-backdrop-printing-dubai/event-backdrop-printing-dubai-production-640.webp","640","480","4:3","Product page – production / finishing (gallery 4)","/event-backdrop-printing-dubai/","Wide-format inkjet printer printing a large graphic onto roll media","Temporary stock (shared production photo)","Geri Sakti (Unsplash CYrYxz-uvE4)","Photorealistic commercial photograph of event backdrops production: Wide-format inkjet printer printing a large graphic onto roll media. Clean, well-lit Dubai print workshop, 4:3 landscape. Fictional brand names only, no real logos, no Flash Print Solution branding.","p:event-backdrop-printing-dubai:production"
"357","assets/images/products/event-backdrop-printing-dubai/event-backdrop-printing-dubai-production-1200.webp","1200","900","4:3","Product page – production / finishing (gallery 4)","/event-backdrop-printing-dubai/","Wide-format inkjet printer printing a large graphic onto roll media","Temporary stock (shared production photo)","Geri Sakti (Unsplash CYrYxz-uvE4)","Photorealistic commercial photograph of event backdrops production: Wide-format inkjet printer printing a large graphic onto roll media. Clean, well-lit Dubai print workshop, 4:3 landscape. Fictional brand names only, no real logos, no Flash Print Solution branding.","p:event-backdrop-printing-dubai:production"
"358","assets/images/products/exhibition-stand-printing-dubai/exhibition-stand-printing-dubai-hero-640.webp","640","480","4:3","Product page – main photo (gallery 1)","/exhibition-stand-printing-dubai/","Custom exhibition stand with printed fabric walls, lightbox and branded counter","Temporary stock","Trans Russia (Unsplash BKpOVik79lA)","Realistic photograph of a space-only exhibition stand for a fictional medical technology company, white and teal printed tension fabric walls, a backlit fabric lightbox wall, printed counter wrap and floor graphic, exhibition hall lighting, visitors nearby, three-quarter wide angle, fictional brand name, no real logos, no Flash Print Solution branding.","p:exhibition-stand-printing-dubai:hero"
"359","assets/images/products/exhibition-stand-printing-dubai/exhibition-stand-printing-dubai-hero-1200.webp","1200","900","4:3","Product page – main photo (gallery 1)","/exhibition-stand-printing-dubai/","Custom exhibition stand with printed fabric walls, lightbox and branded counter","Temporary stock","Trans Russia (Unsplash BKpOVik79lA)","Realistic photograph of a space-only exhibition stand for a fictional medical technology company, white and teal printed tension fabric walls, a backlit fabric lightbox wall, printed counter wrap and floor graphic, exhibition hall lighting, visitors nearby, three-quarter wide angle, fictional brand name, no real logos, no Flash Print Solution branding.","p:exhibition-stand-printing-dubai:hero"
"360","assets/images/og/exhibition-stand-printing-dubai-hero.jpg","1200","630","1.91:1","Social share preview (Facebook, WhatsApp, LinkedIn…) – JPG","/exhibition-stand-printing-dubai/","Custom exhibition stand with printed fabric walls, lightbox and branded counter","Temporary stock","Trans Russia (Unsplash BKpOVik79lA)","Same photo as above, cropped to 1200 × 630","p:exhibition-stand-printing-dubai:hero"
"361","assets/images/products/exhibition-stand-printing-dubai/exhibition-stand-printing-dubai-detail-640.webp","640","480","4:3","Product page – material / finish close-up (gallery 2)","/exhibition-stand-printing-dubai/","Foamex graphic panel fixed inside a white shell scheme wall frame","Temporary stock","wang binghua (Unsplash fML5RZKVy-I)","Realistic close-up photograph of a printed foamex graphic panel fitted inside a white aluminium shell scheme wall frame at an exhibition, crisp matte print and the panel edge meeting the frame, hall lighting from above, three-quarter angle, fictional brand name, no real logos, no Flash Print Solution branding.","p:exhibition-stand-printing-dubai:detail"
"362","assets/images/products/exhibition-stand-printing-dubai/exhibition-stand-printing-dubai-detail-1200.webp","1200","900","4:3","Product page – material / finish close-up (gallery 2)","/exhibition-stand-printing-dubai/","Foamex graphic panel fixed inside a white shell scheme wall frame","Temporary stock","wang binghua (Unsplash fML5RZKVy-I)","Realistic close-up photograph of a printed foamex graphic panel fitted inside a white aluminium shell scheme wall frame at an exhibition, crisp matte print and the panel edge meeting the frame, hall lighting from above, three-quarter angle, fictional brand name, no real logos, no Flash Print Solution branding.","p:exhibition-stand-printing-dubai:detail"
"363","assets/images/products/exhibition-stand-printing-dubai/exhibition-stand-printing-dubai-application-640.webp","640","480","4:3","Product page – product in use (gallery 3 + “Where it’s used”)","/exhibition-stand-printing-dubai/","Visitors talking with staff at a branded shell scheme stand in an exhibition hall","Temporary stock","Jonny Gios (Unsplash IzLatgY17Hs)","Realistic photograph of visitors chatting with exhibitors at a branded shell scheme stand for a fictional property developer at a Dubai exhibition, printed wall panels, fascia name board and counter wrap visible, busy aisle behind, natural hall lighting, eye-level angle, fictional brand name, no real logos, no Flash Print Solution branding.","p:exhibition-stand-printing-dubai:application"
"364","assets/images/products/exhibition-stand-printing-dubai/exhibition-stand-printing-dubai-application-1200.webp","1200","900","4:3","Product page – product in use (gallery 3 + “Where it’s used”)","/exhibition-stand-printing-dubai/","Visitors talking with staff at a branded shell scheme stand in an exhibition hall","Temporary stock","Jonny Gios (Unsplash IzLatgY17Hs)","Realistic photograph of visitors chatting with exhibitors at a branded shell scheme stand for a fictional property developer at a Dubai exhibition, printed wall panels, fascia name board and counter wrap visible, busy aisle behind, natural hall lighting, eye-level angle, fictional brand name, no real logos, no Flash Print Solution branding.","p:exhibition-stand-printing-dubai:application"
"365","assets/images/products/exhibition-stand-printing-dubai/exhibition-stand-printing-dubai-production-640.webp","640","480","4:3","Product page – production / finishing (gallery 4)","/exhibition-stand-printing-dubai/","Workshop fabrication of signage","Temporary stock (shared production photo)","Syd Mills (Unsplash kLeczQMR55Y)","Photorealistic commercial photograph of exhibition stands production: Workshop fabrication of signage — acrylic, aluminium composite panels and letters. Clean, well-lit Dubai print workshop, 4:3 landscape. Fictional brand names only, no real logos, no Flash Print Solution branding.","p:exhibition-stand-printing-dubai:production"
"366","assets/images/products/exhibition-stand-printing-dubai/exhibition-stand-printing-dubai-production-1200.webp","1200","900","4:3","Product page – production / finishing (gallery 4)","/exhibition-stand-printing-dubai/","Workshop fabrication of signage","Temporary stock (shared production photo)","Syd Mills (Unsplash kLeczQMR55Y)","Photorealistic commercial photograph of exhibition stands production: Workshop fabrication of signage — acrylic, aluminium composite panels and letters. Clean, well-lit Dubai print workshop, 4:3 landscape. Fictional brand names only, no real logos, no Flash Print Solution branding.","p:exhibition-stand-printing-dubai:production"
"367","assets/images/products/pop-up-display-dubai/pop-up-display-dubai-hero-640.webp","640","480","4:3","Product page – main photo (gallery 1)","/pop-up-display-dubai/","Curved fabric pop-up display with end panels and a wrapped case counter","Temporary stock","TADEUSZ NOWAKOWSKI (Unsplash kXOE0o12ksw)","Realistic product photograph of a curved 3 × 3 fabric pop-up display with printed end panels in purple and white for a fictional software company, a wheeled case wrapped as a counter in front, clean light grey studio floor, soft even lighting, three-quarter angle, fictional brand name, no real logos, no Flash Print Solution branding.","p:pop-up-display-dubai:hero"
"368","assets/images/products/pop-up-display-dubai/pop-up-display-dubai-hero-1200.webp","1200","900","4:3","Product page – main photo (gallery 1)","/pop-up-display-dubai/","Curved fabric pop-up display with end panels and a wrapped case counter","Temporary stock","TADEUSZ NOWAKOWSKI (Unsplash kXOE0o12ksw)","Realistic product photograph of a curved 3 × 3 fabric pop-up display with printed end panels in purple and white for a fictional software company, a wheeled case wrapped as a counter in front, clean light grey studio floor, soft even lighting, three-quarter angle, fictional brand name, no real logos, no Flash Print Solution branding.","p:pop-up-display-dubai:hero"
"369","assets/images/og/pop-up-display-dubai-hero.jpg","1200","630","1.91:1","Social share preview (Facebook, WhatsApp, LinkedIn…) – JPG","/pop-up-display-dubai/","Curved fabric pop-up display with end panels and a wrapped case counter","Temporary stock","TADEUSZ NOWAKOWSKI (Unsplash kXOE0o12ksw)","Same photo as above, cropped to 1200 × 630","p:pop-up-display-dubai:hero"
"370","assets/images/products/pop-up-display-dubai/pop-up-display-dubai-detail-640.webp","640","480","4:3","Product page – material / finish close-up (gallery 2)","/pop-up-display-dubai/","Collapsible aluminium pop-up frame partly expanded with magnetic bars attached","Temporary stock","Oleg (Unsplash vQpEzAS6_bY)","Realistic close-up photograph of a collapsible aluminium pop-up display frame partly expanded, showing the lattice joints and magnetic channel bars, on a carpeted exhibition floor, soft hall lighting, shallow depth of field, fictional brand name, no real logos, no Flash Print Solution branding.","p:pop-up-display-dubai:detail"
"371","assets/images/products/pop-up-display-dubai/pop-up-display-dubai-detail-1200.webp","1200","900","4:3","Product page – material / finish close-up (gallery 2)","/pop-up-display-dubai/","Collapsible aluminium pop-up frame partly expanded with magnetic bars attached","Temporary stock","Oleg (Unsplash vQpEzAS6_bY)","Realistic close-up photograph of a collapsible aluminium pop-up display frame partly expanded, showing the lattice joints and magnetic channel bars, on a carpeted exhibition floor, soft hall lighting, shallow depth of field, fictional brand name, no real logos, no Flash Print Solution branding.","p:pop-up-display-dubai:detail"
"372","assets/images/products/pop-up-display-dubai/pop-up-display-dubai-application-640.webp","640","480","4:3","Product page – product in use (gallery 3 + “Where it’s used”)","/pop-up-display-dubai/","Staff member beside a pop-up display at a university recruitment fair","Temporary stock","Chidera Faustina Okeke (Unsplash aMNFii9MWUE)","Realistic photograph of a staff member talking with students in front of a straight fabric pop-up display for a fictional engineering firm at a university careers fair in Dubai, literature on the case counter, bright indoor lighting, eye-level angle, fictional brand name, no real logos, no Flash Print Solution branding.","p:pop-up-display-dubai:application"
"373","assets/images/products/pop-up-display-dubai/pop-up-display-dubai-application-1200.webp","1200","900","4:3","Product page – product in use (gallery 3 + “Where it’s used”)","/pop-up-display-dubai/","Staff member beside a pop-up display at a university recruitment fair","Temporary stock","Chidera Faustina Okeke (Unsplash aMNFii9MWUE)","Realistic photograph of a staff member talking with students in front of a straight fabric pop-up display for a fictional engineering firm at a university careers fair in Dubai, literature on the case counter, bright indoor lighting, eye-level angle, fictional brand name, no real logos, no Flash Print Solution branding.","p:pop-up-display-dubai:application"
"374","assets/images/products/pop-up-display-dubai/pop-up-display-dubai-production-640.webp","640","480","4:3","Product page – production / finishing (gallery 4)","/pop-up-display-dubai/","Quality control","Temporary stock (shared production photo)","Hans Westbeek (Unsplash _luiFaaZU6k)","Photorealistic commercial photograph of pop-up displays production: Quality control — checking a printed proof against a colour swatch under lighting. Clean, well-lit Dubai print workshop, 4:3 landscape. Fictional brand names only, no real logos, no Flash Print Solution branding.","p:pop-up-display-dubai:production"
"375","assets/images/products/pop-up-display-dubai/pop-up-display-dubai-production-1200.webp","1200","900","4:3","Product page – production / finishing (gallery 4)","/pop-up-display-dubai/","Quality control","Temporary stock (shared production photo)","Hans Westbeek (Unsplash _luiFaaZU6k)","Photorealistic commercial photograph of pop-up displays production: Quality control — checking a printed proof against a colour swatch under lighting. Clean, well-lit Dubai print workshop, 4:3 landscape. Fictional brand names only, no real logos, no Flash Print Solution branding.","p:pop-up-display-dubai:production"
"376","assets/images/products/stage-branding-dubai/stage-branding-dubai-hero-640.webp","640","480","4:3","Product page – main photo (gallery 1)","/stage-branding-dubai/","Conference stage with printed fascia, branded lectern and screen surround graphics","Temporary stock","Carlos Gil (Unsplash AsxOJcsaR4g)","Realistic event photograph of a conference stage in a Dubai hotel ballroom with a printed matte fabric fascia, branded lectern wrap and foamex surround framing a large LED screen, all in navy and gold for a fictional business summit, stage lighting, empty seats in the foreground, wide angle, fictional brand name, no real logos, no Flash Print Solution branding.","p:stage-branding-dubai:hero"
"377","assets/images/products/stage-branding-dubai/stage-branding-dubai-hero-1200.webp","1200","900","4:3","Product page – main photo (gallery 1)","/stage-branding-dubai/","Conference stage with printed fascia, branded lectern and screen surround graphics","Temporary stock","Carlos Gil (Unsplash AsxOJcsaR4g)","Realistic event photograph of a conference stage in a Dubai hotel ballroom with a printed matte fabric fascia, branded lectern wrap and foamex surround framing a large LED screen, all in navy and gold for a fictional business summit, stage lighting, empty seats in the foreground, wide angle, fictional brand name, no real logos, no Flash Print Solution branding.","p:stage-branding-dubai:hero"
"378","assets/images/og/stage-branding-dubai-hero.jpg","1200","630","1.91:1","Social share preview (Facebook, WhatsApp, LinkedIn…) – JPG","/stage-branding-dubai/","Conference stage with printed fascia, branded lectern and screen surround graphics","Temporary stock","Carlos Gil (Unsplash AsxOJcsaR4g)","Same photo as above, cropped to 1200 × 630","p:stage-branding-dubai:hero"
"379","assets/images/products/stage-branding-dubai/stage-branding-dubai-detail-640.webp","640","480","4:3","Product page – material / finish close-up (gallery 2)","/stage-branding-dubai/","Close-up of a printed vinyl wrap on the front of a stage lectern","Temporary stock","Kauê Martins Bergamasco (Unsplash sOhccdI22wA)","Realistic close-up photograph of the front of a stage lectern wrapped in printed matte vinyl with a fictional event logo, microphone on top, soft stage lighting with a dark background, shallow depth of field, three-quarter angle, fictional brand name, no real logos, no Flash Print Solution branding.","p:stage-branding-dubai:detail"
"380","assets/images/products/stage-branding-dubai/stage-branding-dubai-detail-1200.webp","1200","900","4:3","Product page – material / finish close-up (gallery 2)","/stage-branding-dubai/","Close-up of a printed vinyl wrap on the front of a stage lectern","Temporary stock","Kauê Martins Bergamasco (Unsplash sOhccdI22wA)","Realistic close-up photograph of the front of a stage lectern wrapped in printed matte vinyl with a fictional event logo, microphone on top, soft stage lighting with a dark background, shallow depth of field, three-quarter angle, fictional brand name, no real logos, no Flash Print Solution branding.","p:stage-branding-dubai:detail"
"381","assets/images/products/stage-branding-dubai/stage-branding-dubai-application-640.webp","640","480","4:3","Product page – product in use (gallery 3 + “Where it’s used”)","/stage-branding-dubai/","Speaker presenting on a branded stage to a seated conference audience","Temporary stock","Alexandre Pellaes (Unsplash 6vAjp0pscX0)","Realistic photograph taken from the audience of a speaker presenting on a branded conference stage, printed fascia, cut-out foamex logo letters and screen surround visible, silhouettes of attendees in the foreground, warm stage lighting, eye-level wide angle, fictional brand name, no real logos, no Flash Print Solution branding.","p:stage-branding-dubai:application"
"382","assets/images/products/stage-branding-dubai/stage-branding-dubai-application-1200.webp","1200","900","4:3","Product page – product in use (gallery 3 + “Where it’s used”)","/stage-branding-dubai/","Speaker presenting on a branded stage to a seated conference audience","Temporary stock","Alexandre Pellaes (Unsplash 6vAjp0pscX0)","Realistic photograph taken from the audience of a speaker presenting on a branded conference stage, printed fascia, cut-out foamex logo letters and screen surround visible, silhouettes of attendees in the foreground, warm stage lighting, eye-level wide angle, fictional brand name, no real logos, no Flash Print Solution branding.","p:stage-branding-dubai:application"
"383","assets/images/products/stage-branding-dubai/stage-branding-dubai-production-640.webp","640","480","4:3","Product page – production / finishing (gallery 4)","/stage-branding-dubai/","Installer applying printed vinyl film to glass or wall with a squeegee","Temporary stock (shared production photo)","Steve A Johnson (Unsplash NqpWSWv0oAs)","Photorealistic commercial photograph of stage branding production: Installer applying printed vinyl film to glass or wall with a squeegee. Clean, well-lit Dubai print workshop, 4:3 landscape. Fictional brand names only, no real logos, no Flash Print Solution branding.","p:stage-branding-dubai:production"
"384","assets/images/products/stage-branding-dubai/stage-branding-dubai-production-1200.webp","1200","900","4:3","Product page – production / finishing (gallery 4)","/stage-branding-dubai/","Installer applying printed vinyl film to glass or wall with a squeegee","Temporary stock (shared production photo)","Steve A Johnson (Unsplash NqpWSWv0oAs)","Photorealistic commercial photograph of stage branding production: Installer applying printed vinyl film to glass or wall with a squeegee. Clean, well-lit Dubai print workshop, 4:3 landscape. Fictional brand names only, no real logos, no Flash Print Solution branding.","p:stage-branding-dubai:production"
"385","assets/images/products/acrylic-signage-dubai/acrylic-signage-dubai-hero-640.webp","640","480","4:3","Product page – main photo (gallery 1)","/acrylic-signage-dubai/","Clear acrylic meeting room sign with white printed lettering on brushed stand-offs","Temporary stock","2H Media (Unsplash ZIMJQWbg41Q)","Realistic commercial photograph of a clear reverse-printed acrylic meeting room sign with white lettering, mounted on brushed steel stand-offs beside a glass door in a bright Dubai office, soft daylight, slight three-quarter angle, fictional brand name, no real logos, no Flash Print Solution branding","p:acrylic-signage-dubai:hero"
"386","assets/images/products/acrylic-signage-dubai/acrylic-signage-dubai-hero-1200.webp","1200","900","4:3","Product page – main photo (gallery 1)","/acrylic-signage-dubai/","Clear acrylic meeting room sign with white printed lettering on brushed stand-offs","Temporary stock","2H Media (Unsplash ZIMJQWbg41Q)","Realistic commercial photograph of a clear reverse-printed acrylic meeting room sign with white lettering, mounted on brushed steel stand-offs beside a glass door in a bright Dubai office, soft daylight, slight three-quarter angle, fictional brand name, no real logos, no Flash Print Solution branding","p:acrylic-signage-dubai:hero"
"387","assets/images/og/acrylic-signage-dubai-hero.jpg","1200","630","1.91:1","Social share preview (Facebook, WhatsApp, LinkedIn…) – JPG","/acrylic-signage-dubai/","Clear acrylic meeting room sign with white printed lettering on brushed stand-offs","Temporary stock","2H Media (Unsplash ZIMJQWbg41Q)","Same photo as above, cropped to 1200 × 630","p:acrylic-signage-dubai:hero"
"388","assets/images/products/acrylic-signage-dubai/acrylic-signage-dubai-detail-640.webp","640","480","4:3","Product page – material / finish close-up (gallery 2)","/acrylic-signage-dubai/","Close-up of a polished acrylic edge and brushed steel stand-off on a white wall","Temporary stock","Andreas Haslinger (Unsplash ywikyd-_DJs)","Macro product photograph of a 10 mm clear acrylic panel corner showing a flame-polished edge and a brushed stainless stand-off cap against a white painted wall, shallow depth of field, soft side lighting, fictional brand name, no real logos, no Flash Print Solution branding","p:acrylic-signage-dubai:detail"
"389","assets/images/products/acrylic-signage-dubai/acrylic-signage-dubai-detail-1200.webp","1200","900","4:3","Product page – material / finish close-up (gallery 2)","/acrylic-signage-dubai/","Close-up of a polished acrylic edge and brushed steel stand-off on a white wall","Temporary stock","Andreas Haslinger (Unsplash ywikyd-_DJs)","Macro product photograph of a 10 mm clear acrylic panel corner showing a flame-polished edge and a brushed stainless stand-off cap against a white painted wall, shallow depth of field, soft side lighting, fictional brand name, no real logos, no Flash Print Solution branding","p:acrylic-signage-dubai:detail"
"390","assets/images/products/acrylic-signage-dubai/acrylic-signage-dubai-application-640.webp","640","480","4:3","Product page – product in use (gallery 3 + “Where it’s used”)","/acrylic-signage-dubai/","Frosted acrylic directory board beside a lift lobby in a modern office corridor","Temporary stock","Yunshuo Qu (Unsplash Vl9de5jX1H4)","Realistic interior photograph of a frosted acrylic floor directory board with grey printed text and arrows, mounted on stand-offs beside lift doors in a Dubai office tower lobby, clean architectural lighting, eye-level view, fictional brand name, no real logos, no Flash Print Solution branding","p:acrylic-signage-dubai:application"
"391","assets/images/products/acrylic-signage-dubai/acrylic-signage-dubai-application-1200.webp","1200","900","4:3","Product page – product in use (gallery 3 + “Where it’s used”)","/acrylic-signage-dubai/","Frosted acrylic directory board beside a lift lobby in a modern office corridor","Temporary stock","Yunshuo Qu (Unsplash Vl9de5jX1H4)","Realistic interior photograph of a frosted acrylic floor directory board with grey printed text and arrows, mounted on stand-offs beside lift doors in a Dubai office tower lobby, clean architectural lighting, eye-level view, fictional brand name, no real logos, no Flash Print Solution branding","p:acrylic-signage-dubai:application"
"392","assets/images/products/acrylic-signage-dubai/acrylic-signage-dubai-production-640.webp","640","480","4:3","Product page – production / finishing (gallery 4)","/acrylic-signage-dubai/","CO2 laser cutter cutting or engraving acrylic / wood sheet in the workshop","Temporary stock (shared production photo)","Opt Lasers (Unsplash KshEaH06rV8)","Photorealistic commercial photograph of acrylic sign boards production: CO2 laser cutter cutting or engraving acrylic / wood sheet in the workshop. Clean, well-lit Dubai print workshop, 4:3 landscape. Fictional brand names only, no real logos, no Flash Print Solution branding.","p:acrylic-signage-dubai:production"
"393","assets/images/products/acrylic-signage-dubai/acrylic-signage-dubai-production-1200.webp","1200","900","4:3","Product page – production / finishing (gallery 4)","/acrylic-signage-dubai/","CO2 laser cutter cutting or engraving acrylic / wood sheet in the workshop","Temporary stock (shared production photo)","Opt Lasers (Unsplash KshEaH06rV8)","Photorealistic commercial photograph of acrylic sign boards production: CO2 laser cutter cutting or engraving acrylic / wood sheet in the workshop. Clean, well-lit Dubai print workshop, 4:3 landscape. Fictional brand names only, no real logos, no Flash Print Solution branding.","p:acrylic-signage-dubai:production"
"394","assets/images/products/office-name-boards-dubai/office-name-boards-dubai-hero-640.webp","640","480","4:3","Product page – main photo (gallery 1)","/office-name-boards-dubai/","Brushed aluminium company name board with black lettering beside a timber office door","Temporary stock","Jason Leung (Unsplash l7TI-pNdeDQ)","Realistic commercial photograph of a brushed aluminium company name board with black engraved lettering and a small logo, fixed beside a dark timber office entrance door in a Dubai office tower corridor, even soft lighting, eye-level view, fictional brand name, no real logos, no Flash Print Solution branding","p:office-name-boards-dubai:hero"
"395","assets/images/products/office-name-boards-dubai/office-name-boards-dubai-hero-1200.webp","1200","900","4:3","Product page – main photo (gallery 1)","/office-name-boards-dubai/","Brushed aluminium company name board with black lettering beside a timber office door","Temporary stock","Jason Leung (Unsplash l7TI-pNdeDQ)","Realistic commercial photograph of a brushed aluminium company name board with black engraved lettering and a small logo, fixed beside a dark timber office entrance door in a Dubai office tower corridor, even soft lighting, eye-level view, fictional brand name, no real logos, no Flash Print Solution branding","p:office-name-boards-dubai:hero"
"396","assets/images/og/office-name-boards-dubai-hero.jpg","1200","630","1.91:1","Social share preview (Facebook, WhatsApp, LinkedIn…) – JPG","/office-name-boards-dubai/","Brushed aluminium company name board with black lettering beside a timber office door","Temporary stock","Jason Leung (Unsplash l7TI-pNdeDQ)","Same photo as above, cropped to 1200 × 630","p:office-name-boards-dubai:hero"
"397","assets/images/products/office-name-boards-dubai/office-name-boards-dubai-detail-640.webp","640","480","4:3","Product page – material / finish close-up (gallery 2)","/office-name-boards-dubai/","Close-up of an engraved brass-finish door plate with black paint-filled lettering","Temporary stock","Donald Teel (Unsplash XipU5pBNN0Y)","Macro photograph of a brass-finish door name plate with laser-engraved, black paint-filled name and job title text, fine brushed grain visible, warm directional light, shallow depth of field, fictional brand name, no real logos, no Flash Print Solution branding","p:office-name-boards-dubai:detail"
"398","assets/images/products/office-name-boards-dubai/office-name-boards-dubai-detail-1200.webp","1200","900","4:3","Product page – material / finish close-up (gallery 2)","/office-name-boards-dubai/","Close-up of an engraved brass-finish door plate with black paint-filled lettering","Temporary stock","Donald Teel (Unsplash XipU5pBNN0Y)","Macro photograph of a brass-finish door name plate with laser-engraved, black paint-filled name and job title text, fine brushed grain visible, warm directional light, shallow depth of field, fictional brand name, no real logos, no Flash Print Solution branding","p:office-name-boards-dubai:detail"
"399","assets/images/products/office-name-boards-dubai/office-name-boards-dubai-application-640.webp","640","480","4:3","Product page – product in use (gallery 3 + “Where it’s used”)","/office-name-boards-dubai/","Row of matching door name plates along a bright office corridor with glass walls","Temporary stock","Petr (Unsplash 5shl-NRhPyc)","Realistic interior photograph of a bright office corridor with a row of matching brushed silver door name plates at equal height beside timber doors and frosted glass partitions, Dubai office setting, natural daylight, one-point perspective, fictional brand name, no real logos, no Flash Print Solution branding","p:office-name-boards-dubai:application"
"400","assets/images/products/office-name-boards-dubai/office-name-boards-dubai-application-1200.webp","1200","900","4:3","Product page – product in use (gallery 3 + “Where it’s used”)","/office-name-boards-dubai/","Row of matching door name plates along a bright office corridor with glass walls","Temporary stock","Petr (Unsplash 5shl-NRhPyc)","Realistic interior photograph of a bright office corridor with a row of matching brushed silver door name plates at equal height beside timber doors and frosted glass partitions, Dubai office setting, natural daylight, one-point perspective, fictional brand name, no real logos, no Flash Print Solution branding","p:office-name-boards-dubai:application"
"401","assets/images/products/office-name-boards-dubai/office-name-boards-dubai-production-640.webp","640","480","4:3","Product page – production / finishing (gallery 4)","/office-name-boards-dubai/","Workshop fabrication of signage","Temporary stock (shared production photo)","Syd Mills (Unsplash kLeczQMR55Y)","Photorealistic commercial photograph of office name boards production: Workshop fabrication of signage — acrylic, aluminium composite panels and letters. Clean, well-lit Dubai print workshop, 4:3 landscape. Fictional brand names only, no real logos, no Flash Print Solution branding.","p:office-name-boards-dubai:production"
"402","assets/images/products/office-name-boards-dubai/office-name-boards-dubai-production-1200.webp","1200","900","4:3","Product page – production / finishing (gallery 4)","/office-name-boards-dubai/","Workshop fabrication of signage","Temporary stock (shared production photo)","Syd Mills (Unsplash kLeczQMR55Y)","Photorealistic commercial photograph of office name boards production: Workshop fabrication of signage — acrylic, aluminium composite panels and letters. Clean, well-lit Dubai print workshop, 4:3 landscape. Fictional brand names only, no real logos, no Flash Print Solution branding.","p:office-name-boards-dubai:production"
"403","assets/images/products/reception-signage-dubai/reception-signage-dubai-hero-640.webp","640","480","4:3","Product page – main photo (gallery 1)","/reception-signage-dubai/","Black acrylic 3D logo letters on a light oak panel behind a reception desk","Temporary stock","Tim van der Kuip (Unsplash HVp2MG15y3E)","Realistic commercial photograph of black matt acrylic 3D logo letters floating on concealed studs over a light oak slatted panel behind a white reception desk in a Dubai office, warm downlights, straight-on wide view, fictional brand name, no real logos, no Flash Print Solution branding","p:reception-signage-dubai:hero"
"404","assets/images/products/reception-signage-dubai/reception-signage-dubai-hero-1200.webp","1200","900","4:3","Product page – main photo (gallery 1)","/reception-signage-dubai/","Black acrylic 3D logo letters on a light oak panel behind a reception desk","Temporary stock","Tim van der Kuip (Unsplash HVp2MG15y3E)","Realistic commercial photograph of black matt acrylic 3D logo letters floating on concealed studs over a light oak slatted panel behind a white reception desk in a Dubai office, warm downlights, straight-on wide view, fictional brand name, no real logos, no Flash Print Solution branding","p:reception-signage-dubai:hero"
"405","assets/images/og/reception-signage-dubai-hero.jpg","1200","630","1.91:1","Social share preview (Facebook, WhatsApp, LinkedIn…) – JPG","/reception-signage-dubai/","Black acrylic 3D logo letters on a light oak panel behind a reception desk","Temporary stock","Tim van der Kuip (Unsplash HVp2MG15y3E)","Same photo as above, cropped to 1200 × 630","p:reception-signage-dubai:hero"
"406","assets/images/products/reception-signage-dubai/reception-signage-dubai-detail-640.webp","640","480","4:3","Product page – material / finish close-up (gallery 2)","/reception-signage-dubai/","Close-up of a halo-lit metal letter casting a warm glow onto a grey wall","Temporary stock","Scott Evans (Unsplash O4vJWo4c5Vc)","Close-up photograph of a brushed stainless steel reverse-lit letter mounted off a dark grey wall, warm white LED halo glowing around its edges, low ambient light, side angle showing the stand-off gap, fictional brand name, no real logos, no Flash Print Solution branding","p:reception-signage-dubai:detail"
"407","assets/images/products/reception-signage-dubai/reception-signage-dubai-detail-1200.webp","1200","900","4:3","Product page – material / finish close-up (gallery 2)","/reception-signage-dubai/","Close-up of a halo-lit metal letter casting a warm glow onto a grey wall","Temporary stock","Scott Evans (Unsplash O4vJWo4c5Vc)","Close-up photograph of a brushed stainless steel reverse-lit letter mounted off a dark grey wall, warm white LED halo glowing around its edges, low ambient light, side angle showing the stand-off gap, fictional brand name, no real logos, no Flash Print Solution branding","p:reception-signage-dubai:detail"
"408","assets/images/products/reception-signage-dubai/reception-signage-dubai-application-640.webp","640","480","4:3","Product page – product in use (gallery 3 + “Where it’s used”)","/reception-signage-dubai/","Clinic reception area with illuminated logo wall, white counter and waiting chairs","Temporary stock","Irshad Pathan (Unsplash bdeLBIPYUrE)","Realistic interior photograph of a modern Dubai clinic reception with a face-lit white acrylic logo on a pale green feature wall above a curved white counter, waiting chairs in the foreground, bright clean lighting, fictional brand name, no real logos, no Flash Print Solution branding","p:reception-signage-dubai:application"
"409","assets/images/products/reception-signage-dubai/reception-signage-dubai-application-1200.webp","1200","900","4:3","Product page – product in use (gallery 3 + “Where it’s used”)","/reception-signage-dubai/","Clinic reception area with illuminated logo wall, white counter and waiting chairs","Temporary stock","Irshad Pathan (Unsplash bdeLBIPYUrE)","Realistic interior photograph of a modern Dubai clinic reception with a face-lit white acrylic logo on a pale green feature wall above a curved white counter, waiting chairs in the foreground, bright clean lighting, fictional brand name, no real logos, no Flash Print Solution branding","p:reception-signage-dubai:application"
"410","assets/images/products/reception-signage-dubai/reception-signage-dubai-production-640.webp","640","480","4:3","Product page – production / finishing (gallery 4)","/reception-signage-dubai/","Workshop fabrication of signage","Temporary stock (shared production photo)","Syd Mills (Unsplash kLeczQMR55Y)","Photorealistic commercial photograph of reception signage production: Workshop fabrication of signage — acrylic, aluminium composite panels and letters. Clean, well-lit Dubai print workshop, 4:3 landscape. Fictional brand names only, no real logos, no Flash Print Solution branding.","p:reception-signage-dubai:production"
"411","assets/images/products/reception-signage-dubai/reception-signage-dubai-production-1200.webp","1200","900","4:3","Product page – production / finishing (gallery 4)","/reception-signage-dubai/","Workshop fabrication of signage","Temporary stock (shared production photo)","Syd Mills (Unsplash kLeczQMR55Y)","Photorealistic commercial photograph of reception signage production: Workshop fabrication of signage — acrylic, aluminium composite panels and letters. Clean, well-lit Dubai print workshop, 4:3 landscape. Fictional brand names only, no real logos, no Flash Print Solution branding.","p:reception-signage-dubai:production"
"412","assets/images/products/wall-graphics-dubai/wall-graphics-dubai-hero-640.webp","640","480","4:3","Product page – main photo (gallery 1)","/wall-graphics-dubai/","White cut vinyl values lettering on a dark green office wall above a bench","Temporary stock","Wafiq Raza (Unsplash QyA1Uo-dh50)","Realistic commercial photograph of white matt cut vinyl lettering spelling company values on a deep green painted wall above an upholstered bench in a Dubai office breakout area, soft daylight, straight-on view, fictional brand name, no real logos, no Flash Print Solution branding","p:wall-graphics-dubai:hero"
"413","assets/images/products/wall-graphics-dubai/wall-graphics-dubai-hero-1200.webp","1200","900","4:3","Product page – main photo (gallery 1)","/wall-graphics-dubai/","White cut vinyl values lettering on a dark green office wall above a bench","Temporary stock","Wafiq Raza (Unsplash QyA1Uo-dh50)","Realistic commercial photograph of white matt cut vinyl lettering spelling company values on a deep green painted wall above an upholstered bench in a Dubai office breakout area, soft daylight, straight-on view, fictional brand name, no real logos, no Flash Print Solution branding","p:wall-graphics-dubai:hero"
"414","assets/images/og/wall-graphics-dubai-hero.jpg","1200","630","1.91:1","Social share preview (Facebook, WhatsApp, LinkedIn…) – JPG","/wall-graphics-dubai/","White cut vinyl values lettering on a dark green office wall above a bench","Temporary stock","Wafiq Raza (Unsplash QyA1Uo-dh50)","Same photo as above, cropped to 1200 × 630","p:wall-graphics-dubai:hero"
"415","assets/images/products/wall-graphics-dubai/wall-graphics-dubai-detail-640.webp","640","480","4:3","Product page – material / finish close-up (gallery 2)","/wall-graphics-dubai/","Close-up of matt cut vinyl letters showing crisp edges on a painted wall","Temporary stock","Nick Fewings (Unsplash HU-xiyQ-4Oo)","Macro photograph of matt white cut vinyl letters applied to a smooth charcoal painted wall, crisp edges and faint paint texture visible, raking side light, shallow depth of field, fictional brand name, no real logos, no Flash Print Solution branding","p:wall-graphics-dubai:detail"
"416","assets/images/products/wall-graphics-dubai/wall-graphics-dubai-detail-1200.webp","1200","900","4:3","Product page – material / finish close-up (gallery 2)","/wall-graphics-dubai/","Close-up of matt cut vinyl letters showing crisp edges on a painted wall","Temporary stock","Nick Fewings (Unsplash HU-xiyQ-4Oo)","Macro photograph of matt white cut vinyl letters applied to a smooth charcoal painted wall, crisp edges and faint paint texture visible, raking side light, shallow depth of field, fictional brand name, no real logos, no Flash Print Solution branding","p:wall-graphics-dubai:detail"
"417","assets/images/products/wall-graphics-dubai/wall-graphics-dubai-application-640.webp","640","480","4:3","Product page – product in use (gallery 3 + “Where it’s used”)","/wall-graphics-dubai/","Open-plan office breakout area with colourful printed wall graphics and lounge seating","Temporary stock","Musemind UX Agency (Unsplash Mgm6aq1UYpI)","Realistic interior photograph of an open-plan Dubai office breakout area with colourful printed vinyl wall graphics of icons and a timeline, lounge seating and plants in front, bright natural light, wide angle, fictional brand name, no real logos, no Flash Print Solution branding","p:wall-graphics-dubai:application"
"418","assets/images/products/wall-graphics-dubai/wall-graphics-dubai-application-1200.webp","1200","900","4:3","Product page – product in use (gallery 3 + “Where it’s used”)","/wall-graphics-dubai/","Open-plan office breakout area with colourful printed wall graphics and lounge seating","Temporary stock","Musemind UX Agency (Unsplash Mgm6aq1UYpI)","Realistic interior photograph of an open-plan Dubai office breakout area with colourful printed vinyl wall graphics of icons and a timeline, lounge seating and plants in front, bright natural light, wide angle, fictional brand name, no real logos, no Flash Print Solution branding","p:wall-graphics-dubai:application"
"419","assets/images/products/wall-graphics-dubai/wall-graphics-dubai-production-640.webp","640","480","4:3","Product page – production / finishing (gallery 4)","/wall-graphics-dubai/","Installer applying printed vinyl film to glass or wall with a squeegee","Temporary stock (shared production photo)","Steve A Johnson (Unsplash NqpWSWv0oAs)","Photorealistic commercial photograph of wall graphics production: Installer applying printed vinyl film to glass or wall with a squeegee. Clean, well-lit Dubai print workshop, 4:3 landscape. Fictional brand names only, no real logos, no Flash Print Solution branding.","p:wall-graphics-dubai:production"
"420","assets/images/products/wall-graphics-dubai/wall-graphics-dubai-production-1200.webp","1200","900","4:3","Product page – production / finishing (gallery 4)","/wall-graphics-dubai/","Installer applying printed vinyl film to glass or wall with a squeegee","Temporary stock (shared production photo)","Steve A Johnson (Unsplash NqpWSWv0oAs)","Photorealistic commercial photograph of wall graphics production: Installer applying printed vinyl film to glass or wall with a squeegee. Clean, well-lit Dubai print workshop, 4:3 landscape. Fictional brand names only, no real logos, no Flash Print Solution branding.","p:wall-graphics-dubai:production"
"421","assets/images/products/company-profile-printing-dubai/company-profile-printing-dubai-hero-640.webp","640","480","4:3","Product page – main photo (gallery 1)","/company-profile-printing-dubai/","A4 company profile with soft-touch navy cover and spot UV logo on a desk","Temporary stock","Julian Hochgesang (Unsplash im08hUXmedQ)","Realistic commercial photograph of an A4 portrait company profile for a fictional engineering firm, navy soft-touch laminated cover with a spot UV logo and title, lying at an angle on a grey stone desk with a second copy open behind, soft window light, fictional brand name, no real logos, no Flash Print Solution branding.","p:company-profile-printing-dubai:hero"
"422","assets/images/products/company-profile-printing-dubai/company-profile-printing-dubai-hero-1200.webp","1200","900","4:3","Product page – main photo (gallery 1)","/company-profile-printing-dubai/","A4 company profile with soft-touch navy cover and spot UV logo on a desk","Temporary stock","Julian Hochgesang (Unsplash im08hUXmedQ)","Realistic commercial photograph of an A4 portrait company profile for a fictional engineering firm, navy soft-touch laminated cover with a spot UV logo and title, lying at an angle on a grey stone desk with a second copy open behind, soft window light, fictional brand name, no real logos, no Flash Print Solution branding.","p:company-profile-printing-dubai:hero"
"423","assets/images/og/company-profile-printing-dubai-hero.jpg","1200","630","1.91:1","Social share preview (Facebook, WhatsApp, LinkedIn…) – JPG","/company-profile-printing-dubai/","A4 company profile with soft-touch navy cover and spot UV logo on a desk","Temporary stock","Julian Hochgesang (Unsplash im08hUXmedQ)","Same photo as above, cropped to 1200 × 630","p:company-profile-printing-dubai:hero"
"424","assets/images/products/company-profile-printing-dubai/company-profile-printing-dubai-detail-640.webp","640","480","4:3","Product page – material / finish close-up (gallery 2)","/company-profile-printing-dubai/","Close-up of a perfect-bound profile spine with printed company name","Temporary stock","Aaina Sharma (Unsplash fpxUB3PPbEg)","Realistic macro photograph of the spine of a perfect-bound company profile showing a printed fictional company name, the edge of the soft-touch cover and crisp trimmed pages, soft side lighting on a white surface, shallow depth of field, fictional brand name, no real logos, no Flash Print Solution branding.","p:company-profile-printing-dubai:detail"
"425","assets/images/products/company-profile-printing-dubai/company-profile-printing-dubai-detail-1200.webp","1200","900","4:3","Product page – material / finish close-up (gallery 2)","/company-profile-printing-dubai/","Close-up of a perfect-bound profile spine with printed company name","Temporary stock","Aaina Sharma (Unsplash fpxUB3PPbEg)","Realistic macro photograph of the spine of a perfect-bound company profile showing a printed fictional company name, the edge of the soft-touch cover and crisp trimmed pages, soft side lighting on a white surface, shallow depth of field, fictional brand name, no real logos, no Flash Print Solution branding.","p:company-profile-printing-dubai:detail"
"426","assets/images/products/company-profile-printing-dubai/company-profile-printing-dubai-application-640.webp","640","480","4:3","Product page – product in use (gallery 3 + “Where it’s used”)","/company-profile-printing-dubai/","Business meeting with an open printed company profile on a conference table","Temporary stock","Dylan Gillis (Unsplash KdeqA3aTnBY)","Realistic photograph of two professionals in a Dubai meeting room reviewing an open printed company profile showing project photography on a spread, conference table with laptops and coffee cups, city view through the window, natural daylight, over-the-shoulder angle, fictional brand name, no real logos, no Flash Print Solution branding.","p:company-profile-printing-dubai:application"
"427","assets/images/products/company-profile-printing-dubai/company-profile-printing-dubai-application-1200.webp","1200","900","4:3","Product page – product in use (gallery 3 + “Where it’s used”)","/company-profile-printing-dubai/","Business meeting with an open printed company profile on a conference table","Temporary stock","Dylan Gillis (Unsplash KdeqA3aTnBY)","Realistic photograph of two professionals in a Dubai meeting room reviewing an open printed company profile showing project photography on a spread, conference table with laptops and coffee cups, city view through the window, natural daylight, over-the-shoulder angle, fictional brand name, no real logos, no Flash Print Solution branding.","p:company-profile-printing-dubai:application"
"428","assets/images/products/company-profile-printing-dubai/company-profile-printing-dubai-production-640.webp","640","480","4:3","Product page – production / finishing (gallery 4)","/company-profile-printing-dubai/","Booklet binding / stitching and folding of multi-page printed documents","Temporary stock (shared production photo)","Christopher Bill (Unsplash AmvUqBtvXpA)","Photorealistic commercial photograph of company profile printing production: Booklet binding / stitching and folding of multi-page printed documents. Clean, well-lit Dubai print workshop, 4:3 landscape. Fictional brand names only, no real logos, no Flash Print Solution branding.","p:company-profile-printing-dubai:production"
"429","assets/images/products/company-profile-printing-dubai/company-profile-printing-dubai-production-1200.webp","1200","900","4:3","Product page – production / finishing (gallery 4)","/company-profile-printing-dubai/","Booklet binding / stitching and folding of multi-page printed documents","Temporary stock (shared production photo)","Christopher Bill (Unsplash AmvUqBtvXpA)","Photorealistic commercial photograph of company profile printing production: Booklet binding / stitching and folding of multi-page printed documents. Clean, well-lit Dubai print workshop, 4:3 landscape. Fictional brand names only, no real logos, no Flash Print Solution branding.","p:company-profile-printing-dubai:production"
"430","assets/images/products/corporate-identity-printing-dubai/corporate-identity-printing-dubai-hero-640.webp","640","480","4:3","Product page – main photo (gallery 1)","/corporate-identity-printing-dubai/","Corporate identity kit with business cards, letterhead, envelope and pocket folder in charcoal and copper","Temporary stock","Martynas Marcenko (Unsplash ie-AiMZOWZk)","Realistic commercial photograph of a complete corporate identity kit for a fictional architecture studio, business cards, A4 letterhead, DL envelope, compliment slip and pocket folder in charcoal with copper foil, neatly arranged on a pale concrete surface, soft diffused light, top-down angle, fictional brand name, no real logos, no Flash Print Solution branding.","p:corporate-identity-printing-dubai:hero"
"431","assets/images/products/corporate-identity-printing-dubai/corporate-identity-printing-dubai-hero-1200.webp","1200","900","4:3","Product page – main photo (gallery 1)","/corporate-identity-printing-dubai/","Corporate identity kit with business cards, letterhead, envelope and pocket folder in charcoal and copper","Temporary stock","Martynas Marcenko (Unsplash ie-AiMZOWZk)","Realistic commercial photograph of a complete corporate identity kit for a fictional architecture studio, business cards, A4 letterhead, DL envelope, compliment slip and pocket folder in charcoal with copper foil, neatly arranged on a pale concrete surface, soft diffused light, top-down angle, fictional brand name, no real logos, no Flash Print Solution branding.","p:corporate-identity-printing-dubai:hero"
"432","assets/images/og/corporate-identity-printing-dubai-hero.jpg","1200","630","1.91:1","Social share preview (Facebook, WhatsApp, LinkedIn…) – JPG","/corporate-identity-printing-dubai/","Corporate identity kit with business cards, letterhead, envelope and pocket folder in charcoal and copper","Temporary stock","Martynas Marcenko (Unsplash ie-AiMZOWZk)","Same photo as above, cropped to 1200 × 630","p:corporate-identity-printing-dubai:hero"
"433","assets/images/products/corporate-identity-printing-dubai/corporate-identity-printing-dubai-detail-640.webp","640","480","4:3","Product page – material / finish close-up (gallery 2)","/corporate-identity-printing-dubai/","Close-up of copper foil logo on textured uncoated letterhead paper","Temporary stock","Heyphotoshoot (Unsplash Rn650-f8CTU)","Realistic macro photograph of a copper foil logo stamped on textured uncoated letterhead paper, raking light revealing the paper fibres and slight foil impression, shallow depth of field, neutral background, fictional brand name, no real logos, no Flash Print Solution branding.","p:corporate-identity-printing-dubai:detail"
"434","assets/images/products/corporate-identity-printing-dubai/corporate-identity-printing-dubai-detail-1200.webp","1200","900","4:3","Product page – material / finish close-up (gallery 2)","/corporate-identity-printing-dubai/","Close-up of copper foil logo on textured uncoated letterhead paper","Temporary stock","Heyphotoshoot (Unsplash Rn650-f8CTU)","Realistic macro photograph of a copper foil logo stamped on textured uncoated letterhead paper, raking light revealing the paper fibres and slight foil impression, shallow depth of field, neutral background, fictional brand name, no real logos, no Flash Print Solution branding.","p:corporate-identity-printing-dubai:detail"
"435","assets/images/products/corporate-identity-printing-dubai/corporate-identity-printing-dubai-application-640.webp","640","480","4:3","Product page – product in use (gallery 3 + “Where it’s used”)","/corporate-identity-printing-dubai/","Employee handing a business card to a visitor across an office reception desk","Temporary stock – SHARED with branding-identity category (replace first)","Testeur de CBD (Unsplash BfaZCp_lB8g)","Realistic photograph of a smiling employee handing a business card to a visitor across a modern reception desk in a Dubai office, matching branded folder on the desk, warm natural light, medium shot focused on the hands and card, fictional brand name, no real logos, no Flash Print Solution branding.","p:corporate-identity-printing-dubai:application"
"436","assets/images/products/corporate-identity-printing-dubai/corporate-identity-printing-dubai-application-1200.webp","1200","900","4:3","Product page – product in use (gallery 3 + “Where it’s used”)","/corporate-identity-printing-dubai/","Employee handing a business card to a visitor across an office reception desk","Temporary stock – SHARED with branding-identity category (replace first)","Testeur de CBD (Unsplash BfaZCp_lB8g)","Realistic photograph of a smiling employee handing a business card to a visitor across a modern reception desk in a Dubai office, matching branded folder on the desk, warm natural light, medium shot focused on the hands and card, fictional brand name, no real logos, no Flash Print Solution branding.","p:corporate-identity-printing-dubai:application"
"437","assets/images/products/corporate-identity-printing-dubai/corporate-identity-printing-dubai-production-640.webp","640","480","4:3","Product page – production / finishing (gallery 4)","/corporate-identity-printing-dubai/","Offset press run","Temporary stock (shared production photo)","NOAA (Unsplash HFYczZkqCoE)","Photorealistic commercial photograph of corporate identity kits production: Offset press run — operator checking a sheet at an offset printing press. Clean, well-lit Dubai print workshop, 4:3 landscape. Fictional brand names only, no real logos, no Flash Print Solution branding.","p:corporate-identity-printing-dubai:production"
"438","assets/images/products/corporate-identity-printing-dubai/corporate-identity-printing-dubai-production-1200.webp","1200","900","4:3","Product page – production / finishing (gallery 4)","/corporate-identity-printing-dubai/","Offset press run","Temporary stock (shared production photo)","NOAA (Unsplash HFYczZkqCoE)","Photorealistic commercial photograph of corporate identity kits production: Offset press run — operator checking a sheet at an offset printing press. Clean, well-lit Dubai print workshop, 4:3 landscape. Fictional brand names only, no real logos, no Flash Print Solution branding.","p:corporate-identity-printing-dubai:production"
"439","assets/images/products/office-branding-dubai/office-branding-dubai-hero-640.webp","640","480","4:3","Product page – main photo (gallery 1)","/office-branding-dubai/","Office reception with brushed metal logo letters on a timber feature wall","Temporary stock","Aalo Lens (Unsplash Ypv0MH4izf8)","Realistic interior photograph of a modern Dubai office reception with brushed metal 3D logo letters for a fictional investment firm mounted on a walnut timber feature wall, white reception desk in front, warm downlighting, wide eye-level angle, fictional brand name, no real logos, no Flash Print Solution branding.","p:office-branding-dubai:hero"
"440","assets/images/products/office-branding-dubai/office-branding-dubai-hero-1200.webp","1200","900","4:3","Product page – main photo (gallery 1)","/office-branding-dubai/","Office reception with brushed metal logo letters on a timber feature wall","Temporary stock","Aalo Lens (Unsplash Ypv0MH4izf8)","Realistic interior photograph of a modern Dubai office reception with brushed metal 3D logo letters for a fictional investment firm mounted on a walnut timber feature wall, white reception desk in front, warm downlighting, wide eye-level angle, fictional brand name, no real logos, no Flash Print Solution branding.","p:office-branding-dubai:hero"
"441","assets/images/og/office-branding-dubai-hero.jpg","1200","630","1.91:1","Social share preview (Facebook, WhatsApp, LinkedIn…) – JPG","/office-branding-dubai/","Office reception with brushed metal logo letters on a timber feature wall","Temporary stock","Aalo Lens (Unsplash Ypv0MH4izf8)","Same photo as above, cropped to 1200 × 630","p:office-branding-dubai:hero"
"442","assets/images/products/office-branding-dubai/office-branding-dubai-detail-640.webp","640","480","4:3","Product page – material / finish close-up (gallery 2)","/office-branding-dubai/","Frosted glass film with cut-out pattern band on a meeting room partition","Temporary stock","Shaun He (Unsplash zTifOu0tAbc)","Realistic close-up photograph of frosted glass film with a cut geometric pattern band and a small fictional logo on a glass meeting room partition, soft office lighting, a blurred meeting table visible behind, shallow depth of field, fictional brand name, no real logos, no Flash Print Solution branding.","p:office-branding-dubai:detail"
"443","assets/images/products/office-branding-dubai/office-branding-dubai-detail-1200.webp","1200","900","4:3","Product page – material / finish close-up (gallery 2)","/office-branding-dubai/","Frosted glass film with cut-out pattern band on a meeting room partition","Temporary stock","Shaun He (Unsplash zTifOu0tAbc)","Realistic close-up photograph of frosted glass film with a cut geometric pattern band and a small fictional logo on a glass meeting room partition, soft office lighting, a blurred meeting table visible behind, shallow depth of field, fictional brand name, no real logos, no Flash Print Solution branding.","p:office-branding-dubai:detail"
"444","assets/images/products/office-branding-dubai/office-branding-dubai-application-640.webp","640","480","4:3","Product page – product in use (gallery 3 + “Where it’s used”)","/office-branding-dubai/","Open-plan office corridor with a large printed values wall mural","Temporary stock","Musemind UX Agency (Unsplash Sc_OS4w5zCA)","Realistic interior photograph of an open-plan Dubai office corridor featuring a large printed wall mural with company values typography and abstract city illustration for a fictional tech company, matte finish, staff walking past, natural daylight from windows, wide angle, fictional brand name, no real logos, no Flash Print Solution branding.","p:office-branding-dubai:application"
"445","assets/images/products/office-branding-dubai/office-branding-dubai-application-1200.webp","1200","900","4:3","Product page – product in use (gallery 3 + “Where it’s used”)","/office-branding-dubai/","Open-plan office corridor with a large printed values wall mural","Temporary stock","Musemind UX Agency (Unsplash Sc_OS4w5zCA)","Realistic interior photograph of an open-plan Dubai office corridor featuring a large printed wall mural with company values typography and abstract city illustration for a fictional tech company, matte finish, staff walking past, natural daylight from windows, wide angle, fictional brand name, no real logos, no Flash Print Solution branding.","p:office-branding-dubai:application"
"446","assets/images/products/office-branding-dubai/office-branding-dubai-production-640.webp","640","480","4:3","Product page – production / finishing (gallery 4)","/office-branding-dubai/","Installer applying printed vinyl film to glass or wall with a squeegee","Temporary stock (shared production photo)","Steve A Johnson (Unsplash NqpWSWv0oAs)","Photorealistic commercial photograph of office branding production: Installer applying printed vinyl film to glass or wall with a squeegee. Clean, well-lit Dubai print workshop, 4:3 landscape. Fictional brand names only, no real logos, no Flash Print Solution branding.","p:office-branding-dubai:production"
"447","assets/images/products/office-branding-dubai/office-branding-dubai-production-1200.webp","1200","900","4:3","Product page – production / finishing (gallery 4)","/office-branding-dubai/","Installer applying printed vinyl film to glass or wall with a squeegee","Temporary stock (shared production photo)","Steve A Johnson (Unsplash NqpWSWv0oAs)","Photorealistic commercial photograph of office branding production: Installer applying printed vinyl film to glass or wall with a squeegee. Clean, well-lit Dubai print workshop, 4:3 landscape. Fictional brand names only, no real logos, no Flash Print Solution branding.","p:office-branding-dubai:production"
"448","assets/images/products/fleet-branding-dubai/fleet-branding-dubai-hero-640.webp","640","480","4:3","Product page – main photo (gallery 1)","/fleet-branding-dubai/","Fleet of vans, a pick-up and a car sharing one green and white fictional livery","Temporary stock","Ruffa Jane Reyes (Unsplash dlGhQPIstkQ)","Realistic commercial photograph of a mixed company fleet, two panel vans, a pick-up and a saloon, all carrying the same green and white livery for a fictional facilities company, lined up in a clean depot yard in Dubai, soft morning light, elevated three-quarter angle, fictional brand name, no real logos, no Flash Print Solution branding.","p:fleet-branding-dubai:hero"
"449","assets/images/products/fleet-branding-dubai/fleet-branding-dubai-hero-1200.webp","1200","900","4:3","Product page – main photo (gallery 1)","/fleet-branding-dubai/","Fleet of vans, a pick-up and a car sharing one green and white fictional livery","Temporary stock","Ruffa Jane Reyes (Unsplash dlGhQPIstkQ)","Realistic commercial photograph of a mixed company fleet, two panel vans, a pick-up and a saloon, all carrying the same green and white livery for a fictional facilities company, lined up in a clean depot yard in Dubai, soft morning light, elevated three-quarter angle, fictional brand name, no real logos, no Flash Print Solution branding.","p:fleet-branding-dubai:hero"
"450","assets/images/og/fleet-branding-dubai-hero.jpg","1200","630","1.91:1","Social share preview (Facebook, WhatsApp, LinkedIn…) – JPG","/fleet-branding-dubai/","Fleet of vans, a pick-up and a car sharing one green and white fictional livery","Temporary stock","Ruffa Jane Reyes (Unsplash dlGhQPIstkQ)","Same photo as above, cropped to 1200 × 630","p:fleet-branding-dubai:hero"
"451","assets/images/products/fleet-branding-dubai/fleet-branding-dubai-detail-640.webp","640","480","4:3","Product page – material / finish close-up (gallery 2)","/fleet-branding-dubai/","Cut vinyl fleet number and hotline lettering on the rear door of a van","Temporary stock","Ilya Chunin (Unsplash tFHVzFlwEUc)","Realistic close-up photograph of the rear door of a white van showing a cut vinyl fleet number and a fictional hotline in dark green lettering alongside a small printed logo, crisp edges, soft overcast daylight, straight-on angle, fictional brand name, no real logos, no Flash Print Solution branding.","p:fleet-branding-dubai:detail"
"452","assets/images/products/fleet-branding-dubai/fleet-branding-dubai-detail-1200.webp","1200","900","4:3","Product page – material / finish close-up (gallery 2)","/fleet-branding-dubai/","Cut vinyl fleet number and hotline lettering on the rear door of a van","Temporary stock","Ilya Chunin (Unsplash tFHVzFlwEUc)","Realistic close-up photograph of the rear door of a white van showing a cut vinyl fleet number and a fictional hotline in dark green lettering alongside a small printed logo, crisp edges, soft overcast daylight, straight-on angle, fictional brand name, no real logos, no Flash Print Solution branding.","p:fleet-branding-dubai:detail"
"453","assets/images/products/fleet-branding-dubai/fleet-branding-dubai-application-640.webp","640","480","4:3","Product page – product in use (gallery 3 + “Where it’s used”)","/fleet-branding-dubai/","Branded service vans driving on a city road with matching livery","Temporary stock","Big Dodzy (Unsplash -DpZPdrXu8U)","Realistic photograph of two branded service vans with identical blue and white livery for a fictional maintenance company driving along a multi-lane road in Dubai, towers softly blurred in the background, golden hour light, panning motion effect, fictional brand name, no real logos, no Flash Print Solution branding.","p:fleet-branding-dubai:application"
"454","assets/images/products/fleet-branding-dubai/fleet-branding-dubai-application-1200.webp","1200","900","4:3","Product page – product in use (gallery 3 + “Where it’s used”)","/fleet-branding-dubai/","Branded service vans driving on a city road with matching livery","Temporary stock","Big Dodzy (Unsplash -DpZPdrXu8U)","Realistic photograph of two branded service vans with identical blue and white livery for a fictional maintenance company driving along a multi-lane road in Dubai, towers softly blurred in the background, golden hour light, panning motion effect, fictional brand name, no real logos, no Flash Print Solution branding.","p:fleet-branding-dubai:application"
"455","assets/images/products/fleet-branding-dubai/fleet-branding-dubai-production-640.webp","640","480","4:3","Product page – production / finishing (gallery 4)","/fleet-branding-dubai/","Quality control","Temporary stock (shared production photo)","Hans Westbeek (Unsplash _luiFaaZU6k)","Photorealistic commercial photograph of fleet branding production: Quality control — checking a printed proof against a colour swatch under lighting. Clean, well-lit Dubai print workshop, 4:3 landscape. Fictional brand names only, no real logos, no Flash Print Solution branding.","p:fleet-branding-dubai:production"
"456","assets/images/products/fleet-branding-dubai/fleet-branding-dubai-production-1200.webp","1200","900","4:3","Product page – production / finishing (gallery 4)","/fleet-branding-dubai/","Quality control","Temporary stock (shared production photo)","Hans Westbeek (Unsplash _luiFaaZU6k)","Photorealistic commercial photograph of fleet branding production: Quality control — checking a printed proof against a colour swatch under lighting. Clean, well-lit Dubai print workshop, 4:3 landscape. Fictional brand names only, no real logos, no Flash Print Solution branding.","p:fleet-branding-dubai:production"
"457","assets/images/products/vehicle-wrapping-dubai/vehicle-wrapping-dubai-hero-640.webp","640","480","4:3","Product page – main photo (gallery 1)","/vehicle-wrapping-dubai/","White panel van fully wrapped in teal and orange graphics for a fictional courier company","Temporary stock","Phillip Flores (Unsplash vsJwsT1YnvQ)","Realistic commercial photograph of a white panel van fully wrapped in teal and orange printed graphics for a fictional courier company, parked on a clean paved forecourt in Dubai, soft late afternoon light, three-quarter front angle, glossy laminate finish visible, fictional brand name, no real logos, no Flash Print Solution branding.","p:vehicle-wrapping-dubai:hero"
"458","assets/images/products/vehicle-wrapping-dubai/vehicle-wrapping-dubai-hero-1200.webp","1200","900","4:3","Product page – main photo (gallery 1)","/vehicle-wrapping-dubai/","White panel van fully wrapped in teal and orange graphics for a fictional courier company","Temporary stock","Phillip Flores (Unsplash vsJwsT1YnvQ)","Realistic commercial photograph of a white panel van fully wrapped in teal and orange printed graphics for a fictional courier company, parked on a clean paved forecourt in Dubai, soft late afternoon light, three-quarter front angle, glossy laminate finish visible, fictional brand name, no real logos, no Flash Print Solution branding.","p:vehicle-wrapping-dubai:hero"
"459","assets/images/og/vehicle-wrapping-dubai-hero.jpg","1200","630","1.91:1","Social share preview (Facebook, WhatsApp, LinkedIn…) – JPG","/vehicle-wrapping-dubai/","White panel van fully wrapped in teal and orange graphics for a fictional courier company","Temporary stock","Phillip Flores (Unsplash vsJwsT1YnvQ)","Same photo as above, cropped to 1200 × 630","p:vehicle-wrapping-dubai:hero"
"460","assets/images/products/vehicle-wrapping-dubai/vehicle-wrapping-dubai-detail-640.webp","640","480","4:3","Product page – material / finish close-up (gallery 2)","/vehicle-wrapping-dubai/","Close-up of satin laminated wrap film stretched around the curve of a wing mirror","Temporary stock","MARIOLA GROBELSKA (Unsplash GqOMtZY_zdE)","Realistic macro photograph of satin laminated printed wrap film stretched smoothly around the curve of a car wing mirror, showing a clean tucked edge and subtle texture of the laminate, soft diffused workshop lighting, shallow depth of field, fictional brand name, no real logos, no Flash Print Solution branding.","p:vehicle-wrapping-dubai:detail"
"461","assets/images/products/vehicle-wrapping-dubai/vehicle-wrapping-dubai-detail-1200.webp","1200","900","4:3","Product page – material / finish close-up (gallery 2)","/vehicle-wrapping-dubai/","Close-up of satin laminated wrap film stretched around the curve of a wing mirror","Temporary stock","MARIOLA GROBELSKA (Unsplash GqOMtZY_zdE)","Realistic macro photograph of satin laminated printed wrap film stretched smoothly around the curve of a car wing mirror, showing a clean tucked edge and subtle texture of the laminate, soft diffused workshop lighting, shallow depth of field, fictional brand name, no real logos, no Flash Print Solution branding.","p:vehicle-wrapping-dubai:detail"
"462","assets/images/products/vehicle-wrapping-dubai/vehicle-wrapping-dubai-application-640.webp","640","480","4:3","Product page – product in use (gallery 3 + “Where it’s used”)","/vehicle-wrapping-dubai/","Pick-up truck with a full printed wrap parked outside a modern office building","Temporary stock","Wiseman Mabasa (Unsplash B8G6SuYi0Os)","Realistic photograph of a double-cab pick-up truck with a full printed wrap in navy and yellow for a fictional contracting company, parked outside a glass office building in Business Bay, Dubai, bright morning light, side-on angle, fictional brand name, no real logos, no Flash Print Solution branding.","p:vehicle-wrapping-dubai:application"
"463","assets/images/products/vehicle-wrapping-dubai/vehicle-wrapping-dubai-application-1200.webp","1200","900","4:3","Product page – product in use (gallery 3 + “Where it’s used”)","/vehicle-wrapping-dubai/","Pick-up truck with a full printed wrap parked outside a modern office building","Temporary stock","Wiseman Mabasa (Unsplash B8G6SuYi0Os)","Realistic photograph of a double-cab pick-up truck with a full printed wrap in navy and yellow for a fictional contracting company, parked outside a glass office building in Business Bay, Dubai, bright morning light, side-on angle, fictional brand name, no real logos, no Flash Print Solution branding.","p:vehicle-wrapping-dubai:application"
"464","assets/images/products/vehicle-wrapping-dubai/vehicle-wrapping-dubai-production-640.webp","640","480","4:3","Product page – production / finishing (gallery 4)","/vehicle-wrapping-dubai/","Installer applying wrap film to a vehicle panel with a heat gun and squeegee","Temporary stock (shared production photo)","Clarity Coat (Unsplash rsaYn6mq2qo)","Photorealistic commercial photograph of full vehicle wrapping production: Installer applying wrap film to a vehicle panel with a heat gun and squeegee. Clean, well-lit Dubai print workshop, 4:3 landscape. Fictional brand names only, no real logos, no Flash Print Solution branding.","p:vehicle-wrapping-dubai:production"
"465","assets/images/products/vehicle-wrapping-dubai/vehicle-wrapping-dubai-production-1200.webp","1200","900","4:3","Product page – production / finishing (gallery 4)","/vehicle-wrapping-dubai/","Installer applying wrap film to a vehicle panel with a heat gun and squeegee","Temporary stock (shared production photo)","Clarity Coat (Unsplash rsaYn6mq2qo)","Photorealistic commercial photograph of full vehicle wrapping production: Installer applying wrap film to a vehicle panel with a heat gun and squeegee. Clean, well-lit Dubai print workshop, 4:3 landscape. Fictional brand names only, no real logos, no Flash Print Solution branding.","p:vehicle-wrapping-dubai:production"
"466","assets/images/products/partial-vehicle-wrapping-dubai/partial-vehicle-wrapping-dubai-hero-640.webp","640","480","4:3","Product page – main photo (gallery 1)","/partial-vehicle-wrapping-dubai/","White van with a rear half wrap in red graphics fading into the white paint","Temporary stock","panpan ma (Unsplash fG40wALJPqQ)","Realistic commercial photograph of a white high-roof panel van with a partial wrap covering the rear half, red and charcoal graphics for a fictional plumbing company fading into the white paint by the front door, clean industrial backdrop, soft daylight, side-on angle, fictional brand name, no real logos, no Flash Print Solution branding.","p:partial-vehicle-wrapping-dubai:hero"
"467","assets/images/products/partial-vehicle-wrapping-dubai/partial-vehicle-wrapping-dubai-hero-1200.webp","1200","900","4:3","Product page – main photo (gallery 1)","/partial-vehicle-wrapping-dubai/","White van with a rear half wrap in red graphics fading into the white paint","Temporary stock","panpan ma (Unsplash fG40wALJPqQ)","Realistic commercial photograph of a white high-roof panel van with a partial wrap covering the rear half, red and charcoal graphics for a fictional plumbing company fading into the white paint by the front door, clean industrial backdrop, soft daylight, side-on angle, fictional brand name, no real logos, no Flash Print Solution branding.","p:partial-vehicle-wrapping-dubai:hero"
"468","assets/images/og/partial-vehicle-wrapping-dubai-hero.jpg","1200","630","1.91:1","Social share preview (Facebook, WhatsApp, LinkedIn…) – JPG","/partial-vehicle-wrapping-dubai/","White van with a rear half wrap in red graphics fading into the white paint","Temporary stock","panpan ma (Unsplash fG40wALJPqQ)","Same photo as above, cropped to 1200 × 630","p:partial-vehicle-wrapping-dubai:hero"
"469","assets/images/products/partial-vehicle-wrapping-dubai/partial-vehicle-wrapping-dubai-detail-640.webp","640","480","4:3","Product page – material / finish close-up (gallery 2)","/partial-vehicle-wrapping-dubai/","Edge of printed wrap film finished neatly along a van's body crease","Temporary stock – SHARED with vehicle-branding category (replace first)","Markus Winkler (Unsplash 3vlGNkDep4E)","Realistic close-up photograph of the edge of a printed partial wrap finished neatly along a horizontal body crease on a white van, showing the laminate surface and the clean transition to paint, soft workshop lighting, shallow depth of field, fictional brand name, no real logos, no Flash Print Solution branding.","p:partial-vehicle-wrapping-dubai:detail"
"470","assets/images/products/partial-vehicle-wrapping-dubai/partial-vehicle-wrapping-dubai-detail-1200.webp","1200","900","4:3","Product page – material / finish close-up (gallery 2)","/partial-vehicle-wrapping-dubai/","Edge of printed wrap film finished neatly along a van's body crease","Temporary stock – SHARED with vehicle-branding category (replace first)","Markus Winkler (Unsplash 3vlGNkDep4E)","Realistic close-up photograph of the edge of a printed partial wrap finished neatly along a horizontal body crease on a white van, showing the laminate surface and the clean transition to paint, soft workshop lighting, shallow depth of field, fictional brand name, no real logos, no Flash Print Solution branding.","p:partial-vehicle-wrapping-dubai:detail"
"471","assets/images/products/partial-vehicle-wrapping-dubai/partial-vehicle-wrapping-dubai-application-640.webp","640","480","4:3","Product page – product in use (gallery 3 + “Where it’s used”)","/partial-vehicle-wrapping-dubai/","Contractor pick-up with tailgate and rear quarter graphics parked at a construction site","Temporary stock","fr0ggy5 (Unsplash DnEco7eg1Uc)","Realistic photograph of a white pick-up truck with printed partial wrap graphics on the tailgate and rear quarters for a fictional construction firm, parked at a Dubai construction site entrance with hoarding behind, bright midday light softened by haze, rear three-quarter view, fictional brand name, no real logos, no Flash Print Solution branding.","p:partial-vehicle-wrapping-dubai:application"
"472","assets/images/products/partial-vehicle-wrapping-dubai/partial-vehicle-wrapping-dubai-application-1200.webp","1200","900","4:3","Product page – product in use (gallery 3 + “Where it’s used”)","/partial-vehicle-wrapping-dubai/","Contractor pick-up with tailgate and rear quarter graphics parked at a construction site","Temporary stock","fr0ggy5 (Unsplash DnEco7eg1Uc)","Realistic photograph of a white pick-up truck with printed partial wrap graphics on the tailgate and rear quarters for a fictional construction firm, parked at a Dubai construction site entrance with hoarding behind, bright midday light softened by haze, rear three-quarter view, fictional brand name, no real logos, no Flash Print Solution branding.","p:partial-vehicle-wrapping-dubai:application"
"473","assets/images/products/partial-vehicle-wrapping-dubai/partial-vehicle-wrapping-dubai-production-640.webp","640","480","4:3","Product page – production / finishing (gallery 4)","/partial-vehicle-wrapping-dubai/","Wide-format inkjet printer printing a large graphic onto roll media","Temporary stock (shared production photo)","Geri Sakti (Unsplash CYrYxz-uvE4)","Photorealistic commercial photograph of partial wraps production: Wide-format inkjet printer printing a large graphic onto roll media. Clean, well-lit Dubai print workshop, 4:3 landscape. Fictional brand names only, no real logos, no Flash Print Solution branding.","p:partial-vehicle-wrapping-dubai:production"
"474","assets/images/products/partial-vehicle-wrapping-dubai/partial-vehicle-wrapping-dubai-production-1200.webp","1200","900","4:3","Product page – production / finishing (gallery 4)","/partial-vehicle-wrapping-dubai/","Wide-format inkjet printer printing a large graphic onto roll media","Temporary stock (shared production photo)","Geri Sakti (Unsplash CYrYxz-uvE4)","Photorealistic commercial photograph of partial wraps production: Wide-format inkjet printer printing a large graphic onto roll media. Clean, well-lit Dubai print workshop, 4:3 landscape. Fictional brand names only, no real logos, no Flash Print Solution branding.","p:partial-vehicle-wrapping-dubai:production"
"475","assets/images/products/reflective-sticker-printing-dubai/reflective-sticker-printing-dubai-hero-640.webp","640","480","4:3","Product page – main photo (gallery 1)","/reflective-sticker-printing-dubai/","Rear doors of a box truck with red and white reflective chevron markings","Temporary stock","Reiner Knudsen (Unsplash zi7MHWbZdkY)","Realistic commercial photograph of the rear doors of a white box truck fitted with red and white high-intensity reflective chevron panels and a small fictional company logo, parked in a logistics yard at dusk, lights catching the reflective film, straight-on angle, fictional brand name, no real logos, no Flash Print Solution branding.","p:reflective-sticker-printing-dubai:hero"
"476","assets/images/products/reflective-sticker-printing-dubai/reflective-sticker-printing-dubai-hero-1200.webp","1200","900","4:3","Product page – main photo (gallery 1)","/reflective-sticker-printing-dubai/","Rear doors of a box truck with red and white reflective chevron markings","Temporary stock","Reiner Knudsen (Unsplash zi7MHWbZdkY)","Realistic commercial photograph of the rear doors of a white box truck fitted with red and white high-intensity reflective chevron panels and a small fictional company logo, parked in a logistics yard at dusk, lights catching the reflective film, straight-on angle, fictional brand name, no real logos, no Flash Print Solution branding.","p:reflective-sticker-printing-dubai:hero"
"477","assets/images/og/reflective-sticker-printing-dubai-hero.jpg","1200","630","1.91:1","Social share preview (Facebook, WhatsApp, LinkedIn…) – JPG","/reflective-sticker-printing-dubai/","Rear doors of a box truck with red and white reflective chevron markings","Temporary stock","Reiner Knudsen (Unsplash zi7MHWbZdkY)","Same photo as above, cropped to 1200 × 630","p:reflective-sticker-printing-dubai:hero"
"478","assets/images/products/reflective-sticker-printing-dubai/reflective-sticker-printing-dubai-detail-640.webp","640","480","4:3","Product page – material / finish close-up (gallery 2)","/reflective-sticker-printing-dubai/","Macro view of prismatic reflective vinyl showing its honeycomb cell pattern","Temporary stock","ThePhotoGraphy . (Unsplash HmpZi4B0Zd8)","Realistic macro photograph of yellow microprismatic reflective vinyl showing its fine honeycomb cell structure, a cut edge lifting slightly from the white backing liner, raking studio light creating sparkle, shallow depth of field, fictional brand name, no real logos, no Flash Print Solution branding.","p:reflective-sticker-printing-dubai:detail"
"479","assets/images/products/reflective-sticker-printing-dubai/reflective-sticker-printing-dubai-detail-1200.webp","1200","900","4:3","Product page – material / finish close-up (gallery 2)","/reflective-sticker-printing-dubai/","Macro view of prismatic reflective vinyl showing its honeycomb cell pattern","Temporary stock","ThePhotoGraphy . (Unsplash HmpZi4B0Zd8)","Realistic macro photograph of yellow microprismatic reflective vinyl showing its fine honeycomb cell structure, a cut edge lifting slightly from the white backing liner, raking studio light creating sparkle, shallow depth of field, fictional brand name, no real logos, no Flash Print Solution branding.","p:reflective-sticker-printing-dubai:detail"
"480","assets/images/products/reflective-sticker-printing-dubai/reflective-sticker-printing-dubai-application-640.webp","640","480","4:3","Product page – product in use (gallery 3 + “Where it’s used”)","/reflective-sticker-printing-dubai/","Van at night with reflective fleet number and logo glowing in headlights","Temporary stock","Francesco Vantini (Unsplash nI7pYw0Z9Oo)","Realistic night photograph of the rear of a white service van on a Dubai road, reflective fleet number and a fictional company logo glowing brightly in the headlights of the car behind, soft street lighting, low rear angle, fictional brand name, no real logos, no Flash Print Solution branding.","p:reflective-sticker-printing-dubai:application"
"481","assets/images/products/reflective-sticker-printing-dubai/reflective-sticker-printing-dubai-application-1200.webp","1200","900","4:3","Product page – product in use (gallery 3 + “Where it’s used”)","/reflective-sticker-printing-dubai/","Van at night with reflective fleet number and logo glowing in headlights","Temporary stock","Francesco Vantini (Unsplash nI7pYw0Z9Oo)","Realistic night photograph of the rear of a white service van on a Dubai road, reflective fleet number and a fictional company logo glowing brightly in the headlights of the car behind, soft street lighting, low rear angle, fictional brand name, no real logos, no Flash Print Solution branding.","p:reflective-sticker-printing-dubai:application"
"482","assets/images/products/reflective-sticker-printing-dubai/reflective-sticker-printing-dubai-production-640.webp","640","480","4:3","Product page – production / finishing (gallery 4)","/reflective-sticker-printing-dubai/","Vinyl cutting plotter cutting lettering/shapes from coloured vinyl, then weeding","Temporary stock (shared production photo)","AFINIS Group ® - AFINIS GASKET® Production (Unsplash XhNxW-9IROo)","Photorealistic commercial photograph of reflective stickers production: Vinyl cutting plotter cutting lettering/shapes from coloured vinyl, then weeding. Clean, well-lit Dubai print workshop, 4:3 landscape. Fictional brand names only, no real logos, no Flash Print Solution branding.","p:reflective-sticker-printing-dubai:production"
"483","assets/images/products/reflective-sticker-printing-dubai/reflective-sticker-printing-dubai-production-1200.webp","1200","900","4:3","Product page – production / finishing (gallery 4)","/reflective-sticker-printing-dubai/","Vinyl cutting plotter cutting lettering/shapes from coloured vinyl, then weeding","Temporary stock (shared production photo)","AFINIS Group ® - AFINIS GASKET® Production (Unsplash XhNxW-9IROo)","Photorealistic commercial photograph of reflective stickers production: Vinyl cutting plotter cutting lettering/shapes from coloured vinyl, then weeding. Clean, well-lit Dubai print workshop, 4:3 landscape. Fictional brand names only, no real logos, no Flash Print Solution branding.","p:reflective-sticker-printing-dubai:production"
"484","assets/images/products/barcode-label-printing-dubai/barcode-label-printing-dubai-hero-640.webp","640","480","4:3","Product page – main photo (gallery 1)","/barcode-label-printing-dubai/","Roll of white barcode labels with black codes resting on a warehouse workbench","Temporary stock","Egor Komarov (Unsplash pqRWC7UW9qk)","Realistic commercial product photograph of a roll of white barcode labels with crisp black EAN codes on a clean warehouse workbench, soft daylight from a high window, shallow depth of field, 45-degree angle, fictional brand name, no real logos, no Flash Print Solution branding.","p:barcode-label-printing-dubai:hero"
"485","assets/images/products/barcode-label-printing-dubai/barcode-label-printing-dubai-hero-1200.webp","1200","900","4:3","Product page – main photo (gallery 1)","/barcode-label-printing-dubai/","Roll of white barcode labels with black codes resting on a warehouse workbench","Temporary stock","Egor Komarov (Unsplash pqRWC7UW9qk)","Realistic commercial product photograph of a roll of white barcode labels with crisp black EAN codes on a clean warehouse workbench, soft daylight from a high window, shallow depth of field, 45-degree angle, fictional brand name, no real logos, no Flash Print Solution branding.","p:barcode-label-printing-dubai:hero"
"486","assets/images/og/barcode-label-printing-dubai-hero.jpg","1200","630","1.91:1","Social share preview (Facebook, WhatsApp, LinkedIn…) – JPG","/barcode-label-printing-dubai/","Roll of white barcode labels with black codes resting on a warehouse workbench","Temporary stock","Egor Komarov (Unsplash pqRWC7UW9qk)","Same photo as above, cropped to 1200 × 630","p:barcode-label-printing-dubai:hero"
"487","assets/images/products/barcode-label-printing-dubai/barcode-label-printing-dubai-detail-640.webp","640","480","4:3","Product page – material / finish close-up (gallery 2)","/barcode-label-printing-dubai/","Close-up of a brushed silver polyester asset tag with a barcode and serial number","Temporary stock","OMAR SABRA (Unsplash g5vkrp5N6S8)","Macro product photograph of a brushed silver polyester asset tag with a black Code 128 barcode and printed serial number, applied to a grey laptop base, crisp raking light showing the metallic texture, fictional brand name, no real logos, no Flash Print Solution branding.","p:barcode-label-printing-dubai:detail"
"488","assets/images/products/barcode-label-printing-dubai/barcode-label-printing-dubai-detail-1200.webp","1200","900","4:3","Product page – material / finish close-up (gallery 2)","/barcode-label-printing-dubai/","Close-up of a brushed silver polyester asset tag with a barcode and serial number","Temporary stock","OMAR SABRA (Unsplash g5vkrp5N6S8)","Macro product photograph of a brushed silver polyester asset tag with a black Code 128 barcode and printed serial number, applied to a grey laptop base, crisp raking light showing the metallic texture, fictional brand name, no real logos, no Flash Print Solution branding.","p:barcode-label-printing-dubai:detail"
"489","assets/images/products/barcode-label-printing-dubai/barcode-label-printing-dubai-application-640.webp","640","480","4:3","Product page – product in use (gallery 3 + “Where it’s used”)","/barcode-label-printing-dubai/","Warehouse worker scanning a barcode label on a cardboard carton with a handheld scanner","Temporary stock","Sikai Gu (Unsplash vzdFzNNgt1k)","Realistic documentary-style photograph of a warehouse worker in a Dubai distribution centre scanning a printed barcode label on a cardboard carton with a handheld scanner, racking in the background, natural industrial lighting, eye-level angle, fictional brand name, no real logos, no Flash Print Solution branding.","p:barcode-label-printing-dubai:application"
"490","assets/images/products/barcode-label-printing-dubai/barcode-label-printing-dubai-application-1200.webp","1200","900","4:3","Product page – product in use (gallery 3 + “Where it’s used”)","/barcode-label-printing-dubai/","Warehouse worker scanning a barcode label on a cardboard carton with a handheld scanner","Temporary stock","Sikai Gu (Unsplash vzdFzNNgt1k)","Realistic documentary-style photograph of a warehouse worker in a Dubai distribution centre scanning a printed barcode label on a cardboard carton with a handheld scanner, racking in the background, natural industrial lighting, eye-level angle, fictional brand name, no real logos, no Flash Print Solution branding.","p:barcode-label-printing-dubai:application"
"491","assets/images/products/barcode-label-printing-dubai/barcode-label-printing-dubai-production-640.webp","640","480","4:3","Product page – production / finishing (gallery 4)","/barcode-label-printing-dubai/","Roll label printing and slitting","Temporary stock (shared production photo)","Vindemia Winery (Unsplash fl8gBcnfWJU)","Photorealistic commercial photograph of barcode labels production: Roll label printing and slitting — labels on a roll passing through a press. Clean, well-lit Dubai print workshop, 4:3 landscape. Fictional brand names only, no real logos, no Flash Print Solution branding.","p:barcode-label-printing-dubai:production"
"492","assets/images/products/barcode-label-printing-dubai/barcode-label-printing-dubai-production-1200.webp","1200","900","4:3","Product page – production / finishing (gallery 4)","/barcode-label-printing-dubai/","Roll label printing and slitting","Temporary stock (shared production photo)","Vindemia Winery (Unsplash fl8gBcnfWJU)","Photorealistic commercial photograph of barcode labels production: Roll label printing and slitting — labels on a roll passing through a press. Clean, well-lit Dubai print workshop, 4:3 landscape. Fictional brand names only, no real logos, no Flash Print Solution branding.","p:barcode-label-printing-dubai:production"
"493","assets/images/products/die-cut-sticker-printing-dubai/die-cut-sticker-printing-dubai-hero-640.webp","640","480","4:3","Product page – main photo (gallery 1)","/die-cut-sticker-printing-dubai/","Colourful die-cut vinyl stickers in custom logo shapes scattered on a white desk","Temporary stock","Sticker it (Unsplash nTLxaQn5xxk)","Realistic commercial product photograph of colourful die-cut vinyl stickers in custom logo and mascot shapes with thin white borders, scattered on a white desk beside a laptop, bright soft daylight, slightly elevated angle, fictional brand name, no real logos, no Flash Print Solution branding.","p:die-cut-sticker-printing-dubai:hero"
"494","assets/images/products/die-cut-sticker-printing-dubai/die-cut-sticker-printing-dubai-hero-1200.webp","1200","900","4:3","Product page – main photo (gallery 1)","/die-cut-sticker-printing-dubai/","Colourful die-cut vinyl stickers in custom logo shapes scattered on a white desk","Temporary stock","Sticker it (Unsplash nTLxaQn5xxk)","Realistic commercial product photograph of colourful die-cut vinyl stickers in custom logo and mascot shapes with thin white borders, scattered on a white desk beside a laptop, bright soft daylight, slightly elevated angle, fictional brand name, no real logos, no Flash Print Solution branding.","p:die-cut-sticker-printing-dubai:hero"
"495","assets/images/og/die-cut-sticker-printing-dubai-hero.jpg","1200","630","1.91:1","Social share preview (Facebook, WhatsApp, LinkedIn…) – JPG","/die-cut-sticker-printing-dubai/","Colourful die-cut vinyl stickers in custom logo shapes scattered on a white desk","Temporary stock","Sticker it (Unsplash nTLxaQn5xxk)","Same photo as above, cropped to 1200 × 630","p:die-cut-sticker-printing-dubai:hero"
"496","assets/images/products/die-cut-sticker-printing-dubai/die-cut-sticker-printing-dubai-detail-640.webp","640","480","4:3","Product page – material / finish close-up (gallery 2)","/die-cut-sticker-printing-dubai/","Hand peeling a glossy kiss-cut sticker from its printed backing sheet","Temporary stock","Axville (Unsplash WjmCxKDQEc4)","Close-up product photograph of a hand peeling a glossy kiss-cut sticker away from a printed sticker sheet, showing the clean cut edge and laminate sheen, neutral grey background, soft studio lighting, macro lens, fictional brand name, no real logos, no Flash Print Solution branding.","p:die-cut-sticker-printing-dubai:detail"
"497","assets/images/products/die-cut-sticker-printing-dubai/die-cut-sticker-printing-dubai-detail-1200.webp","1200","900","4:3","Product page – material / finish close-up (gallery 2)","/die-cut-sticker-printing-dubai/","Hand peeling a glossy kiss-cut sticker from its printed backing sheet","Temporary stock","Axville (Unsplash WjmCxKDQEc4)","Close-up product photograph of a hand peeling a glossy kiss-cut sticker away from a printed sticker sheet, showing the clean cut edge and laminate sheen, neutral grey background, soft studio lighting, macro lens, fictional brand name, no real logos, no Flash Print Solution branding.","p:die-cut-sticker-printing-dubai:detail"
"498","assets/images/products/die-cut-sticker-printing-dubai/die-cut-sticker-printing-dubai-application-640.webp","640","480","4:3","Product page – product in use (gallery 3 + “Where it’s used”)","/die-cut-sticker-printing-dubai/","Laptop lid and water bottle decorated with custom die-cut stickers in a café","Temporary stock","Chrissy (Unsplash btptQ5aVY1M)","Lifestyle photograph of a silver laptop lid and a reusable water bottle decorated with custom die-cut vinyl stickers on a table in a bright Dubai café, natural window light, candid three-quarter angle, fictional brand name, no real logos, no Flash Print Solution branding.","p:die-cut-sticker-printing-dubai:application"
"499","assets/images/products/die-cut-sticker-printing-dubai/die-cut-sticker-printing-dubai-application-1200.webp","1200","900","4:3","Product page – product in use (gallery 3 + “Where it’s used”)","/die-cut-sticker-printing-dubai/","Laptop lid and water bottle decorated with custom die-cut stickers in a café","Temporary stock","Chrissy (Unsplash btptQ5aVY1M)","Lifestyle photograph of a silver laptop lid and a reusable water bottle decorated with custom die-cut vinyl stickers on a table in a bright Dubai café, natural window light, candid three-quarter angle, fictional brand name, no real logos, no Flash Print Solution branding.","p:die-cut-sticker-printing-dubai:application"
"500","assets/images/products/die-cut-sticker-printing-dubai/die-cut-sticker-printing-dubai-production-640.webp","640","480","4:3","Product page – production / finishing (gallery 4)","/die-cut-sticker-printing-dubai/","Vinyl cutting plotter cutting lettering/shapes from coloured vinyl, then weeding","Temporary stock (shared production photo)","AFINIS Group ® - AFINIS GASKET® Production (Unsplash XhNxW-9IROo)","Photorealistic commercial photograph of die-cut stickers production: Vinyl cutting plotter cutting lettering/shapes from coloured vinyl, then weeding. Clean, well-lit Dubai print workshop, 4:3 landscape. Fictional brand names only, no real logos, no Flash Print Solution branding.","p:die-cut-sticker-printing-dubai:production"
"501","assets/images/products/die-cut-sticker-printing-dubai/die-cut-sticker-printing-dubai-production-1200.webp","1200","900","4:3","Product page – production / finishing (gallery 4)","/die-cut-sticker-printing-dubai/","Vinyl cutting plotter cutting lettering/shapes from coloured vinyl, then weeding","Temporary stock (shared production photo)","AFINIS Group ® - AFINIS GASKET® Production (Unsplash XhNxW-9IROo)","Photorealistic commercial photograph of die-cut stickers production: Vinyl cutting plotter cutting lettering/shapes from coloured vinyl, then weeding. Clean, well-lit Dubai print workshop, 4:3 landscape. Fictional brand names only, no real logos, no Flash Print Solution branding.","p:die-cut-sticker-printing-dubai:production"
"502","assets/images/products/magnetic-stickers-dubai/magnetic-stickers-dubai-hero-640.webp","640","480","4:3","Product page – main photo (gallery 1)","/magnetic-stickers-dubai/","Pair of printed magnetic door signs for a service van laid on a workshop table","Temporary stock","Jametlene Reskp (Unsplash s1jvMJynGlw)","Realistic commercial product photograph of a pair of printed magnetic car door signs with rounded corners and a fictional cleaning company design, laid flat on a clean workshop table, soft overhead lighting, 45-degree angle, fictional brand name, no real logos, no Flash Print Solution branding.","p:magnetic-stickers-dubai:hero"
"503","assets/images/products/magnetic-stickers-dubai/magnetic-stickers-dubai-hero-1200.webp","1200","900","4:3","Product page – main photo (gallery 1)","/magnetic-stickers-dubai/","Pair of printed magnetic door signs for a service van laid on a workshop table","Temporary stock","Jametlene Reskp (Unsplash s1jvMJynGlw)","Realistic commercial product photograph of a pair of printed magnetic car door signs with rounded corners and a fictional cleaning company design, laid flat on a clean workshop table, soft overhead lighting, 45-degree angle, fictional brand name, no real logos, no Flash Print Solution branding.","p:magnetic-stickers-dubai:hero"
"504","assets/images/og/magnetic-stickers-dubai-hero.jpg","1200","630","1.91:1","Social share preview (Facebook, WhatsApp, LinkedIn…) – JPG","/magnetic-stickers-dubai/","Pair of printed magnetic door signs for a service van laid on a workshop table","Temporary stock","Jametlene Reskp (Unsplash s1jvMJynGlw)","Same photo as above, cropped to 1200 × 630","p:magnetic-stickers-dubai:hero"
"505","assets/images/products/magnetic-stickers-dubai/magnetic-stickers-dubai-detail-640.webp","640","480","4:3","Product page – material / finish close-up (gallery 2)","/magnetic-stickers-dubai/","Edge of a laminated magnetic sheet showing the printed vinyl face and dark magnet layer","Temporary stock","Bosco Yun (Unsplash B3hyJu-BOrk)","Macro product photograph of the edge of a laminated flexible magnetic sheet, showing the glossy printed vinyl face bonded to the dark brown magnetic layer, slight curl, neutral background, crisp studio lighting, fictional brand name, no real logos, no Flash Print Solution branding.","p:magnetic-stickers-dubai:detail"
"506","assets/images/products/magnetic-stickers-dubai/magnetic-stickers-dubai-detail-1200.webp","1200","900","4:3","Product page – material / finish close-up (gallery 2)","/magnetic-stickers-dubai/","Edge of a laminated magnetic sheet showing the printed vinyl face and dark magnet layer","Temporary stock","Bosco Yun (Unsplash B3hyJu-BOrk)","Macro product photograph of the edge of a laminated flexible magnetic sheet, showing the glossy printed vinyl face bonded to the dark brown magnetic layer, slight curl, neutral background, crisp studio lighting, fictional brand name, no real logos, no Flash Print Solution branding.","p:magnetic-stickers-dubai:detail"
"507","assets/images/products/magnetic-stickers-dubai/magnetic-stickers-dubai-application-640.webp","640","480","4:3","Product page – product in use (gallery 3 + “Where it’s used”)","/magnetic-stickers-dubai/","Colourful restaurant delivery magnet on a white kitchen fridge door beside family photos","Temporary stock","Kristyna Squared.one (Unsplash z8Y8UyzMruk)","Lifestyle photograph of a colourful printed fridge magnet for a fictional restaurant delivery service on a white fridge door in a modern Dubai apartment kitchen, alongside notes and photos, warm natural light, eye-level angle, fictional brand name, no real logos, no Flash Print Solution branding.","p:magnetic-stickers-dubai:application"
"508","assets/images/products/magnetic-stickers-dubai/magnetic-stickers-dubai-application-1200.webp","1200","900","4:3","Product page – product in use (gallery 3 + “Where it’s used”)","/magnetic-stickers-dubai/","Colourful restaurant delivery magnet on a white kitchen fridge door beside family photos","Temporary stock","Kristyna Squared.one (Unsplash z8Y8UyzMruk)","Lifestyle photograph of a colourful printed fridge magnet for a fictional restaurant delivery service on a white fridge door in a modern Dubai apartment kitchen, alongside notes and photos, warm natural light, eye-level angle, fictional brand name, no real logos, no Flash Print Solution branding.","p:magnetic-stickers-dubai:application"
"509","assets/images/products/magnetic-stickers-dubai/magnetic-stickers-dubai-production-640.webp","640","480","4:3","Product page – production / finishing (gallery 4)","/magnetic-stickers-dubai/","Trimming and cutting printed stacks on a guillotine in a print finishing area","Temporary stock (shared production photo)","Panda Paper Roll (Unsplash 5IG5XdpYih4)","Photorealistic commercial photograph of magnetic stickers production: Trimming and cutting printed stacks on a guillotine in a print finishing area. Clean, well-lit Dubai print workshop, 4:3 landscape. Fictional brand names only, no real logos, no Flash Print Solution branding.","p:magnetic-stickers-dubai:production"
"510","assets/images/products/magnetic-stickers-dubai/magnetic-stickers-dubai-production-1200.webp","1200","900","4:3","Product page – production / finishing (gallery 4)","/magnetic-stickers-dubai/","Trimming and cutting printed stacks on a guillotine in a print finishing area","Temporary stock (shared production photo)","Panda Paper Roll (Unsplash 5IG5XdpYih4)","Photorealistic commercial photograph of magnetic stickers production: Trimming and cutting printed stacks on a guillotine in a print finishing area. Clean, well-lit Dubai print workshop, 4:3 landscape. Fictional brand names only, no real logos, no Flash Print Solution branding.","p:magnetic-stickers-dubai:production"
"511","assets/images/products/product-label-printing-dubai/product-label-printing-dubai-hero-640.webp","640","480","4:3","Product page – main photo (gallery 1)","/product-label-printing-dubai/","Amber glass jars and bottles with matching printed product labels on a marble counter","Temporary stock","Sticker it (Unsplash 5PhfLXQGU8I)","Realistic commercial product photograph of amber glass jars and bottles with matching cream textured labels and gold foil details for a fictional honey and oils brand on a white marble counter, soft window light, straight-on angle, fictional brand name, no real logos, no Flash Print Solution branding.","p:product-label-printing-dubai:hero"
"512","assets/images/products/product-label-printing-dubai/product-label-printing-dubai-hero-1200.webp","1200","900","4:3","Product page – main photo (gallery 1)","/product-label-printing-dubai/","Amber glass jars and bottles with matching printed product labels on a marble counter","Temporary stock","Sticker it (Unsplash 5PhfLXQGU8I)","Realistic commercial product photograph of amber glass jars and bottles with matching cream textured labels and gold foil details for a fictional honey and oils brand on a white marble counter, soft window light, straight-on angle, fictional brand name, no real logos, no Flash Print Solution branding.","p:product-label-printing-dubai:hero"
"513","assets/images/og/product-label-printing-dubai-hero.jpg","1200","630","1.91:1","Social share preview (Facebook, WhatsApp, LinkedIn…) – JPG","/product-label-printing-dubai/","Amber glass jars and bottles with matching printed product labels on a marble counter","Temporary stock","Sticker it (Unsplash 5PhfLXQGU8I)","Same photo as above, cropped to 1200 × 630","p:product-label-printing-dubai:hero"
"514","assets/images/products/product-label-printing-dubai/product-label-printing-dubai-detail-640.webp","640","480","4:3","Product page – material / finish close-up (gallery 2)","/product-label-printing-dubai/","Close-up of gold foil lettering on a textured paper label applied to glass","Temporary stock","Andrzej Gdula (Unsplash F1IdldMe1wI)","Macro product photograph of gold hot-foil lettering and a blind-embossed border on a textured cotton paper label applied to a glass bottle, raking light showing texture and foil shine, shallow depth of field, fictional brand name, no real logos, no Flash Print Solution branding.","p:product-label-printing-dubai:detail"
"515","assets/images/products/product-label-printing-dubai/product-label-printing-dubai-detail-1200.webp","1200","900","4:3","Product page – material / finish close-up (gallery 2)","/product-label-printing-dubai/","Close-up of gold foil lettering on a textured paper label applied to glass","Temporary stock","Andrzej Gdula (Unsplash F1IdldMe1wI)","Macro product photograph of gold hot-foil lettering and a blind-embossed border on a textured cotton paper label applied to a glass bottle, raking light showing texture and foil shine, shallow depth of field, fictional brand name, no real logos, no Flash Print Solution branding.","p:product-label-printing-dubai:detail"
"516","assets/images/products/product-label-printing-dubai/product-label-printing-dubai-application-640.webp","640","480","4:3","Product page – product in use (gallery 3 + “Where it’s used”)","/product-label-printing-dubai/","Worker applying roll labels to cosmetic bottles at a small packing table","Temporary stock","Trew (Unsplash nz-bNK2F8TY)","Documentary-style photograph of a worker applying printed roll labels to white cosmetic bottles at a tidy packing table in a small Dubai production studio, label roll on a dispenser, natural daylight, three-quarter angle, fictional brand name, no real logos, no Flash Print Solution branding.","p:product-label-printing-dubai:application"
"517","assets/images/products/product-label-printing-dubai/product-label-printing-dubai-application-1200.webp","1200","900","4:3","Product page – product in use (gallery 3 + “Where it’s used”)","/product-label-printing-dubai/","Worker applying roll labels to cosmetic bottles at a small packing table","Temporary stock","Trew (Unsplash nz-bNK2F8TY)","Documentary-style photograph of a worker applying printed roll labels to white cosmetic bottles at a tidy packing table in a small Dubai production studio, label roll on a dispenser, natural daylight, three-quarter angle, fictional brand name, no real logos, no Flash Print Solution branding.","p:product-label-printing-dubai:application"
"518","assets/images/products/product-label-printing-dubai/product-label-printing-dubai-production-640.webp","640","480","4:3","Product page – production / finishing (gallery 4)","/product-label-printing-dubai/","Roll label printing and slitting","Temporary stock (shared production photo)","Vindemia Winery (Unsplash fl8gBcnfWJU)","Photorealistic commercial photograph of product labels production: Roll label printing and slitting — labels on a roll passing through a press. Clean, well-lit Dubai print workshop, 4:3 landscape. Fictional brand names only, no real logos, no Flash Print Solution branding.","p:product-label-printing-dubai:production"
"519","assets/images/products/product-label-printing-dubai/product-label-printing-dubai-production-1200.webp","1200","900","4:3","Product page – production / finishing (gallery 4)","/product-label-printing-dubai/","Roll label printing and slitting","Temporary stock (shared production photo)","Vindemia Winery (Unsplash fl8gBcnfWJU)","Photorealistic commercial photograph of product labels production: Roll label printing and slitting — labels on a roll passing through a press. Clean, well-lit Dubai print workshop, 4:3 landscape. Fictional brand names only, no real logos, no Flash Print Solution branding.","p:product-label-printing-dubai:production"
"520","assets/images/products/transparent-sticker-printing-dubai/transparent-sticker-printing-dubai-hero-640.webp","640","480","4:3","Product page – main photo (gallery 1)","/transparent-sticker-printing-dubai/","Clear sticker with white and gold lettering on a glass candle jar","Temporary stock","pmv chamara (Unsplash KLU0scqbKQ0)","Realistic commercial product photograph of a clear no-label-look sticker with white and gold lettering for a fictional candle brand on a glass candle jar, soft neutral background, gentle side lighting showing glass transparency, eye-level angle, fictional brand name, no real logos, no Flash Print Solution branding.","p:transparent-sticker-printing-dubai:hero"
"521","assets/images/products/transparent-sticker-printing-dubai/transparent-sticker-printing-dubai-hero-1200.webp","1200","900","4:3","Product page – main photo (gallery 1)","/transparent-sticker-printing-dubai/","Clear sticker with white and gold lettering on a glass candle jar","Temporary stock","pmv chamara (Unsplash KLU0scqbKQ0)","Realistic commercial product photograph of a clear no-label-look sticker with white and gold lettering for a fictional candle brand on a glass candle jar, soft neutral background, gentle side lighting showing glass transparency, eye-level angle, fictional brand name, no real logos, no Flash Print Solution branding.","p:transparent-sticker-printing-dubai:hero"
"522","assets/images/og/transparent-sticker-printing-dubai-hero.jpg","1200","630","1.91:1","Social share preview (Facebook, WhatsApp, LinkedIn…) – JPG","/transparent-sticker-printing-dubai/","Clear sticker with white and gold lettering on a glass candle jar","Temporary stock","pmv chamara (Unsplash KLU0scqbKQ0)","Same photo as above, cropped to 1200 × 630","p:transparent-sticker-printing-dubai:hero"
"523","assets/images/products/transparent-sticker-printing-dubai/transparent-sticker-printing-dubai-detail-640.webp","640","480","4:3","Product page – material / finish close-up (gallery 2)","/transparent-sticker-printing-dubai/","Sheet of transparent stickers held up to the light showing the white ink layer","Temporary stock","Sticker it (Unsplash yqq9o1CWUNE)","Close-up product photograph of a sheet of transparent stickers held up against a bright window, showing opaque white-backed colours beside tinted clear areas, soft backlight, macro lens, shallow depth of field, fictional brand name, no real logos, no Flash Print Solution branding.","p:transparent-sticker-printing-dubai:detail"
"524","assets/images/products/transparent-sticker-printing-dubai/transparent-sticker-printing-dubai-detail-1200.webp","1200","900","4:3","Product page – material / finish close-up (gallery 2)","/transparent-sticker-printing-dubai/","Sheet of transparent stickers held up to the light showing the white ink layer","Temporary stock","Sticker it (Unsplash yqq9o1CWUNE)","Close-up product photograph of a sheet of transparent stickers held up against a bright window, showing opaque white-backed colours beside tinted clear areas, soft backlight, macro lens, shallow depth of field, fictional brand name, no real logos, no Flash Print Solution branding.","p:transparent-sticker-printing-dubai:detail"
"525","assets/images/products/transparent-sticker-printing-dubai/transparent-sticker-printing-dubai-application-640.webp","640","480","4:3","Product page – product in use (gallery 3 + “Where it’s used”)","/transparent-sticker-printing-dubai/","Clear opening hours sticker on a glass shop door in a Dubai mall","Temporary stock","Phil Hearing (Unsplash 1EkBQ-HdCtI)","Realistic photograph of a transparent opening hours and payment sticker applied to a frameless glass shop door in a bright Dubai mall, interior softly blurred behind, natural ambient light, straight-on angle, fictional brand name, no real logos, no Flash Print Solution branding.","p:transparent-sticker-printing-dubai:application"
"526","assets/images/products/transparent-sticker-printing-dubai/transparent-sticker-printing-dubai-application-1200.webp","1200","900","4:3","Product page – product in use (gallery 3 + “Where it’s used”)","/transparent-sticker-printing-dubai/","Clear opening hours sticker on a glass shop door in a Dubai mall","Temporary stock","Phil Hearing (Unsplash 1EkBQ-HdCtI)","Realistic photograph of a transparent opening hours and payment sticker applied to a frameless glass shop door in a bright Dubai mall, interior softly blurred behind, natural ambient light, straight-on angle, fictional brand name, no real logos, no Flash Print Solution branding.","p:transparent-sticker-printing-dubai:application"
"527","assets/images/products/transparent-sticker-printing-dubai/transparent-sticker-printing-dubai-production-640.webp","640","480","4:3","Product page – production / finishing (gallery 4)","/transparent-sticker-printing-dubai/","Digital press output","Temporary stock (shared production photo)","Srdjan Ivankovic (Unsplash Wq4lqogZKMY)","Photorealistic commercial photograph of transparent stickers production: Digital press output — freshly printed sheets leaving a production digital press. Clean, well-lit Dubai print workshop, 4:3 landscape. Fictional brand names only, no real logos, no Flash Print Solution branding.","p:transparent-sticker-printing-dubai:production"
"528","assets/images/products/transparent-sticker-printing-dubai/transparent-sticker-printing-dubai-production-1200.webp","1200","900","4:3","Product page – production / finishing (gallery 4)","/transparent-sticker-printing-dubai/","Digital press output","Temporary stock (shared production photo)","Srdjan Ivankovic (Unsplash Wq4lqogZKMY)","Photorealistic commercial photograph of transparent stickers production: Digital press output — freshly printed sheets leaving a production digital press. Clean, well-lit Dubai print workshop, 4:3 landscape. Fictional brand names only, no real logos, no Flash Print Solution branding.","p:transparent-sticker-printing-dubai:production"
"529","assets/images/products/vinyl-sticker-printing-dubai/vinyl-sticker-printing-dubai-hero-640.webp","640","480","4:3","Product page – main photo (gallery 1)","/vinyl-sticker-printing-dubai/","Printed vinyl stickers and cut vinyl lettering on application tape on a workbench","Temporary stock","Sticker it (Unsplash PSutyl2PG-8)","Realistic commercial product photograph of full-colour laminated vinyl stickers beside white cut vinyl lettering on clear application tape, laid on a clean workshop bench, soft overhead lighting, 45-degree angle, fictional brand name, no real logos, no Flash Print Solution branding.","p:vinyl-sticker-printing-dubai:hero"
"530","assets/images/products/vinyl-sticker-printing-dubai/vinyl-sticker-printing-dubai-hero-1200.webp","1200","900","4:3","Product page – main photo (gallery 1)","/vinyl-sticker-printing-dubai/","Printed vinyl stickers and cut vinyl lettering on application tape on a workbench","Temporary stock","Sticker it (Unsplash PSutyl2PG-8)","Realistic commercial product photograph of full-colour laminated vinyl stickers beside white cut vinyl lettering on clear application tape, laid on a clean workshop bench, soft overhead lighting, 45-degree angle, fictional brand name, no real logos, no Flash Print Solution branding.","p:vinyl-sticker-printing-dubai:hero"
"531","assets/images/og/vinyl-sticker-printing-dubai-hero.jpg","1200","630","1.91:1","Social share preview (Facebook, WhatsApp, LinkedIn…) – JPG","/vinyl-sticker-printing-dubai/","Printed vinyl stickers and cut vinyl lettering on application tape on a workbench","Temporary stock","Sticker it (Unsplash PSutyl2PG-8)","Same photo as above, cropped to 1200 × 630","p:vinyl-sticker-printing-dubai:hero"
"532","assets/images/products/vinyl-sticker-printing-dubai/vinyl-sticker-printing-dubai-detail-640.webp","640","480","4:3","Product page – material / finish close-up (gallery 2)","/vinyl-sticker-printing-dubai/","Weeding tool lifting excess vinyl from plotter-cut letters on a backing sheet","Temporary stock","Tool., Inc (Unsplash _bINGE3mzK8)","Close-up photograph of a hand using a weeding hook to lift excess coloured vinyl from freshly plotter-cut letters on a silicone backing sheet, sharp focus on the blade and letter edges, bright workshop light, fictional brand name, no real logos, no Flash Print Solution branding.","p:vinyl-sticker-printing-dubai:detail"
"533","assets/images/products/vinyl-sticker-printing-dubai/vinyl-sticker-printing-dubai-detail-1200.webp","1200","900","4:3","Product page – material / finish close-up (gallery 2)","/vinyl-sticker-printing-dubai/","Weeding tool lifting excess vinyl from plotter-cut letters on a backing sheet","Temporary stock","Tool., Inc (Unsplash _bINGE3mzK8)","Close-up photograph of a hand using a weeding hook to lift excess coloured vinyl from freshly plotter-cut letters on a silicone backing sheet, sharp focus on the blade and letter edges, bright workshop light, fictional brand name, no real logos, no Flash Print Solution branding.","p:vinyl-sticker-printing-dubai:detail"
"534","assets/images/products/vinyl-sticker-printing-dubai/vinyl-sticker-printing-dubai-application-640.webp","640","480","4:3","Product page – product in use (gallery 3 + “Where it’s used”)","/vinyl-sticker-printing-dubai/","Installer squeegeeing white vinyl lettering onto a café glass door","Temporary stock","Haberdoedas (Unsplash 6DVuZwqRpks)","Realistic photograph of an installer using a squeegee to apply white cut vinyl opening-hours lettering to a café glass door in Dubai, application tape half peeled, bright daylight, over-the-shoulder angle, fictional brand name, no real logos, no Flash Print Solution branding.","p:vinyl-sticker-printing-dubai:application"
"535","assets/images/products/vinyl-sticker-printing-dubai/vinyl-sticker-printing-dubai-application-1200.webp","1200","900","4:3","Product page – product in use (gallery 3 + “Where it’s used”)","/vinyl-sticker-printing-dubai/","Installer squeegeeing white vinyl lettering onto a café glass door","Temporary stock","Haberdoedas (Unsplash 6DVuZwqRpks)","Realistic photograph of an installer using a squeegee to apply white cut vinyl opening-hours lettering to a café glass door in Dubai, application tape half peeled, bright daylight, over-the-shoulder angle, fictional brand name, no real logos, no Flash Print Solution branding.","p:vinyl-sticker-printing-dubai:application"
"536","assets/images/products/vinyl-sticker-printing-dubai/vinyl-sticker-printing-dubai-production-640.webp","640","480","4:3","Product page – production / finishing (gallery 4)","/vinyl-sticker-printing-dubai/","Wide-format inkjet printer printing a large graphic onto roll media","Temporary stock (shared production photo)","Geri Sakti (Unsplash CYrYxz-uvE4)","Photorealistic commercial photograph of vinyl stickers production: Wide-format inkjet printer printing a large graphic onto roll media. Clean, well-lit Dubai print workshop, 4:3 landscape. Fictional brand names only, no real logos, no Flash Print Solution branding.","p:vinyl-sticker-printing-dubai:production"
"537","assets/images/products/vinyl-sticker-printing-dubai/vinyl-sticker-printing-dubai-production-1200.webp","1200","900","4:3","Product page – production / finishing (gallery 4)","/vinyl-sticker-printing-dubai/","Wide-format inkjet printer printing a large graphic onto roll media","Temporary stock (shared production photo)","Geri Sakti (Unsplash CYrYxz-uvE4)","Photorealistic commercial photograph of vinyl stickers production: Wide-format inkjet printer printing a large graphic onto roll media. Clean, well-lit Dubai print workshop, 4:3 landscape. Fictional brand names only, no real logos, no Flash Print Solution branding.","p:vinyl-sticker-printing-dubai:production"
"538","assets/images/products/safety-vest-printing-dubai/safety-vest-printing-dubai-hero-640.webp","640","480","4:3","Product page – main photo (gallery 1)","/safety-vest-printing-dubai/","Fluorescent yellow safety vest with a black printed fictional company logo and reflective bands","Temporary stock","Caspar Rae (Unsplash 5YiJatx_yec)","Realistic product photograph of a fluorescent yellow hi-vis safety vest with silver reflective bands and a black printed fictional company logo on the chest, hung on a hanger against a concrete wall, bright even light, front angle, fictional brand name, no real logos, no Flash Print Solution branding.","p:safety-vest-printing-dubai:hero"
"539","assets/images/products/safety-vest-printing-dubai/safety-vest-printing-dubai-hero-1200.webp","1200","900","4:3","Product page – main photo (gallery 1)","/safety-vest-printing-dubai/","Fluorescent yellow safety vest with a black printed fictional company logo and reflective bands","Temporary stock","Caspar Rae (Unsplash 5YiJatx_yec)","Realistic product photograph of a fluorescent yellow hi-vis safety vest with silver reflective bands and a black printed fictional company logo on the chest, hung on a hanger against a concrete wall, bright even light, front angle, fictional brand name, no real logos, no Flash Print Solution branding.","p:safety-vest-printing-dubai:hero"
"540","assets/images/og/safety-vest-printing-dubai-hero.jpg","1200","630","1.91:1","Social share preview (Facebook, WhatsApp, LinkedIn…) – JPG","/safety-vest-printing-dubai/","Fluorescent yellow safety vest with a black printed fictional company logo and reflective bands","Temporary stock","Caspar Rae (Unsplash 5YiJatx_yec)","Same photo as above, cropped to 1200 × 630","p:safety-vest-printing-dubai:hero"
"541","assets/images/products/safety-vest-printing-dubai/safety-vest-printing-dubai-detail-640.webp","640","480","4:3","Product page – material / finish close-up (gallery 2)","/safety-vest-printing-dubai/","Back of an orange mesh vest printed with the word Supervisor above reflective tape","Temporary stock","Heri Susilo (Unsplash jNxYj6sFEoE)","Close-up commercial photograph of the back of an orange mesh hi-vis vest printed with the word SUPERVISOR in bold black lettering above a silver reflective band, mesh texture visible, crisp daylight, straight-on angle, fictional brand name, no real logos, no Flash Print Solution branding.","p:safety-vest-printing-dubai:detail"
"542","assets/images/products/safety-vest-printing-dubai/safety-vest-printing-dubai-detail-1200.webp","1200","900","4:3","Product page – material / finish close-up (gallery 2)","/safety-vest-printing-dubai/","Back of an orange mesh vest printed with the word Supervisor above reflective tape","Temporary stock","Heri Susilo (Unsplash jNxYj6sFEoE)","Close-up commercial photograph of the back of an orange mesh hi-vis vest printed with the word SUPERVISOR in bold black lettering above a silver reflective band, mesh texture visible, crisp daylight, straight-on angle, fictional brand name, no real logos, no Flash Print Solution branding.","p:safety-vest-printing-dubai:detail"
"543","assets/images/products/safety-vest-printing-dubai/safety-vest-printing-dubai-application-640.webp","640","480","4:3","Product page – product in use (gallery 3 + “Where it’s used”)","/safety-vest-printing-dubai/","Construction workers in printed yellow safety vests reviewing plans on a Dubai site","Temporary stock","RONNAKORN TRIRAGANON (Unsplash zyYEWx4mNPo)","Realistic photograph of three construction workers in printed yellow hi-vis vests and white helmets reviewing drawings on a Dubai building site, cranes in the background, bright morning sun, eye-level documentary angle, fictional brand name, no real logos, no Flash Print Solution branding.","p:safety-vest-printing-dubai:application"
"544","assets/images/products/safety-vest-printing-dubai/safety-vest-printing-dubai-application-1200.webp","1200","900","4:3","Product page – product in use (gallery 3 + “Where it’s used”)","/safety-vest-printing-dubai/","Construction workers in printed yellow safety vests reviewing plans on a Dubai site","Temporary stock","RONNAKORN TRIRAGANON (Unsplash zyYEWx4mNPo)","Realistic photograph of three construction workers in printed yellow hi-vis vests and white helmets reviewing drawings on a Dubai building site, cranes in the background, bright morning sun, eye-level documentary angle, fictional brand name, no real logos, no Flash Print Solution branding.","p:safety-vest-printing-dubai:application"
"545","assets/images/products/safety-vest-printing-dubai/safety-vest-printing-dubai-production-640.webp","640","480","4:3","Product page – production / finishing (gallery 4)","/safety-vest-printing-dubai/","Heat press transferring a printed design (DTF / heat transfer) onto fabric","Temporary stock (shared production photo)","Compagnons (Unsplash EY0BPl2rpME)","Photorealistic commercial photograph of safety vest printing production: Heat press transferring a printed design (DTF / heat transfer) onto fabric. Clean, well-lit Dubai print workshop, 4:3 landscape. Fictional brand names only, no real logos, no Flash Print Solution branding.","p:safety-vest-printing-dubai:production"
"546","assets/images/products/safety-vest-printing-dubai/safety-vest-printing-dubai-production-1200.webp","1200","900","4:3","Product page – production / finishing (gallery 4)","/safety-vest-printing-dubai/","Heat press transferring a printed design (DTF / heat transfer) onto fabric","Temporary stock (shared production photo)","Compagnons (Unsplash EY0BPl2rpME)","Photorealistic commercial photograph of safety vest printing production: Heat press transferring a printed design (DTF / heat transfer) onto fabric. Clean, well-lit Dubai print workshop, 4:3 landscape. Fictional brand names only, no real logos, no Flash Print Solution branding.","p:safety-vest-printing-dubai:production"
"547","assets/images/products/t-shirt-printing-dubai/t-shirt-printing-dubai-hero-640.webp","640","480","4:3","Product page – main photo (gallery 1)","/t-shirt-printing-dubai/","Black cotton t-shirt with a bold white printed fictional logo laid flat","Temporary stock","Redicul Pict (Unsplash aiscBjG2fSA)","Realistic product photograph of a black crew-neck cotton t-shirt with a bold white and orange screen-printed fictional logo on the front, laid flat on a pale concrete surface, soft even studio light, top-down angle, fictional brand name, no real logos, no Flash Print Solution branding.","p:t-shirt-printing-dubai:hero"
"548","assets/images/products/t-shirt-printing-dubai/t-shirt-printing-dubai-hero-1200.webp","1200","900","4:3","Product page – main photo (gallery 1)","/t-shirt-printing-dubai/","Black cotton t-shirt with a bold white printed fictional logo laid flat","Temporary stock","Redicul Pict (Unsplash aiscBjG2fSA)","Realistic product photograph of a black crew-neck cotton t-shirt with a bold white and orange screen-printed fictional logo on the front, laid flat on a pale concrete surface, soft even studio light, top-down angle, fictional brand name, no real logos, no Flash Print Solution branding.","p:t-shirt-printing-dubai:hero"
"549","assets/images/og/t-shirt-printing-dubai-hero.jpg","1200","630","1.91:1","Social share preview (Facebook, WhatsApp, LinkedIn…) – JPG","/t-shirt-printing-dubai/","Black cotton t-shirt with a bold white printed fictional logo laid flat","Temporary stock","Redicul Pict (Unsplash aiscBjG2fSA)","Same photo as above, cropped to 1200 × 630","p:t-shirt-printing-dubai:hero"
"550","assets/images/products/t-shirt-printing-dubai/t-shirt-printing-dubai-detail-640.webp","640","480","4:3","Product page – material / finish close-up (gallery 2)","/t-shirt-printing-dubai/","Close-up of a multi-colour DTF print on white cotton fabric showing fine detail","Temporary stock","Isabela Kronemberger (Unsplash 0rUc4_00L-A)","Macro commercial photograph of a colourful DTF transfer print on white cotton t-shirt fabric, fine lines and gradients visible, fabric weave texture around the print edges, soft side light, shallow depth of field, fictional brand name, no real logos, no Flash Print Solution branding.","p:t-shirt-printing-dubai:detail"
"551","assets/images/products/t-shirt-printing-dubai/t-shirt-printing-dubai-detail-1200.webp","1200","900","4:3","Product page – material / finish close-up (gallery 2)","/t-shirt-printing-dubai/","Close-up of a multi-colour DTF print on white cotton fabric showing fine detail","Temporary stock","Isabela Kronemberger (Unsplash 0rUc4_00L-A)","Macro commercial photograph of a colourful DTF transfer print on white cotton t-shirt fabric, fine lines and gradients visible, fabric weave texture around the print edges, soft side light, shallow depth of field, fictional brand name, no real logos, no Flash Print Solution branding.","p:t-shirt-printing-dubai:detail"
"552","assets/images/products/t-shirt-printing-dubai/t-shirt-printing-dubai-application-640.webp","640","480","4:3","Product page – product in use (gallery 3 + “Where it’s used”)","/t-shirt-printing-dubai/","Runners in matching printed event t-shirts at the start of a morning fun run","Temporary stock","Cecep Rahmat (Unsplash BVvc_KfmzHg)","Realistic lifestyle photograph of a group of runners in matching bright printed event t-shirts gathering at the start line of a morning fun run on a Dubai waterfront promenade, early golden light, candid wide angle, fictional brand name, no real logos, no Flash Print Solution branding.","p:t-shirt-printing-dubai:application"
"553","assets/images/products/t-shirt-printing-dubai/t-shirt-printing-dubai-application-1200.webp","1200","900","4:3","Product page – product in use (gallery 3 + “Where it’s used”)","/t-shirt-printing-dubai/","Runners in matching printed event t-shirts at the start of a morning fun run","Temporary stock","Cecep Rahmat (Unsplash BVvc_KfmzHg)","Realistic lifestyle photograph of a group of runners in matching bright printed event t-shirts gathering at the start line of a morning fun run on a Dubai waterfront promenade, early golden light, candid wide angle, fictional brand name, no real logos, no Flash Print Solution branding.","p:t-shirt-printing-dubai:application"
"554","assets/images/products/t-shirt-printing-dubai/t-shirt-printing-dubai-production-640.webp","640","480","4:3","Product page – production / finishing (gallery 4)","/t-shirt-printing-dubai/","Screen printing garments","Temporary stock (shared production photo)","Anthony Roberts (Unsplash -OI61ziuAh0)","Photorealistic commercial photograph of t-shirt printing production: Screen printing garments — squeegee pulling ink through a mesh screen. Clean, well-lit Dubai print workshop, 4:3 landscape. Fictional brand names only, no real logos, no Flash Print Solution branding.","p:t-shirt-printing-dubai:production"
"555","assets/images/products/t-shirt-printing-dubai/t-shirt-printing-dubai-production-1200.webp","1200","900","4:3","Product page – production / finishing (gallery 4)","/t-shirt-printing-dubai/","Screen printing garments","Temporary stock (shared production photo)","Anthony Roberts (Unsplash -OI61ziuAh0)","Photorealistic commercial photograph of t-shirt printing production: Screen printing garments — squeegee pulling ink through a mesh screen. Clean, well-lit Dubai print workshop, 4:3 landscape. Fictional brand names only, no real logos, no Flash Print Solution branding.","p:t-shirt-printing-dubai:production"
"556","assets/images/products/uniform-printing-dubai/uniform-printing-dubai-hero-640.webp","640","480","4:3","Product page – main photo (gallery 1)","/uniform-printing-dubai/","Row of navy and white staff polo shirts with embroidered chest logos on hangers","Temporary stock","No Revisions (Unsplash kWVImL5QxJI)","Realistic commercial photograph of navy and white pique polo shirts with matching embroidered fictional logos on the left chest, hanging on a steel rail in a bright workroom, soft daylight, slight side angle, fictional brand name, no real logos, no Flash Print Solution branding.","p:uniform-printing-dubai:hero"
"557","assets/images/products/uniform-printing-dubai/uniform-printing-dubai-hero-1200.webp","1200","900","4:3","Product page – main photo (gallery 1)","/uniform-printing-dubai/","Row of navy and white staff polo shirts with embroidered chest logos on hangers","Temporary stock","No Revisions (Unsplash kWVImL5QxJI)","Realistic commercial photograph of navy and white pique polo shirts with matching embroidered fictional logos on the left chest, hanging on a steel rail in a bright workroom, soft daylight, slight side angle, fictional brand name, no real logos, no Flash Print Solution branding.","p:uniform-printing-dubai:hero"
"558","assets/images/og/uniform-printing-dubai-hero.jpg","1200","630","1.91:1","Social share preview (Facebook, WhatsApp, LinkedIn…) – JPG","/uniform-printing-dubai/","Row of navy and white staff polo shirts with embroidered chest logos on hangers","Temporary stock","No Revisions (Unsplash kWVImL5QxJI)","Same photo as above, cropped to 1200 × 630","p:uniform-printing-dubai:hero"
"559","assets/images/products/uniform-printing-dubai/uniform-printing-dubai-detail-640.webp","640","480","4:3","Product page – material / finish close-up (gallery 2)","/uniform-printing-dubai/","Close-up of an embroidered logo and staff name on a white work shirt","Temporary stock","Masaaki Komori (Unsplash 9ugEeqflo70)","Macro commercial photograph of a navy embroidered fictional logo with a staff name stitched beneath it on a white poly-cotton work shirt, thread texture and satin stitches visible, soft raking light, shallow depth of field, fictional brand name, no real logos, no Flash Print Solution branding.","p:uniform-printing-dubai:detail"
"560","assets/images/products/uniform-printing-dubai/uniform-printing-dubai-detail-1200.webp","1200","900","4:3","Product page – material / finish close-up (gallery 2)","/uniform-printing-dubai/","Close-up of an embroidered logo and staff name on a white work shirt","Temporary stock","Masaaki Komori (Unsplash 9ugEeqflo70)","Macro commercial photograph of a navy embroidered fictional logo with a staff name stitched beneath it on a white poly-cotton work shirt, thread texture and satin stitches visible, soft raking light, shallow depth of field, fictional brand name, no real logos, no Flash Print Solution branding.","p:uniform-printing-dubai:detail"
"561","assets/images/products/uniform-printing-dubai/uniform-printing-dubai-application-640.webp","640","480","4:3","Product page – product in use (gallery 3 + “Where it’s used”)","/uniform-printing-dubai/","Hotel reception staff in matching branded uniforms greeting a guest at the front desk","Temporary stock","Vitaly Gariev (Unsplash Mon_ONnqUbA)","Realistic lifestyle photograph of two hotel reception staff in matching charcoal uniforms with small embroidered fictional logos, greeting a guest at a marble front desk in a Dubai hotel lobby, warm ambient light, eye-level angle, fictional brand name, no real logos, no Flash Print Solution branding.","p:uniform-printing-dubai:application"
"562","assets/images/products/uniform-printing-dubai/uniform-printing-dubai-application-1200.webp","1200","900","4:3","Product page – product in use (gallery 3 + “Where it’s used”)","/uniform-printing-dubai/","Hotel reception staff in matching branded uniforms greeting a guest at the front desk","Temporary stock","Vitaly Gariev (Unsplash Mon_ONnqUbA)","Realistic lifestyle photograph of two hotel reception staff in matching charcoal uniforms with small embroidered fictional logos, greeting a guest at a marble front desk in a Dubai hotel lobby, warm ambient light, eye-level angle, fictional brand name, no real logos, no Flash Print Solution branding.","p:uniform-printing-dubai:application"
"563","assets/images/products/uniform-printing-dubai/uniform-printing-dubai-production-640.webp","640","480","4:3","Product page – production / finishing (gallery 4)","/uniform-printing-dubai/","Multi-head embroidery machine stitching a logo onto a garment or cap","Temporary stock (shared production photo)","James Inigo (Unsplash beK1tm4ufpU)","Photorealistic commercial photograph of uniform printing production: Multi-head embroidery machine stitching a logo onto a garment or cap. Clean, well-lit Dubai print workshop, 4:3 landscape. Fictional brand names only, no real logos, no Flash Print Solution branding.","p:uniform-printing-dubai:production"
"564","assets/images/products/uniform-printing-dubai/uniform-printing-dubai-production-1200.webp","1200","900","4:3","Product page – production / finishing (gallery 4)","/uniform-printing-dubai/","Multi-head embroidery machine stitching a logo onto a garment or cap","Temporary stock (shared production photo)","James Inigo (Unsplash beK1tm4ufpU)","Photorealistic commercial photograph of uniform printing production: Multi-head embroidery machine stitching a logo onto a garment or cap. Clean, well-lit Dubai print workshop, 4:3 landscape. Fictional brand names only, no real logos, no Flash Print Solution branding.","p:uniform-printing-dubai:production"
"565","assets/images/products/custom-box-printing-dubai/custom-box-printing-dubai-hero-640.webp","640","480","4:3","Product page – main photo (gallery 1)","/custom-box-printing-dubai/","Black rigid magnetic gift box with gold foil logo beside a white tuck-end carton","Temporary stock","khampha phimmachak (Unsplash vdkAt1S7fCc)","Realistic commercial product photograph of a black soft-touch rigid magnetic gift box with a gold foil logo for a fictional perfume house beside a white tuck-end carton, on a warm grey backdrop, soft studio lighting, three-quarter angle, fictional brand name, no real logos, no Flash Print Solution branding.","p:custom-box-printing-dubai:hero"
"566","assets/images/products/custom-box-printing-dubai/custom-box-printing-dubai-hero-1200.webp","1200","900","4:3","Product page – main photo (gallery 1)","/custom-box-printing-dubai/","Black rigid magnetic gift box with gold foil logo beside a white tuck-end carton","Temporary stock","khampha phimmachak (Unsplash vdkAt1S7fCc)","Realistic commercial product photograph of a black soft-touch rigid magnetic gift box with a gold foil logo for a fictional perfume house beside a white tuck-end carton, on a warm grey backdrop, soft studio lighting, three-quarter angle, fictional brand name, no real logos, no Flash Print Solution branding.","p:custom-box-printing-dubai:hero"
"567","assets/images/og/custom-box-printing-dubai-hero.jpg","1200","630","1.91:1","Social share preview (Facebook, WhatsApp, LinkedIn…) – JPG","/custom-box-printing-dubai/","Black rigid magnetic gift box with gold foil logo beside a white tuck-end carton","Temporary stock","khampha phimmachak (Unsplash vdkAt1S7fCc)","Same photo as above, cropped to 1200 × 630","p:custom-box-printing-dubai:hero"
"568","assets/images/products/custom-box-printing-dubai/custom-box-printing-dubai-detail-640.webp","640","480","4:3","Product page – material / finish close-up (gallery 2)","/custom-box-printing-dubai/","Close-up of spot UV pattern and embossed logo on a soft-touch box lid","Temporary stock","Jason Leung (Unsplash OtyQnE77s90)","Macro product photograph of a raised embossed logo and glossy spot UV pattern on a matte soft-touch box lid, raking side light showing the contrast between gloss and velvet surfaces, shallow depth of field, fictional brand name, no real logos, no Flash Print Solution branding.","p:custom-box-printing-dubai:detail"
"569","assets/images/products/custom-box-printing-dubai/custom-box-printing-dubai-detail-1200.webp","1200","900","4:3","Product page – material / finish close-up (gallery 2)","/custom-box-printing-dubai/","Close-up of spot UV pattern and embossed logo on a soft-touch box lid","Temporary stock","Jason Leung (Unsplash OtyQnE77s90)","Macro product photograph of a raised embossed logo and glossy spot UV pattern on a matte soft-touch box lid, raking side light showing the contrast between gloss and velvet surfaces, shallow depth of field, fictional brand name, no real logos, no Flash Print Solution branding.","p:custom-box-printing-dubai:detail"
"570","assets/images/products/custom-box-printing-dubai/custom-box-printing-dubai-application-640.webp","640","480","4:3","Product page – product in use (gallery 3 + “Where it’s used”)","/custom-box-printing-dubai/","Open printed mailer box with tissue paper and a product inside on a table","Temporary stock","BATCH by Wisconsin Hemp Scientific (Unsplash 6p72iURpK4c)","Lifestyle photograph of an open printed E-flute mailer box with a patterned inside lid, tissue paper and a skincare product nestled in a card insert, on a light wooden table in a Dubai apartment, natural window light, top-down angle, fictional brand name, no real logos, no Flash Print Solution branding.","p:custom-box-printing-dubai:application"
"571","assets/images/products/custom-box-printing-dubai/custom-box-printing-dubai-application-1200.webp","1200","900","4:3","Product page – product in use (gallery 3 + “Where it’s used”)","/custom-box-printing-dubai/","Open printed mailer box with tissue paper and a product inside on a table","Temporary stock","BATCH by Wisconsin Hemp Scientific (Unsplash 6p72iURpK4c)","Lifestyle photograph of an open printed E-flute mailer box with a patterned inside lid, tissue paper and a skincare product nestled in a card insert, on a light wooden table in a Dubai apartment, natural window light, top-down angle, fictional brand name, no real logos, no Flash Print Solution branding.","p:custom-box-printing-dubai:application"
"572","assets/images/products/custom-box-printing-dubai/custom-box-printing-dubai-production-640.webp","640","480","4:3","Product page – production / finishing (gallery 4)","/custom-box-printing-dubai/","Packaging production","Temporary stock (shared production photo)","Luke Heibert (Unsplash gthSas4oYC0)","Photorealistic commercial photograph of custom boxes production: Packaging production — die-cut cartons being folded, glued and checked. Clean, well-lit Dubai print workshop, 4:3 landscape. Fictional brand names only, no real logos, no Flash Print Solution branding.","p:custom-box-printing-dubai:production"
"573","assets/images/products/custom-box-printing-dubai/custom-box-printing-dubai-production-1200.webp","1200","900","4:3","Product page – production / finishing (gallery 4)","/custom-box-printing-dubai/","Packaging production","Temporary stock (shared production photo)","Luke Heibert (Unsplash gthSas4oYC0)","Photorealistic commercial photograph of custom boxes production: Packaging production — die-cut cartons being folded, glued and checked. Clean, well-lit Dubai print workshop, 4:3 landscape. Fictional brand names only, no real logos, no Flash Print Solution branding.","p:custom-box-printing-dubai:production"
"574","assets/images/products/kraft-bag-printing-dubai/kraft-bag-printing-dubai-hero-640.webp","640","480","4:3","Product page – main photo (gallery 1)","/kraft-bag-printing-dubai/","Brown kraft paper bags with twisted handles and a black printed café logo","Temporary stock","Tamás Szabó (Unsplash iiuHDR8Om44)","Realistic commercial product photograph of three brown kraft paper bags with twisted paper handles, printed in black with a fictional café logo, standing on a light concrete counter, soft natural daylight, eye-level angle, fictional brand name, no real logos, no Flash Print Solution branding.","p:kraft-bag-printing-dubai:hero"
"575","assets/images/products/kraft-bag-printing-dubai/kraft-bag-printing-dubai-hero-1200.webp","1200","900","4:3","Product page – main photo (gallery 1)","/kraft-bag-printing-dubai/","Brown kraft paper bags with twisted handles and a black printed café logo","Temporary stock","Tamás Szabó (Unsplash iiuHDR8Om44)","Realistic commercial product photograph of three brown kraft paper bags with twisted paper handles, printed in black with a fictional café logo, standing on a light concrete counter, soft natural daylight, eye-level angle, fictional brand name, no real logos, no Flash Print Solution branding.","p:kraft-bag-printing-dubai:hero"
"576","assets/images/og/kraft-bag-printing-dubai-hero.jpg","1200","630","1.91:1","Social share preview (Facebook, WhatsApp, LinkedIn…) – JPG","/kraft-bag-printing-dubai/","Brown kraft paper bags with twisted handles and a black printed café logo","Temporary stock","Tamás Szabó (Unsplash iiuHDR8Om44)","Same photo as above, cropped to 1200 × 630","p:kraft-bag-printing-dubai:hero"
"577","assets/images/products/kraft-bag-printing-dubai/kraft-bag-printing-dubai-detail-640.webp","640","480","4:3","Product page – material / finish close-up (gallery 2)","/kraft-bag-printing-dubai/","Close-up of dark green ink logo printed on ribbed brown kraft paper","Temporary stock","Second Breakfast (Unsplash kYtQTbnNio8)","Macro product photograph of a dark green ink logo printed on ribbed brown kraft paper, showing the paper fibres and slight ink absorption, raking side light, shallow depth of field, fictional brand name, no real logos, no Flash Print Solution branding.","p:kraft-bag-printing-dubai:detail"
"578","assets/images/products/kraft-bag-printing-dubai/kraft-bag-printing-dubai-detail-1200.webp","1200","900","4:3","Product page – material / finish close-up (gallery 2)","/kraft-bag-printing-dubai/","Close-up of dark green ink logo printed on ribbed brown kraft paper","Temporary stock","Second Breakfast (Unsplash kYtQTbnNio8)","Macro product photograph of a dark green ink logo printed on ribbed brown kraft paper, showing the paper fibres and slight ink absorption, raking side light, shallow depth of field, fictional brand name, no real logos, no Flash Print Solution branding.","p:kraft-bag-printing-dubai:detail"
"579","assets/images/products/kraft-bag-printing-dubai/kraft-bag-printing-dubai-application-640.webp","640","480","4:3","Product page – product in use (gallery 3 + “Where it’s used”)","/kraft-bag-printing-dubai/","Café staff handing a printed kraft takeaway bag across the counter to a customer","Temporary stock","Toa Heftiba (Unsplash Oyf1-w0lxbE)","Lifestyle photograph of a café barista handing a printed brown kraft takeaway bag across a wooden counter to a customer in a bright Dubai coffee shop, warm natural light, over-the-counter angle, fictional brand name, no real logos, no Flash Print Solution branding.","p:kraft-bag-printing-dubai:application"
"580","assets/images/products/kraft-bag-printing-dubai/kraft-bag-printing-dubai-application-1200.webp","1200","900","4:3","Product page – product in use (gallery 3 + “Where it’s used”)","/kraft-bag-printing-dubai/","Café staff handing a printed kraft takeaway bag across the counter to a customer","Temporary stock","Toa Heftiba (Unsplash Oyf1-w0lxbE)","Lifestyle photograph of a café barista handing a printed brown kraft takeaway bag across a wooden counter to a customer in a bright Dubai coffee shop, warm natural light, over-the-counter angle, fictional brand name, no real logos, no Flash Print Solution branding.","p:kraft-bag-printing-dubai:application"
"581","assets/images/products/kraft-bag-printing-dubai/kraft-bag-printing-dubai-production-640.webp","640","480","4:3","Product page – production / finishing (gallery 4)","/kraft-bag-printing-dubai/","Packaging production","Temporary stock (shared production photo)","Luke Heibert (Unsplash gthSas4oYC0)","Photorealistic commercial photograph of kraft bags production: Packaging production — die-cut cartons being folded, glued and checked. Clean, well-lit Dubai print workshop, 4:3 landscape. Fictional brand names only, no real logos, no Flash Print Solution branding.","p:kraft-bag-printing-dubai:production"
"582","assets/images/products/kraft-bag-printing-dubai/kraft-bag-printing-dubai-production-1200.webp","1200","900","4:3","Product page – production / finishing (gallery 4)","/kraft-bag-printing-dubai/","Packaging production","Temporary stock (shared production photo)","Luke Heibert (Unsplash gthSas4oYC0)","Photorealistic commercial photograph of kraft bags production: Packaging production — die-cut cartons being folded, glued and checked. Clean, well-lit Dubai print workshop, 4:3 landscape. Fictional brand names only, no real logos, no Flash Print Solution branding.","p:kraft-bag-printing-dubai:production"
"583","assets/images/products/product-tags-and-labels-printing-dubai/product-tags-and-labels-printing-dubai-hero-640.webp","640","480","4:3","Product page – main photo (gallery 1)","/product-tags-and-labels-printing-dubai/","Thick black swing tags with gold foil logos and cotton strings on linen","Temporary stock","Angèle Kamp (Unsplash EbUHz58Jba8)","Realistic commercial product photograph of thick black layered swing tags with gold foil logos for a fictional fashion label, tied with natural cotton string, arranged on a cream linen cloth, soft diffused daylight, top-down angle, fictional brand name, no real logos, no Flash Print Solution branding.","p:product-tags-and-labels-printing-dubai:hero"
"584","assets/images/products/product-tags-and-labels-printing-dubai/product-tags-and-labels-printing-dubai-hero-1200.webp","1200","900","4:3","Product page – main photo (gallery 1)","/product-tags-and-labels-printing-dubai/","Thick black swing tags with gold foil logos and cotton strings on linen","Temporary stock","Angèle Kamp (Unsplash EbUHz58Jba8)","Realistic commercial product photograph of thick black layered swing tags with gold foil logos for a fictional fashion label, tied with natural cotton string, arranged on a cream linen cloth, soft diffused daylight, top-down angle, fictional brand name, no real logos, no Flash Print Solution branding.","p:product-tags-and-labels-printing-dubai:hero"
"585","assets/images/og/product-tags-and-labels-printing-dubai-hero.jpg","1200","630","1.91:1","Social share preview (Facebook, WhatsApp, LinkedIn…) – JPG","/product-tags-and-labels-printing-dubai/","Thick black swing tags with gold foil logos and cotton strings on linen","Temporary stock","Angèle Kamp (Unsplash EbUHz58Jba8)","Same photo as above, cropped to 1200 × 630","p:product-tags-and-labels-printing-dubai:hero"
"586","assets/images/products/product-tags-and-labels-printing-dubai/product-tags-and-labels-printing-dubai-detail-640.webp","640","480","4:3","Product page – material / finish close-up (gallery 2)","/product-tags-and-labels-printing-dubai/","Edge of a layered card tag showing a coloured core and metal eyelet","Temporary stock","Brett Jordan (Unsplash B9N22h2s0to)","Macro product photograph of the edge of a layered 600 gsm card swing tag showing a bright coloured core between white layers, a brass eyelet and blind-embossed logo, raking light, shallow depth of field, fictional brand name, no real logos, no Flash Print Solution branding.","p:product-tags-and-labels-printing-dubai:detail"
"587","assets/images/products/product-tags-and-labels-printing-dubai/product-tags-and-labels-printing-dubai-detail-1200.webp","1200","900","4:3","Product page – material / finish close-up (gallery 2)","/product-tags-and-labels-printing-dubai/","Edge of a layered card tag showing a coloured core and metal eyelet","Temporary stock","Brett Jordan (Unsplash B9N22h2s0to)","Macro product photograph of the edge of a layered 600 gsm card swing tag showing a bright coloured core between white layers, a brass eyelet and blind-embossed logo, raking light, shallow depth of field, fictional brand name, no real logos, no Flash Print Solution branding.","p:product-tags-and-labels-printing-dubai:detail"
"588","assets/images/products/product-tags-and-labels-printing-dubai/product-tags-and-labels-printing-dubai-application-640.webp","640","480","4:3","Product page – product in use (gallery 3 + “Where it’s used”)","/product-tags-and-labels-printing-dubai/","Gift hamper wrapped in tissue with a printed hang tag and round foil seal","Temporary stock","Natalia Arkusha (Unsplash 4cDjb_aoh1g)","Lifestyle photograph of a gift hamper box wrapped in white tissue, closed with a round gold foil seal and finished with a printed kraft hang tag on satin ribbon, on a table in a Dubai boutique, warm natural light, fictional brand name, no real logos, no Flash Print Solution branding.","p:product-tags-and-labels-printing-dubai:application"
"589","assets/images/products/product-tags-and-labels-printing-dubai/product-tags-and-labels-printing-dubai-application-1200.webp","1200","900","4:3","Product page – product in use (gallery 3 + “Where it’s used”)","/product-tags-and-labels-printing-dubai/","Gift hamper wrapped in tissue with a printed hang tag and round foil seal","Temporary stock","Natalia Arkusha (Unsplash 4cDjb_aoh1g)","Lifestyle photograph of a gift hamper box wrapped in white tissue, closed with a round gold foil seal and finished with a printed kraft hang tag on satin ribbon, on a table in a Dubai boutique, warm natural light, fictional brand name, no real logos, no Flash Print Solution branding.","p:product-tags-and-labels-printing-dubai:application"
"590","assets/images/products/product-tags-and-labels-printing-dubai/product-tags-and-labels-printing-dubai-production-640.webp","640","480","4:3","Product page – production / finishing (gallery 4)","/product-tags-and-labels-printing-dubai/","Trimming and cutting printed stacks on a guillotine in a print finishing area","Temporary stock (shared production photo)","Panda Paper Roll (Unsplash 5IG5XdpYih4)","Photorealistic commercial photograph of labels & tags production: Trimming and cutting printed stacks on a guillotine in a print finishing area. Clean, well-lit Dubai print workshop, 4:3 landscape. Fictional brand names only, no real logos, no Flash Print Solution branding.","p:product-tags-and-labels-printing-dubai:production"
"591","assets/images/products/product-tags-and-labels-printing-dubai/product-tags-and-labels-printing-dubai-production-1200.webp","1200","900","4:3","Product page – production / finishing (gallery 4)","/product-tags-and-labels-printing-dubai/","Trimming and cutting printed stacks on a guillotine in a print finishing area","Temporary stock (shared production photo)","Panda Paper Roll (Unsplash 5IG5XdpYih4)","Photorealistic commercial photograph of labels & tags production: Trimming and cutting printed stacks on a guillotine in a print finishing area. Clean, well-lit Dubai print workshop, 4:3 landscape. Fictional brand names only, no real logos, no Flash Print Solution branding.","p:product-tags-and-labels-printing-dubai:production"
"592","assets/images/products/paper-bag-printing-dubai/paper-bag-printing-dubai-hero-640.webp","640","480","4:3","Product page – main photo (gallery 1)","/paper-bag-printing-dubai/","White laminated paper shopping bags with rope handles and gold foil logos","Temporary stock","Intenza Fitness (Unsplash WyT5i2PsPM0)","Realistic commercial product photograph of white matte-laminated paper shopping bags with black rope handles and gold foil logos for a fictional boutique, in two sizes on a pale stone floor, soft studio daylight, eye-level angle, fictional brand name, no real logos, no Flash Print Solution branding.","p:paper-bag-printing-dubai:hero"
"593","assets/images/products/paper-bag-printing-dubai/paper-bag-printing-dubai-hero-1200.webp","1200","900","4:3","Product page – main photo (gallery 1)","/paper-bag-printing-dubai/","White laminated paper shopping bags with rope handles and gold foil logos","Temporary stock","Intenza Fitness (Unsplash WyT5i2PsPM0)","Realistic commercial product photograph of white matte-laminated paper shopping bags with black rope handles and gold foil logos for a fictional boutique, in two sizes on a pale stone floor, soft studio daylight, eye-level angle, fictional brand name, no real logos, no Flash Print Solution branding.","p:paper-bag-printing-dubai:hero"
"594","assets/images/og/paper-bag-printing-dubai-hero.jpg","1200","630","1.91:1","Social share preview (Facebook, WhatsApp, LinkedIn…) – JPG","/paper-bag-printing-dubai/","White laminated paper shopping bags with rope handles and gold foil logos","Temporary stock","Intenza Fitness (Unsplash WyT5i2PsPM0)","Same photo as above, cropped to 1200 × 630","p:paper-bag-printing-dubai:hero"
"595","assets/images/products/paper-bag-printing-dubai/paper-bag-printing-dubai-detail-640.webp","640","480","4:3","Product page – material / finish close-up (gallery 2)","/paper-bag-printing-dubai/","Close-up of a rope handle knotted through a reinforced paper bag top","Temporary stock","Lucrezia Carnelos (Unsplash wQ9VuP_Njr4)","Macro product photograph of a black cotton rope handle knotted through a reinforced hole at the top of a soft-touch laminated paper bag, showing the board reinforcement and foil edge, soft side lighting, fictional brand name, no real logos, no Flash Print Solution branding.","p:paper-bag-printing-dubai:detail"
"596","assets/images/products/paper-bag-printing-dubai/paper-bag-printing-dubai-detail-1200.webp","1200","900","4:3","Product page – material / finish close-up (gallery 2)","/paper-bag-printing-dubai/","Close-up of a rope handle knotted through a reinforced paper bag top","Temporary stock","Lucrezia Carnelos (Unsplash wQ9VuP_Njr4)","Macro product photograph of a black cotton rope handle knotted through a reinforced hole at the top of a soft-touch laminated paper bag, showing the board reinforcement and foil edge, soft side lighting, fictional brand name, no real logos, no Flash Print Solution branding.","p:paper-bag-printing-dubai:detail"
"597","assets/images/products/paper-bag-printing-dubai/paper-bag-printing-dubai-application-640.webp","640","480","4:3","Product page – product in use (gallery 3 + “Where it’s used”)","/paper-bag-printing-dubai/","Shopper carrying branded paper bags through a bright Dubai mall concourse","Temporary stock","Vitaly Gariev (Unsplash qSBbM4tz-mA)","Lifestyle photograph of a shopper carrying two laminated paper carrier bags with rope handles through a bright, modern Dubai mall concourse, background softly blurred, natural ambient light, candid side angle, fictional brand name, no real logos, no Flash Print Solution branding.","p:paper-bag-printing-dubai:application"
"598","assets/images/products/paper-bag-printing-dubai/paper-bag-printing-dubai-application-1200.webp","1200","900","4:3","Product page – product in use (gallery 3 + “Where it’s used”)","/paper-bag-printing-dubai/","Shopper carrying branded paper bags through a bright Dubai mall concourse","Temporary stock","Vitaly Gariev (Unsplash qSBbM4tz-mA)","Lifestyle photograph of a shopper carrying two laminated paper carrier bags with rope handles through a bright, modern Dubai mall concourse, background softly blurred, natural ambient light, candid side angle, fictional brand name, no real logos, no Flash Print Solution branding.","p:paper-bag-printing-dubai:application"
"599","assets/images/products/paper-bag-printing-dubai/paper-bag-printing-dubai-production-640.webp","640","480","4:3","Product page – production / finishing (gallery 4)","/paper-bag-printing-dubai/","Offset press run","Temporary stock (shared production photo)","NOAA (Unsplash HFYczZkqCoE)","Photorealistic commercial photograph of paper bags production: Offset press run — operator checking a sheet at an offset printing press. Clean, well-lit Dubai print workshop, 4:3 landscape. Fictional brand names only, no real logos, no Flash Print Solution branding.","p:paper-bag-printing-dubai:production"
"600","assets/images/products/paper-bag-printing-dubai/paper-bag-printing-dubai-production-1200.webp","1200","900","4:3","Product page – production / finishing (gallery 4)","/paper-bag-printing-dubai/","Offset press run","Temporary stock (shared production photo)","NOAA (Unsplash HFYczZkqCoE)","Photorealistic commercial photograph of paper bags production: Offset press run — operator checking a sheet at an offset printing press. Clean, well-lit Dubai print workshop, 4:3 landscape. Fictional brand names only, no real logos, no Flash Print Solution branding.","p:paper-bag-printing-dubai:production"
"601","assets/images/products/product-packaging-printing-dubai/product-packaging-printing-dubai-hero-640.webp","640","480","4:3","Product page – main photo (gallery 1)","/product-packaging-printing-dubai/","Range of skincare cartons in three colours with matching jar labels and sleeve","Temporary stock","pmv chamara (Unsplash dMjkQJs58uo)","Realistic commercial product photograph of a skincare range for a fictional brand: three colour-coded folding cartons, a gift sleeve and matching jar labels, arranged on a pale stone plinth, soft even studio light, straight-on angle, fictional brand name, no real logos, no Flash Print Solution branding.","p:product-packaging-printing-dubai:hero"
"602","assets/images/products/product-packaging-printing-dubai/product-packaging-printing-dubai-hero-1200.webp","1200","900","4:3","Product page – main photo (gallery 1)","/product-packaging-printing-dubai/","Range of skincare cartons in three colours with matching jar labels and sleeve","Temporary stock","pmv chamara (Unsplash dMjkQJs58uo)","Realistic commercial product photograph of a skincare range for a fictional brand: three colour-coded folding cartons, a gift sleeve and matching jar labels, arranged on a pale stone plinth, soft even studio light, straight-on angle, fictional brand name, no real logos, no Flash Print Solution branding.","p:product-packaging-printing-dubai:hero"
"603","assets/images/og/product-packaging-printing-dubai-hero.jpg","1200","630","1.91:1","Social share preview (Facebook, WhatsApp, LinkedIn…) – JPG","/product-packaging-printing-dubai/","Range of skincare cartons in three colours with matching jar labels and sleeve","Temporary stock","pmv chamara (Unsplash dMjkQJs58uo)","Same photo as above, cropped to 1200 × 630","p:product-packaging-printing-dubai:hero"
"604","assets/images/products/product-packaging-printing-dubai/product-packaging-printing-dubai-detail-640.webp","640","480","4:3","Product page – material / finish close-up (gallery 2)","/product-packaging-printing-dubai/","Close-up of copper foil lettering on a soft-touch carton side panel","Temporary stock","Roberto Sorin (Unsplash 7YZuTR-C7yw)","Macro product photograph of copper hot-foil lettering and a small embossed emblem on the side panel of a soft-touch folding carton, raking light showing texture, shallow depth of field, neutral background, fictional brand name, no real logos, no Flash Print Solution branding.","p:product-packaging-printing-dubai:detail"
"605","assets/images/products/product-packaging-printing-dubai/product-packaging-printing-dubai-detail-1200.webp","1200","900","4:3","Product page – material / finish close-up (gallery 2)","/product-packaging-printing-dubai/","Close-up of copper foil lettering on a soft-touch carton side panel","Temporary stock","Roberto Sorin (Unsplash 7YZuTR-C7yw)","Macro product photograph of copper hot-foil lettering and a small embossed emblem on the side panel of a soft-touch folding carton, raking light showing texture, shallow depth of field, neutral background, fictional brand name, no real logos, no Flash Print Solution branding.","p:product-packaging-printing-dubai:detail"
"606","assets/images/products/product-packaging-printing-dubai/product-packaging-printing-dubai-application-640.webp","640","480","4:3","Product page – product in use (gallery 3 + “Where it’s used”)","/product-packaging-printing-dubai/","Retail shelf displaying a coordinated range of boxed beauty products","Temporary stock","jason hu (Unsplash 9n4BNXbO3FI)","Realistic photograph of a coordinated range of boxed beauty products on a white retail shelf in a bright Dubai concept store, cartons in colour-coded variants facing forward, natural store lighting, eye-level angle, fictional brand name, no real logos, no Flash Print Solution branding.","p:product-packaging-printing-dubai:application"
"607","assets/images/products/product-packaging-printing-dubai/product-packaging-printing-dubai-application-1200.webp","1200","900","4:3","Product page – product in use (gallery 3 + “Where it’s used”)","/product-packaging-printing-dubai/","Retail shelf displaying a coordinated range of boxed beauty products","Temporary stock","jason hu (Unsplash 9n4BNXbO3FI)","Realistic photograph of a coordinated range of boxed beauty products on a white retail shelf in a bright Dubai concept store, cartons in colour-coded variants facing forward, natural store lighting, eye-level angle, fictional brand name, no real logos, no Flash Print Solution branding.","p:product-packaging-printing-dubai:application"
"608","assets/images/products/product-packaging-printing-dubai/product-packaging-printing-dubai-production-640.webp","640","480","4:3","Product page – production / finishing (gallery 4)","/product-packaging-printing-dubai/","Hot-foil stamping or embossing detail being applied to card stock","Temporary stock (shared production photo)","Brett Jordan (Unsplash dTmzpaE5Uis)","Photorealistic commercial photograph of product packaging production: Hot-foil stamping or embossing detail being applied to card stock. Clean, well-lit Dubai print workshop, 4:3 landscape. Fictional brand names only, no real logos, no Flash Print Solution branding.","p:product-packaging-printing-dubai:production"
"609","assets/images/products/product-packaging-printing-dubai/product-packaging-printing-dubai-production-1200.webp","1200","900","4:3","Product page – production / finishing (gallery 4)","/product-packaging-printing-dubai/","Hot-foil stamping or embossing detail being applied to card stock","Temporary stock (shared production photo)","Brett Jordan (Unsplash dTmzpaE5Uis)","Photorealistic commercial photograph of product packaging production: Hot-foil stamping or embossing detail being applied to card stock. Clean, well-lit Dubai print workshop, 4:3 landscape. Fictional brand names only, no real logos, no Flash Print Solution branding.","p:product-packaging-printing-dubai:production"
"610","assets/images/products/reflective-signage-dubai/reflective-signage-dubai-hero-640.webp","640","480","4:3","Product page – main photo (gallery 1)","/reflective-signage-dubai/","Reflective speed limit and height clearance signs on grey posts in a car park","Temporary stock","Joshua Hoehne (Unsplash 0PpehdpobH8)","Realistic commercial photograph of a circular reflective speed-limit sign and a rectangular height-clearance sign on grey steel posts at the entrance ramp of a clean basement car park, sheeting catching soft light, concrete columns behind, eye-level three-quarter view, fictional brand name, no real logos, no Flash Print Solution branding.","p:reflective-signage-dubai:hero"
"611","assets/images/products/reflective-signage-dubai/reflective-signage-dubai-hero-1200.webp","1200","900","4:3","Product page – main photo (gallery 1)","/reflective-signage-dubai/","Reflective speed limit and height clearance signs on grey posts in a car park","Temporary stock","Joshua Hoehne (Unsplash 0PpehdpobH8)","Realistic commercial photograph of a circular reflective speed-limit sign and a rectangular height-clearance sign on grey steel posts at the entrance ramp of a clean basement car park, sheeting catching soft light, concrete columns behind, eye-level three-quarter view, fictional brand name, no real logos, no Flash Print Solution branding.","p:reflective-signage-dubai:hero"
"612","assets/images/og/reflective-signage-dubai-hero.jpg","1200","630","1.91:1","Social share preview (Facebook, WhatsApp, LinkedIn…) – JPG","/reflective-signage-dubai/","Reflective speed limit and height clearance signs on grey posts in a car park","Temporary stock","Joshua Hoehne (Unsplash 0PpehdpobH8)","Same photo as above, cropped to 1200 × 630","p:reflective-signage-dubai:hero"
"613","assets/images/products/reflective-signage-dubai/reflective-signage-dubai-detail-640.webp","640","480","4:3","Product page – material / finish close-up (gallery 2)","/reflective-signage-dubai/","Close-up of prismatic reflective sheeting catching light on a white sign face","Temporary stock","Mark König (Unsplash Uu5fnOkFAdA)","Realistic macro photograph of high-intensity prismatic reflective sheeting on an aluminium sign, showing the fine diamond prism pattern sparkling under a single point light, a crisp red border edge visible, dark background, shallow depth of field, fictional brand name, no real logos, no Flash Print Solution branding.","p:reflective-signage-dubai:detail"
"614","assets/images/products/reflective-signage-dubai/reflective-signage-dubai-detail-1200.webp","1200","900","4:3","Product page – material / finish close-up (gallery 2)","/reflective-signage-dubai/","Close-up of prismatic reflective sheeting catching light on a white sign face","Temporary stock","Mark König (Unsplash Uu5fnOkFAdA)","Realistic macro photograph of high-intensity prismatic reflective sheeting on an aluminium sign, showing the fine diamond prism pattern sparkling under a single point light, a crisp red border edge visible, dark background, shallow depth of field, fictional brand name, no real logos, no Flash Print Solution branding.","p:reflective-signage-dubai:detail"
"615","assets/images/products/reflective-signage-dubai/reflective-signage-dubai-application-640.webp","640","480","4:3","Product page – product in use (gallery 3 + “Where it’s used”)","/reflective-signage-dubai/","Reflective hazard chevron sign lit by headlights at a basement car park ramp","Temporary stock","Nick Fewings (Unsplash u4QnZJB4sT0)","Realistic commercial photograph taken at night inside a Dubai basement car park, a red and white reflective chevron sign on a concrete wall glowing brightly in the headlights of an approaching car, painted floor markings visible, moody low light, low eye-level angle, fictional brand name, no real logos, no Flash Print Solution branding.","p:reflective-signage-dubai:application"
"616","assets/images/products/reflective-signage-dubai/reflective-signage-dubai-application-1200.webp","1200","900","4:3","Product page – product in use (gallery 3 + “Where it’s used”)","/reflective-signage-dubai/","Reflective hazard chevron sign lit by headlights at a basement car park ramp","Temporary stock","Nick Fewings (Unsplash u4QnZJB4sT0)","Realistic commercial photograph taken at night inside a Dubai basement car park, a red and white reflective chevron sign on a concrete wall glowing brightly in the headlights of an approaching car, painted floor markings visible, moody low light, low eye-level angle, fictional brand name, no real logos, no Flash Print Solution branding.","p:reflective-signage-dubai:application"
"617","assets/images/products/reflective-signage-dubai/reflective-signage-dubai-production-640.webp","640","480","4:3","Product page – production / finishing (gallery 4)","/reflective-signage-dubai/","Vinyl cutting plotter cutting lettering/shapes from coloured vinyl, then weeding","Temporary stock (shared production photo)","AFINIS Group ® - AFINIS GASKET® Production (Unsplash XhNxW-9IROo)","Photorealistic commercial photograph of reflective signage production: Vinyl cutting plotter cutting lettering/shapes from coloured vinyl, then weeding. Clean, well-lit Dubai print workshop, 4:3 landscape. Fictional brand names only, no real logos, no Flash Print Solution branding.","p:reflective-signage-dubai:production"
"618","assets/images/products/reflective-signage-dubai/reflective-signage-dubai-production-1200.webp","1200","900","4:3","Product page – production / finishing (gallery 4)","/reflective-signage-dubai/","Vinyl cutting plotter cutting lettering/shapes from coloured vinyl, then weeding","Temporary stock (shared production photo)","AFINIS Group ® - AFINIS GASKET® Production (Unsplash XhNxW-9IROo)","Photorealistic commercial photograph of reflective signage production: Vinyl cutting plotter cutting lettering/shapes from coloured vinyl, then weeding. Clean, well-lit Dubai print workshop, 4:3 landscape. Fictional brand names only, no real logos, no Flash Print Solution branding.","p:reflective-signage-dubai:production"
"619","assets/images/products/safety-signs-dubai/safety-signs-dubai-hero-640.webp","640","480","4:3","Product page – main photo (gallery 1)","/safety-signs-dubai/","Set of red, yellow and green workplace safety signs on white PVC boards","Temporary stock","Evgeny Klimenchenko (Unsplash T2UDdwJqGuM)","Realistic commercial photograph of a neat arrangement of workplace safety signs, a red no-smoking prohibition sign, a yellow electrical warning triangle and a green first-aid sign, on white 3 mm PVC boards leaning against a grey concrete wall, soft studio daylight, straight-on eye-level angle, fictional brand name, no real logos, no Flash Print Solution branding.","p:safety-signs-dubai:hero"
"620","assets/images/products/safety-signs-dubai/safety-signs-dubai-hero-1200.webp","1200","900","4:3","Product page – main photo (gallery 1)","/safety-signs-dubai/","Set of red, yellow and green workplace safety signs on white PVC boards","Temporary stock","Evgeny Klimenchenko (Unsplash T2UDdwJqGuM)","Realistic commercial photograph of a neat arrangement of workplace safety signs, a red no-smoking prohibition sign, a yellow electrical warning triangle and a green first-aid sign, on white 3 mm PVC boards leaning against a grey concrete wall, soft studio daylight, straight-on eye-level angle, fictional brand name, no real logos, no Flash Print Solution branding.","p:safety-signs-dubai:hero"
"621","assets/images/og/safety-signs-dubai-hero.jpg","1200","630","1.91:1","Social share preview (Facebook, WhatsApp, LinkedIn…) – JPG","/safety-signs-dubai/","Set of red, yellow and green workplace safety signs on white PVC boards","Temporary stock","Evgeny Klimenchenko (Unsplash T2UDdwJqGuM)","Same photo as above, cropped to 1200 × 630","p:safety-signs-dubai:hero"
"622","assets/images/products/safety-signs-dubai/safety-signs-dubai-detail-640.webp","640","480","4:3","Product page – material / finish close-up (gallery 2)","/safety-signs-dubai/","Close-up of a green photoluminescent exit sign corner with rounded edge and drilled hole","Temporary stock","Andrew Teoh (Unsplash SKrgZQgYy2g)","Realistic macro photograph of the corner of a green and white photoluminescent emergency exit sign on rigid PVC, showing the rounded corner, a neat drilled fixing hole and the slightly pale glow-vinyl surface texture, low raking light, shallow depth of field, fictional brand name, no real logos, no Flash Print Solution branding.","p:safety-signs-dubai:detail"
"623","assets/images/products/safety-signs-dubai/safety-signs-dubai-detail-1200.webp","1200","900","4:3","Product page – material / finish close-up (gallery 2)","/safety-signs-dubai/","Close-up of a green photoluminescent exit sign corner with rounded edge and drilled hole","Temporary stock","Andrew Teoh (Unsplash SKrgZQgYy2g)","Realistic macro photograph of the corner of a green and white photoluminescent emergency exit sign on rigid PVC, showing the rounded corner, a neat drilled fixing hole and the slightly pale glow-vinyl surface texture, low raking light, shallow depth of field, fictional brand name, no real logos, no Flash Print Solution branding.","p:safety-signs-dubai:detail"
"624","assets/images/products/safety-signs-dubai/safety-signs-dubai-application-640.webp","640","480","4:3","Product page – product in use (gallery 3 + “Where it’s used”)","/safety-signs-dubai/","Fire extinguisher sign mounted above a red extinguisher in a warehouse aisle","Temporary stock","Jakub Żerdzicki (Unsplash GCmVg5lztwI)","Realistic commercial photograph of a red fire-extinguisher identification sign fixed to a white warehouse column above a wall-mounted extinguisher, pallet racking stretching into the distance, cool overhead LED lighting, three-quarter angle at eye level, Dubai logistics warehouse setting, fictional brand name, no real logos, no Flash Print Solution branding.","p:safety-signs-dubai:application"
"625","assets/images/products/safety-signs-dubai/safety-signs-dubai-application-1200.webp","1200","900","4:3","Product page – product in use (gallery 3 + “Where it’s used”)","/safety-signs-dubai/","Fire extinguisher sign mounted above a red extinguisher in a warehouse aisle","Temporary stock","Jakub Żerdzicki (Unsplash GCmVg5lztwI)","Realistic commercial photograph of a red fire-extinguisher identification sign fixed to a white warehouse column above a wall-mounted extinguisher, pallet racking stretching into the distance, cool overhead LED lighting, three-quarter angle at eye level, Dubai logistics warehouse setting, fictional brand name, no real logos, no Flash Print Solution branding.","p:safety-signs-dubai:application"
"626","assets/images/products/safety-signs-dubai/safety-signs-dubai-production-640.webp","640","480","4:3","Product page – production / finishing (gallery 4)","/safety-signs-dubai/","Workshop fabrication of signage","Temporary stock (shared production photo)","Syd Mills (Unsplash kLeczQMR55Y)","Photorealistic commercial photograph of safety signs production: Workshop fabrication of signage — acrylic, aluminium composite panels and letters. Clean, well-lit Dubai print workshop, 4:3 landscape. Fictional brand names only, no real logos, no Flash Print Solution branding.","p:safety-signs-dubai:production"
"627","assets/images/products/safety-signs-dubai/safety-signs-dubai-production-1200.webp","1200","900","4:3","Product page – production / finishing (gallery 4)","/safety-signs-dubai/","Workshop fabrication of signage","Temporary stock (shared production photo)","Syd Mills (Unsplash kLeczQMR55Y)","Photorealistic commercial photograph of safety signs production: Workshop fabrication of signage — acrylic, aluminium composite panels and letters. Clean, well-lit Dubai print workshop, 4:3 landscape. Fictional brand names only, no real logos, no Flash Print Solution branding.","p:safety-signs-dubai:production"
"628","assets/images/products/warning-labels-dubai/warning-labels-dubai-hero-640.webp","640","480","4:3","Product page – main photo (gallery 1)","/warning-labels-dubai/","Roll of yellow and black electrical warning labels beside kiss-cut label sheets","Temporary stock","Mikael Seegen (Unsplash jX6WXNkvsPs)","Realistic commercial product photograph of a roll of yellow and black high-voltage warning labels next to two kiss-cut sheets of small hazard labels on a light grey workbench, crisp even studio lighting, slightly elevated 45-degree angle, fictional brand name, no real logos, no Flash Print Solution branding.","p:warning-labels-dubai:hero"
"629","assets/images/products/warning-labels-dubai/warning-labels-dubai-hero-1200.webp","1200","900","4:3","Product page – main photo (gallery 1)","/warning-labels-dubai/","Roll of yellow and black electrical warning labels beside kiss-cut label sheets","Temporary stock","Mikael Seegen (Unsplash jX6WXNkvsPs)","Realistic commercial product photograph of a roll of yellow and black high-voltage warning labels next to two kiss-cut sheets of small hazard labels on a light grey workbench, crisp even studio lighting, slightly elevated 45-degree angle, fictional brand name, no real logos, no Flash Print Solution branding.","p:warning-labels-dubai:hero"
"630","assets/images/og/warning-labels-dubai-hero.jpg","1200","630","1.91:1","Social share preview (Facebook, WhatsApp, LinkedIn…) – JPG","/warning-labels-dubai/","Roll of yellow and black electrical warning labels beside kiss-cut label sheets","Temporary stock","Mikael Seegen (Unsplash jX6WXNkvsPs)","Same photo as above, cropped to 1200 × 630","p:warning-labels-dubai:hero"
"631","assets/images/products/warning-labels-dubai/warning-labels-dubai-detail-640.webp","640","480","4:3","Product page – material / finish close-up (gallery 2)","/warning-labels-dubai/","Close-up of a polyester high voltage warning label on a grey metal panel door","Temporary stock","Waldemar Brandt (Unsplash F_yOvTzX8b4)","Realistic close-up photograph of a yellow triangular high-voltage warning label with a black lightning symbol applied to a grey powder-coated electrical panel door, fine laminate sheen visible, door handle and screws at the edge of frame, soft side lighting, fictional brand name, no real logos, no Flash Print Solution branding.","p:warning-labels-dubai:detail"
"632","assets/images/products/warning-labels-dubai/warning-labels-dubai-detail-1200.webp","1200","900","4:3","Product page – material / finish close-up (gallery 2)","/warning-labels-dubai/","Close-up of a polyester high voltage warning label on a grey metal panel door","Temporary stock","Waldemar Brandt (Unsplash F_yOvTzX8b4)","Realistic close-up photograph of a yellow triangular high-voltage warning label with a black lightning symbol applied to a grey powder-coated electrical panel door, fine laminate sheen visible, door handle and screws at the edge of frame, soft side lighting, fictional brand name, no real logos, no Flash Print Solution branding.","p:warning-labels-dubai:detail"
"633","assets/images/products/warning-labels-dubai/warning-labels-dubai-application-640.webp","640","480","4:3","Product page – product in use (gallery 3 + “Where it’s used”)","/warning-labels-dubai/","Technician's gloved hand applying a hot surface warning label to an insulated pipe","Temporary stock","Aleksei Shabalin (Unsplash xJjE8OpJ8Lg)","Realistic commercial photograph of a technician's gloved hand smoothing a yellow hot-surface warning label onto silver insulated pipework in a Dubai plant room, valves and gauges softly blurred behind, cool practical lighting, close three-quarter angle, fictional brand name, no real logos, no Flash Print Solution branding.","p:warning-labels-dubai:application"
"634","assets/images/products/warning-labels-dubai/warning-labels-dubai-application-1200.webp","1200","900","4:3","Product page – product in use (gallery 3 + “Where it’s used”)","/warning-labels-dubai/","Technician's gloved hand applying a hot surface warning label to an insulated pipe","Temporary stock","Aleksei Shabalin (Unsplash xJjE8OpJ8Lg)","Realistic commercial photograph of a technician's gloved hand smoothing a yellow hot-surface warning label onto silver insulated pipework in a Dubai plant room, valves and gauges softly blurred behind, cool practical lighting, close three-quarter angle, fictional brand name, no real logos, no Flash Print Solution branding.","p:warning-labels-dubai:application"
"635","assets/images/products/warning-labels-dubai/warning-labels-dubai-production-640.webp","640","480","4:3","Product page – production / finishing (gallery 4)","/warning-labels-dubai/","Roll label printing and slitting","Temporary stock (shared production photo)","Vindemia Winery (Unsplash fl8gBcnfWJU)","Photorealistic commercial photograph of warning labels production: Roll label printing and slitting — labels on a roll passing through a press. Clean, well-lit Dubai print workshop, 4:3 landscape. Fictional brand names only, no real logos, no Flash Print Solution branding.","p:warning-labels-dubai:production"
"636","assets/images/products/warning-labels-dubai/warning-labels-dubai-production-1200.webp","1200","900","4:3","Product page – production / finishing (gallery 4)","/warning-labels-dubai/","Roll label printing and slitting","Temporary stock (shared production photo)","Vindemia Winery (Unsplash fl8gBcnfWJU)","Photorealistic commercial photograph of warning labels production: Roll label printing and slitting — labels on a roll passing through a press. Clean, well-lit Dubai print workshop, 4:3 landscape. Fictional brand names only, no real logos, no Flash Print Solution branding.","p:warning-labels-dubai:production"
"637","assets/images/products/acrylic-letter-cutting-dubai/acrylic-letter-cutting-dubai-hero-640.webp","640","480","4:3","Product page – main photo (gallery 1)","/acrylic-letter-cutting-dubai/","Glossy black acrylic letters spelling a fictional company name on a white reception wall","Temporary stock","Thomas Kinto (Unsplash 67Jb8c8jRmM)","Realistic commercial photograph of 10 mm glossy black laser-cut acrylic letters spelling a fictional company name on a white reception wall, mounted on small stand-offs casting soft shadows, bright office lighting, straight-on angle, fictional brand name, no real logos, no Flash Print Solution branding.","p:acrylic-letter-cutting-dubai:hero"
"638","assets/images/products/acrylic-letter-cutting-dubai/acrylic-letter-cutting-dubai-hero-1200.webp","1200","900","4:3","Product page – main photo (gallery 1)","/acrylic-letter-cutting-dubai/","Glossy black acrylic letters spelling a fictional company name on a white reception wall","Temporary stock","Thomas Kinto (Unsplash 67Jb8c8jRmM)","Realistic commercial photograph of 10 mm glossy black laser-cut acrylic letters spelling a fictional company name on a white reception wall, mounted on small stand-offs casting soft shadows, bright office lighting, straight-on angle, fictional brand name, no real logos, no Flash Print Solution branding.","p:acrylic-letter-cutting-dubai:hero"
"639","assets/images/og/acrylic-letter-cutting-dubai-hero.jpg","1200","630","1.91:1","Social share preview (Facebook, WhatsApp, LinkedIn…) – JPG","/acrylic-letter-cutting-dubai/","Glossy black acrylic letters spelling a fictional company name on a white reception wall","Temporary stock","Thomas Kinto (Unsplash 67Jb8c8jRmM)","Same photo as above, cropped to 1200 × 630","p:acrylic-letter-cutting-dubai:hero"
"640","assets/images/products/acrylic-letter-cutting-dubai/acrylic-letter-cutting-dubai-detail-640.webp","640","480","4:3","Product page – material / finish close-up (gallery 2)","/acrylic-letter-cutting-dubai/","Close-up of a clear acrylic letter showing its polished laser-cut edge","Temporary stock","Alexander Andrews (Unsplash zw07kVDaHPw)","Macro commercial photograph of a thick clear acrylic letter with a glossy polished laser-cut edge catching light, placed on a dark surface, crisp studio lighting with edge highlights, shallow depth of field, fictional brand name, no real logos, no Flash Print Solution branding.","p:acrylic-letter-cutting-dubai:detail"
"641","assets/images/products/acrylic-letter-cutting-dubai/acrylic-letter-cutting-dubai-detail-1200.webp","1200","900","4:3","Product page – material / finish close-up (gallery 2)","/acrylic-letter-cutting-dubai/","Close-up of a clear acrylic letter showing its polished laser-cut edge","Temporary stock","Alexander Andrews (Unsplash zw07kVDaHPw)","Macro commercial photograph of a thick clear acrylic letter with a glossy polished laser-cut edge catching light, placed on a dark surface, crisp studio lighting with edge highlights, shallow depth of field, fictional brand name, no real logos, no Flash Print Solution branding.","p:acrylic-letter-cutting-dubai:detail"
"642","assets/images/products/acrylic-letter-cutting-dubai/acrylic-letter-cutting-dubai-application-640.webp","640","480","4:3","Product page – product in use (gallery 3 + “Where it’s used”)","/acrylic-letter-cutting-dubai/","Mirror gold acrylic logo letters on a dark feature wall in a beauty salon","Temporary stock","Or Hakim (Unsplash hz7Lo53WY9U)","Realistic interior photograph of mirror-gold laser-cut acrylic logo letters on a dark green feature wall in a modern Dubai beauty salon, warm ambient lighting, reception desk in the foreground, slight side angle, fictional brand name, no real logos, no Flash Print Solution branding.","p:acrylic-letter-cutting-dubai:application"
"643","assets/images/products/acrylic-letter-cutting-dubai/acrylic-letter-cutting-dubai-application-1200.webp","1200","900","4:3","Product page – product in use (gallery 3 + “Where it’s used”)","/acrylic-letter-cutting-dubai/","Mirror gold acrylic logo letters on a dark feature wall in a beauty salon","Temporary stock","Or Hakim (Unsplash hz7Lo53WY9U)","Realistic interior photograph of mirror-gold laser-cut acrylic logo letters on a dark green feature wall in a modern Dubai beauty salon, warm ambient lighting, reception desk in the foreground, slight side angle, fictional brand name, no real logos, no Flash Print Solution branding.","p:acrylic-letter-cutting-dubai:application"
"644","assets/images/products/acrylic-letter-cutting-dubai/acrylic-letter-cutting-dubai-production-640.webp","640","480","4:3","Product page – production / finishing (gallery 4)","/acrylic-letter-cutting-dubai/","CO2 laser cutter cutting or engraving acrylic / wood sheet in the workshop","Temporary stock (shared production photo)","Opt Lasers (Unsplash KshEaH06rV8)","Photorealistic commercial photograph of acrylic letter cutting production: CO2 laser cutter cutting or engraving acrylic / wood sheet in the workshop. Clean, well-lit Dubai print workshop, 4:3 landscape. Fictional brand names only, no real logos, no Flash Print Solution branding.","p:acrylic-letter-cutting-dubai:production"
"645","assets/images/products/acrylic-letter-cutting-dubai/acrylic-letter-cutting-dubai-production-1200.webp","1200","900","4:3","Product page – production / finishing (gallery 4)","/acrylic-letter-cutting-dubai/","CO2 laser cutter cutting or engraving acrylic / wood sheet in the workshop","Temporary stock (shared production photo)","Opt Lasers (Unsplash KshEaH06rV8)","Photorealistic commercial photograph of acrylic letter cutting production: CO2 laser cutter cutting or engraving acrylic / wood sheet in the workshop. Clean, well-lit Dubai print workshop, 4:3 landscape. Fictional brand names only, no real logos, no Flash Print Solution branding.","p:acrylic-letter-cutting-dubai:production"
"646","assets/images/products/metal-engraving-dubai/metal-engraving-dubai-hero-640.webp","640","480","4:3","Product page – main photo (gallery 1)","/metal-engraving-dubai/","Brushed stainless steel door plate with black engraved fictional office name and number","Temporary stock","iridial (Unsplash 7epbl62XcXk)","Realistic commercial photograph of a brushed stainless steel door plate with black paint-filled engraved lettering showing a fictional office name and room number, mounted on a light grey office door, soft corridor lighting, straight-on angle, fictional brand name, no real logos, no Flash Print Solution branding.","p:metal-engraving-dubai:hero"
"647","assets/images/products/metal-engraving-dubai/metal-engraving-dubai-hero-1200.webp","1200","900","4:3","Product page – main photo (gallery 1)","/metal-engraving-dubai/","Brushed stainless steel door plate with black engraved fictional office name and number","Temporary stock","iridial (Unsplash 7epbl62XcXk)","Realistic commercial photograph of a brushed stainless steel door plate with black paint-filled engraved lettering showing a fictional office name and room number, mounted on a light grey office door, soft corridor lighting, straight-on angle, fictional brand name, no real logos, no Flash Print Solution branding.","p:metal-engraving-dubai:hero"
"648","assets/images/og/metal-engraving-dubai-hero.jpg","1200","630","1.91:1","Social share preview (Facebook, WhatsApp, LinkedIn…) – JPG","/metal-engraving-dubai/","Brushed stainless steel door plate with black engraved fictional office name and number","Temporary stock","iridial (Unsplash 7epbl62XcXk)","Same photo as above, cropped to 1200 × 630","p:metal-engraving-dubai:hero"
"649","assets/images/products/metal-engraving-dubai/metal-engraving-dubai-detail-640.webp","640","480","4:3","Product page – material / finish close-up (gallery 2)","/metal-engraving-dubai/","Close-up of anodised aluminium asset tags engraved with serial numbers and QR codes","Temporary stock","Ayanda Kunene (Unsplash 4CvXjk3WpsI)","Macro commercial photograph of black anodised aluminium asset tags laser engraved with bright silver serial numbers and QR codes, fanned out on a steel workbench, cool crisp light, shallow depth of field, fictional brand name, no real logos, no Flash Print Solution branding.","p:metal-engraving-dubai:detail"
"650","assets/images/products/metal-engraving-dubai/metal-engraving-dubai-detail-1200.webp","1200","900","4:3","Product page – material / finish close-up (gallery 2)","/metal-engraving-dubai/","Close-up of anodised aluminium asset tags engraved with serial numbers and QR codes","Temporary stock","Ayanda Kunene (Unsplash 4CvXjk3WpsI)","Macro commercial photograph of black anodised aluminium asset tags laser engraved with bright silver serial numbers and QR codes, fanned out on a steel workbench, cool crisp light, shallow depth of field, fictional brand name, no real logos, no Flash Print Solution branding.","p:metal-engraving-dubai:detail"
"651","assets/images/products/metal-engraving-dubai/metal-engraving-dubai-application-640.webp","640","480","4:3","Product page – product in use (gallery 3 + “Where it’s used”)","/metal-engraving-dubai/","Engraved brass dedication plaque fixed to a stone wall in a building lobby","Temporary stock","Marjan Blan (Unsplash fLN-z45i_I0)","Realistic photograph of an engraved brass dedication plaque with black infilled lettering fixed on stand-off caps to a beige stone wall in a Dubai building lobby, warm ambient light, slight side angle, fictional brand name, no real logos, no Flash Print Solution branding.","p:metal-engraving-dubai:application"
"652","assets/images/products/metal-engraving-dubai/metal-engraving-dubai-application-1200.webp","1200","900","4:3","Product page – product in use (gallery 3 + “Where it’s used”)","/metal-engraving-dubai/","Engraved brass dedication plaque fixed to a stone wall in a building lobby","Temporary stock","Marjan Blan (Unsplash fLN-z45i_I0)","Realistic photograph of an engraved brass dedication plaque with black infilled lettering fixed on stand-off caps to a beige stone wall in a Dubai building lobby, warm ambient light, slight side angle, fictional brand name, no real logos, no Flash Print Solution branding.","p:metal-engraving-dubai:application"
"653","assets/images/products/metal-engraving-dubai/metal-engraving-dubai-production-640.webp","640","480","4:3","Product page – production / finishing (gallery 4)","/metal-engraving-dubai/","Branding promotional items","Temporary stock (shared production photo)","Đồng Phục Hải Triều (Unsplash euOA6oQIfIc)","Photorealistic commercial photograph of metal engraving production: Branding promotional items — pad printing / engraving logos on merchandise. Clean, well-lit Dubai print workshop, 4:3 landscape. Fictional brand names only, no real logos, no Flash Print Solution branding.","p:metal-engraving-dubai:production"
"654","assets/images/products/metal-engraving-dubai/metal-engraving-dubai-production-1200.webp","1200","900","4:3","Product page – production / finishing (gallery 4)","/metal-engraving-dubai/","Branding promotional items","Temporary stock (shared production photo)","Đồng Phục Hải Triều (Unsplash euOA6oQIfIc)","Photorealistic commercial photograph of metal engraving production: Branding promotional items — pad printing / engraving logos on merchandise. Clean, well-lit Dubai print workshop, 4:3 landscape. Fictional brand names only, no real logos, no Flash Print Solution branding.","p:metal-engraving-dubai:production"
"655","assets/images/products/plaques-and-trophies-dubai/plaques-and-trophies-dubai-hero-640.webp","640","480","4:3","Product page – main photo (gallery 1)","/plaques-and-trophies-dubai/","Clear thick acrylic trophy with frosted engraved text and a gold fictional logo","Temporary stock","Giorgio Trovato (Unsplash _XTY6lD8jgM)","Realistic product photograph of a thick clear acrylic trophy with polished edges, frosted engraved recipient text and a mirror-gold fictional logo layer, standing on a dark walnut desk, soft studio light with edge highlights, three-quarter angle, fictional brand name, no real logos, no Flash Print Solution branding.","p:plaques-and-trophies-dubai:hero"
"656","assets/images/products/plaques-and-trophies-dubai/plaques-and-trophies-dubai-hero-1200.webp","1200","900","4:3","Product page – main photo (gallery 1)","/plaques-and-trophies-dubai/","Clear thick acrylic trophy with frosted engraved text and a gold fictional logo","Temporary stock","Giorgio Trovato (Unsplash _XTY6lD8jgM)","Realistic product photograph of a thick clear acrylic trophy with polished edges, frosted engraved recipient text and a mirror-gold fictional logo layer, standing on a dark walnut desk, soft studio light with edge highlights, three-quarter angle, fictional brand name, no real logos, no Flash Print Solution branding.","p:plaques-and-trophies-dubai:hero"
"657","assets/images/og/plaques-and-trophies-dubai-hero.jpg","1200","630","1.91:1","Social share preview (Facebook, WhatsApp, LinkedIn…) – JPG","/plaques-and-trophies-dubai/","Clear thick acrylic trophy with frosted engraved text and a gold fictional logo","Temporary stock","Giorgio Trovato (Unsplash _XTY6lD8jgM)","Same photo as above, cropped to 1200 × 630","p:plaques-and-trophies-dubai:hero"
"658","assets/images/products/plaques-and-trophies-dubai/plaques-and-trophies-dubai-detail-640.webp","640","480","4:3","Product page – material / finish close-up (gallery 2)","/plaques-and-trophies-dubai/","Close-up of frosted laser-engraved lettering inside a clear acrylic plaque","Temporary stock","Brecht Corbeel (Unsplash 48clKa0dT-w)","Macro commercial photograph of frosted white laser-engraved lettering on a clear acrylic plaque, dark background making the engraving glow, crisp side lighting, shallow depth of field, fictional brand name, no real logos, no Flash Print Solution branding.","p:plaques-and-trophies-dubai:detail"
"659","assets/images/products/plaques-and-trophies-dubai/plaques-and-trophies-dubai-detail-1200.webp","1200","900","4:3","Product page – material / finish close-up (gallery 2)","/plaques-and-trophies-dubai/","Close-up of frosted laser-engraved lettering inside a clear acrylic plaque","Temporary stock","Brecht Corbeel (Unsplash 48clKa0dT-w)","Macro commercial photograph of frosted white laser-engraved lettering on a clear acrylic plaque, dark background making the engraving glow, crisp side lighting, shallow depth of field, fictional brand name, no real logos, no Flash Print Solution branding.","p:plaques-and-trophies-dubai:detail"
"660","assets/images/products/plaques-and-trophies-dubai/plaques-and-trophies-dubai-application-640.webp","640","480","4:3","Product page – product in use (gallery 3 + “Where it’s used”)","/plaques-and-trophies-dubai/","Presenter handing an engraved plaque to an employee on stage at a corporate event","Temporary stock","Bruno Ngarukiye (Unsplash 1M5TbuRlG6A)","Realistic event photograph of a presenter handing an engraved acrylic plaque to a smiling employee on a hotel ballroom stage in Dubai, branded backdrop blurred behind, warm stage lighting, eye-level angle, fictional brand name, no real logos, no Flash Print Solution branding.","p:plaques-and-trophies-dubai:application"
"661","assets/images/products/plaques-and-trophies-dubai/plaques-and-trophies-dubai-application-1200.webp","1200","900","4:3","Product page – product in use (gallery 3 + “Where it’s used”)","/plaques-and-trophies-dubai/","Presenter handing an engraved plaque to an employee on stage at a corporate event","Temporary stock","Bruno Ngarukiye (Unsplash 1M5TbuRlG6A)","Realistic event photograph of a presenter handing an engraved acrylic plaque to a smiling employee on a hotel ballroom stage in Dubai, branded backdrop blurred behind, warm stage lighting, eye-level angle, fictional brand name, no real logos, no Flash Print Solution branding.","p:plaques-and-trophies-dubai:application"
"662","assets/images/products/plaques-and-trophies-dubai/plaques-and-trophies-dubai-production-640.webp","640","480","4:3","Product page – production / finishing (gallery 4)","/plaques-and-trophies-dubai/","CO2 laser cutter cutting or engraving acrylic / wood sheet in the workshop","Temporary stock (shared production photo)","Opt Lasers (Unsplash KshEaH06rV8)","Photorealistic commercial photograph of plaques & trophies production: CO2 laser cutter cutting or engraving acrylic / wood sheet in the workshop. Clean, well-lit Dubai print workshop, 4:3 landscape. Fictional brand names only, no real logos, no Flash Print Solution branding.","p:plaques-and-trophies-dubai:production"
"663","assets/images/products/plaques-and-trophies-dubai/plaques-and-trophies-dubai-production-1200.webp","1200","900","4:3","Product page – production / finishing (gallery 4)","/plaques-and-trophies-dubai/","CO2 laser cutter cutting or engraving acrylic / wood sheet in the workshop","Temporary stock (shared production photo)","Opt Lasers (Unsplash KshEaH06rV8)","Photorealistic commercial photograph of plaques & trophies production: CO2 laser cutter cutting or engraving acrylic / wood sheet in the workshop. Clean, well-lit Dubai print workshop, 4:3 landscape. Fictional brand names only, no real logos, no Flash Print Solution branding.","p:plaques-and-trophies-dubai:production"
"664","assets/images/products/wood-engraving-dubai/wood-engraving-dubai-hero-640.webp","640","480","4:3","Product page – main photo (gallery 1)","/wood-engraving-dubai/","Birch plywood café sign with a laser-engraved fictional logo hanging on a white wall","Temporary stock","T (Unsplash oka-0UH2uvw)","Realistic commercial photograph of a round birch plywood café sign with a dark laser-engraved fictional logo and lettering, hung on a white brick wall beside plants, soft natural daylight, straight-on angle, fictional brand name, no real logos, no Flash Print Solution branding.","p:wood-engraving-dubai:hero"
"665","assets/images/products/wood-engraving-dubai/wood-engraving-dubai-hero-1200.webp","1200","900","4:3","Product page – main photo (gallery 1)","/wood-engraving-dubai/","Birch plywood café sign with a laser-engraved fictional logo hanging on a white wall","Temporary stock","T (Unsplash oka-0UH2uvw)","Realistic commercial photograph of a round birch plywood café sign with a dark laser-engraved fictional logo and lettering, hung on a white brick wall beside plants, soft natural daylight, straight-on angle, fictional brand name, no real logos, no Flash Print Solution branding.","p:wood-engraving-dubai:hero"
"666","assets/images/og/wood-engraving-dubai-hero.jpg","1200","630","1.91:1","Social share preview (Facebook, WhatsApp, LinkedIn…) – JPG","/wood-engraving-dubai/","Birch plywood café sign with a laser-engraved fictional logo hanging on a white wall","Temporary stock","T (Unsplash oka-0UH2uvw)","Same photo as above, cropped to 1200 × 630","p:wood-engraving-dubai:hero"
"667","assets/images/products/wood-engraving-dubai/wood-engraving-dubai-detail-640.webp","640","480","4:3","Product page – material / finish close-up (gallery 2)","/wood-engraving-dubai/","Close-up of dark laser-engraved lettering on light wood grain","Temporary stock","Andy Holmes (Unsplash XaQ-aaMJKgc)","Macro commercial photograph of dark brown laser-engraved lettering on pale beech wood, slightly recessed engraving and natural grain visible, warm low-angle light, shallow depth of field, fictional brand name, no real logos, no Flash Print Solution branding.","p:wood-engraving-dubai:detail"
"668","assets/images/products/wood-engraving-dubai/wood-engraving-dubai-detail-1200.webp","1200","900","4:3","Product page – material / finish close-up (gallery 2)","/wood-engraving-dubai/","Close-up of dark laser-engraved lettering on light wood grain","Temporary stock","Andy Holmes (Unsplash XaQ-aaMJKgc)","Macro commercial photograph of dark brown laser-engraved lettering on pale beech wood, slightly recessed engraving and natural grain visible, warm low-angle light, shallow depth of field, fictional brand name, no real logos, no Flash Print Solution branding.","p:wood-engraving-dubai:detail"
"669","assets/images/products/wood-engraving-dubai/wood-engraving-dubai-application-640.webp","640","480","4:3","Product page – product in use (gallery 3 + “Where it’s used”)","/wood-engraving-dubai/","Engraved wooden serving board and coasters on a restaurant table with coffee","Temporary stock","Panos Katsigiannis (Unsplash zbmm4vjQZoU)","Realistic lifestyle photograph of an oak serving board and bamboo coasters with engraved fictional restaurant logos on a café table in Dubai, coffee cups and pastries, warm afternoon light, 45-degree angle, fictional brand name, no real logos, no Flash Print Solution branding.","p:wood-engraving-dubai:application"
"670","assets/images/products/wood-engraving-dubai/wood-engraving-dubai-application-1200.webp","1200","900","4:3","Product page – product in use (gallery 3 + “Where it’s used”)","/wood-engraving-dubai/","Engraved wooden serving board and coasters on a restaurant table with coffee","Temporary stock","Panos Katsigiannis (Unsplash zbmm4vjQZoU)","Realistic lifestyle photograph of an oak serving board and bamboo coasters with engraved fictional restaurant logos on a café table in Dubai, coffee cups and pastries, warm afternoon light, 45-degree angle, fictional brand name, no real logos, no Flash Print Solution branding.","p:wood-engraving-dubai:application"
"671","assets/images/products/wood-engraving-dubai/wood-engraving-dubai-production-640.webp","640","480","4:3","Product page – production / finishing (gallery 4)","/wood-engraving-dubai/","CO2 laser cutter cutting or engraving acrylic / wood sheet in the workshop","Temporary stock (shared production photo)","Opt Lasers (Unsplash KshEaH06rV8)","Photorealistic commercial photograph of wood engraving production: CO2 laser cutter cutting or engraving acrylic / wood sheet in the workshop. Clean, well-lit Dubai print workshop, 4:3 landscape. Fictional brand names only, no real logos, no Flash Print Solution branding.","p:wood-engraving-dubai:production"
"672","assets/images/products/wood-engraving-dubai/wood-engraving-dubai-production-1200.webp","1200","900","4:3","Product page – production / finishing (gallery 4)","/wood-engraving-dubai/","CO2 laser cutter cutting or engraving acrylic / wood sheet in the workshop","Temporary stock (shared production photo)","Opt Lasers (Unsplash KshEaH06rV8)","Photorealistic commercial photograph of wood engraving production: CO2 laser cutter cutting or engraving acrylic / wood sheet in the workshop. Clean, well-lit Dubai print workshop, 4:3 landscape. Fictional brand names only, no real logos, no Flash Print Solution branding.","p:wood-engraving-dubai:production"
"673","assets/images/products/counter-display-printing-dubai/counter-display-printing-dubai-hero-640.webp","640","480","4:3","Product page – main photo (gallery 1)","/counter-display-printing-dubai/","Printed corrugated counter display unit filled with snack bars beside a shop till","Temporary stock","Josh Marty (Unsplash jqjLE1iasVw)","Realistic commercial photograph of a printed corrugated cardboard countertop display unit with a shaped header card, filled with snack bars for a fictional healthy snack brand, standing beside a card terminal on a convenience store counter, bright even retail lighting, eye-level angle, fictional brand name, no real logos, no Flash Print Solution branding.","p:counter-display-printing-dubai:hero"
"674","assets/images/products/counter-display-printing-dubai/counter-display-printing-dubai-hero-1200.webp","1200","900","4:3","Product page – main photo (gallery 1)","/counter-display-printing-dubai/","Printed corrugated counter display unit filled with snack bars beside a shop till","Temporary stock","Josh Marty (Unsplash jqjLE1iasVw)","Realistic commercial photograph of a printed corrugated cardboard countertop display unit with a shaped header card, filled with snack bars for a fictional healthy snack brand, standing beside a card terminal on a convenience store counter, bright even retail lighting, eye-level angle, fictional brand name, no real logos, no Flash Print Solution branding.","p:counter-display-printing-dubai:hero"
"675","assets/images/og/counter-display-printing-dubai-hero.jpg","1200","630","1.91:1","Social share preview (Facebook, WhatsApp, LinkedIn…) – JPG","/counter-display-printing-dubai/","Printed corrugated counter display unit filled with snack bars beside a shop till","Temporary stock","Josh Marty (Unsplash jqjLE1iasVw)","Same photo as above, cropped to 1200 × 630","p:counter-display-printing-dubai:hero"
"676","assets/images/products/counter-display-printing-dubai/counter-display-printing-dubai-detail-640.webp","640","480","4:3","Product page – material / finish close-up (gallery 2)","/counter-display-printing-dubai/","Close-up of a die-cut corrugated display edge showing E-flute board and printed surface","Temporary stock","Roberto Sorin (Unsplash 7Z1pgI77BoE)","Realistic macro photograph of the die-cut edge of a printed E-flute corrugated counter display, showing the fluted core, a crisp crease and gloss laminated print surface in bright colours, soft studio lighting, shallow depth of field, fictional brand name, no real logos, no Flash Print Solution branding.","p:counter-display-printing-dubai:detail"
"677","assets/images/products/counter-display-printing-dubai/counter-display-printing-dubai-detail-1200.webp","1200","900","4:3","Product page – material / finish close-up (gallery 2)","/counter-display-printing-dubai/","Close-up of a die-cut corrugated display edge showing E-flute board and printed surface","Temporary stock","Roberto Sorin (Unsplash 7Z1pgI77BoE)","Realistic macro photograph of the die-cut edge of a printed E-flute corrugated counter display, showing the fluted core, a crisp crease and gloss laminated print surface in bright colours, soft studio lighting, shallow depth of field, fictional brand name, no real logos, no Flash Print Solution branding.","p:counter-display-printing-dubai:detail"
"678","assets/images/products/counter-display-printing-dubai/counter-display-printing-dubai-application-640.webp","640","480","4:3","Product page – product in use (gallery 3 + “Where it’s used”)","/counter-display-printing-dubai/","Clear acrylic counter stand with printed insert on a pharmacy counter","Temporary stock","Declan Sun (Unsplash fn742i_NKWE)","Realistic photograph of a clear acrylic counter display holding skincare samples with a printed insert for a fictional skincare brand, on a white pharmacy counter with shelves softly blurred behind, clean cool lighting, three-quarter angle, fictional brand name, no real logos, no Flash Print Solution branding.","p:counter-display-printing-dubai:application"
"679","assets/images/products/counter-display-printing-dubai/counter-display-printing-dubai-application-1200.webp","1200","900","4:3","Product page – product in use (gallery 3 + “Where it’s used”)","/counter-display-printing-dubai/","Clear acrylic counter stand with printed insert on a pharmacy counter","Temporary stock","Declan Sun (Unsplash fn742i_NKWE)","Realistic photograph of a clear acrylic counter display holding skincare samples with a printed insert for a fictional skincare brand, on a white pharmacy counter with shelves softly blurred behind, clean cool lighting, three-quarter angle, fictional brand name, no real logos, no Flash Print Solution branding.","p:counter-display-printing-dubai:application"
"680","assets/images/products/counter-display-printing-dubai/counter-display-printing-dubai-production-640.webp","640","480","4:3","Product page – production / finishing (gallery 4)","/counter-display-printing-dubai/","Packaging production","Temporary stock (shared production photo)","Luke Heibert (Unsplash gthSas4oYC0)","Photorealistic commercial photograph of counter displays production: Packaging production — die-cut cartons being folded, glued and checked. Clean, well-lit Dubai print workshop, 4:3 landscape. Fictional brand names only, no real logos, no Flash Print Solution branding.","p:counter-display-printing-dubai:production"
"681","assets/images/products/counter-display-printing-dubai/counter-display-printing-dubai-production-1200.webp","1200","900","4:3","Product page – production / finishing (gallery 4)","/counter-display-printing-dubai/","Packaging production","Temporary stock (shared production photo)","Luke Heibert (Unsplash gthSas4oYC0)","Photorealistic commercial photograph of counter displays production: Packaging production — die-cut cartons being folded, glued and checked. Clean, well-lit Dubai print workshop, 4:3 landscape. Fictional brand names only, no real logos, no Flash Print Solution branding.","p:counter-display-printing-dubai:production"
"682","assets/images/products/end-cap-display-printing-dubai/end-cap-display-printing-dubai-hero-640.webp","640","480","4:3","Product page – main photo (gallery 1)","/end-cap-display-printing-dubai/","Supermarket gondola end with printed header, side panels and base wrap for a juice brand","Temporary stock","Nathália Rosa (Unsplash rWMIbqmOxrY)","Realistic retail photograph of a supermarket gondola end dressed with a printed header board, side panels, shelf strips and base wrap in orange and green for a fictional juice brand, bottles neatly stocked, bright hypermarket lighting, eye-level view from the main aisle, fictional brand name, no real logos, no Flash Print Solution branding.","p:end-cap-display-printing-dubai:hero"
"683","assets/images/products/end-cap-display-printing-dubai/end-cap-display-printing-dubai-hero-1200.webp","1200","900","4:3","Product page – main photo (gallery 1)","/end-cap-display-printing-dubai/","Supermarket gondola end with printed header, side panels and base wrap for a juice brand","Temporary stock","Nathália Rosa (Unsplash rWMIbqmOxrY)","Realistic retail photograph of a supermarket gondola end dressed with a printed header board, side panels, shelf strips and base wrap in orange and green for a fictional juice brand, bottles neatly stocked, bright hypermarket lighting, eye-level view from the main aisle, fictional brand name, no real logos, no Flash Print Solution branding.","p:end-cap-display-printing-dubai:hero"
"684","assets/images/og/end-cap-display-printing-dubai-hero.jpg","1200","630","1.91:1","Social share preview (Facebook, WhatsApp, LinkedIn…) – JPG","/end-cap-display-printing-dubai/","Supermarket gondola end with printed header, side panels and base wrap for a juice brand","Temporary stock","Nathália Rosa (Unsplash rWMIbqmOxrY)","Same photo as above, cropped to 1200 × 630","p:end-cap-display-printing-dubai:hero"
"685","assets/images/products/end-cap-display-printing-dubai/end-cap-display-printing-dubai-detail-640.webp","640","480","4:3","Product page – material / finish close-up (gallery 2)","/end-cap-display-printing-dubai/","Printed PVC shelf-edge strip clipped into a supermarket shelf channel","Temporary stock","Mick Haupt (Unsplash VE9DQ7zm22Y)","Realistic close-up photograph of a printed PVC shelf-edge strip slotted into the clear channel of a supermarket shelf, bold promotional colours and a fictional brand name, products slightly out of focus above, even store lighting, shallow depth of field, fictional brand name, no real logos, no Flash Print Solution branding.","p:end-cap-display-printing-dubai:detail"
"686","assets/images/products/end-cap-display-printing-dubai/end-cap-display-printing-dubai-detail-1200.webp","1200","900","4:3","Product page – material / finish close-up (gallery 2)","/end-cap-display-printing-dubai/","Printed PVC shelf-edge strip clipped into a supermarket shelf channel","Temporary stock","Mick Haupt (Unsplash VE9DQ7zm22Y)","Realistic close-up photograph of a printed PVC shelf-edge strip slotted into the clear channel of a supermarket shelf, bold promotional colours and a fictional brand name, products slightly out of focus above, even store lighting, shallow depth of field, fictional brand name, no real logos, no Flash Print Solution branding.","p:end-cap-display-printing-dubai:detail"
"687","assets/images/products/end-cap-display-printing-dubai/end-cap-display-printing-dubai-application-640.webp","640","480","4:3","Product page – product in use (gallery 3 + “Where it’s used”)","/end-cap-display-printing-dubai/","Shoppers with trolleys passing a branded end-cap display in a hypermarket aisle","Temporary stock","Martijn Baudoin (Unsplash 4z0-2mQE7io)","Realistic photograph of shoppers with trolleys walking past a branded end-cap display promoting a fictional coffee brand in a spacious Dubai hypermarket, header and side panels clearly visible, natural motion blur on the shoppers, bright even lighting, wide angle, fictional brand name, no real logos, no Flash Print Solution branding.","p:end-cap-display-printing-dubai:application"
"688","assets/images/products/end-cap-display-printing-dubai/end-cap-display-printing-dubai-application-1200.webp","1200","900","4:3","Product page – product in use (gallery 3 + “Where it’s used”)","/end-cap-display-printing-dubai/","Shoppers with trolleys passing a branded end-cap display in a hypermarket aisle","Temporary stock","Martijn Baudoin (Unsplash 4z0-2mQE7io)","Realistic photograph of shoppers with trolleys walking past a branded end-cap display promoting a fictional coffee brand in a spacious Dubai hypermarket, header and side panels clearly visible, natural motion blur on the shoppers, bright even lighting, wide angle, fictional brand name, no real logos, no Flash Print Solution branding.","p:end-cap-display-printing-dubai:application"
"689","assets/images/products/end-cap-display-printing-dubai/end-cap-display-printing-dubai-production-640.webp","640","480","4:3","Product page – production / finishing (gallery 4)","/end-cap-display-printing-dubai/","Wide-format inkjet printer printing a large graphic onto roll media","Temporary stock (shared production photo)","Geri Sakti (Unsplash CYrYxz-uvE4)","Photorealistic commercial photograph of end-cap displays production: Wide-format inkjet printer printing a large graphic onto roll media. Clean, well-lit Dubai print workshop, 4:3 landscape. Fictional brand names only, no real logos, no Flash Print Solution branding.","p:end-cap-display-printing-dubai:production"
"690","assets/images/products/end-cap-display-printing-dubai/end-cap-display-printing-dubai-production-1200.webp","1200","900","4:3","Product page – production / finishing (gallery 4)","/end-cap-display-printing-dubai/","Wide-format inkjet printer printing a large graphic onto roll media","Temporary stock (shared production photo)","Geri Sakti (Unsplash CYrYxz-uvE4)","Photorealistic commercial photograph of end-cap displays production: Wide-format inkjet printer printing a large graphic onto roll media. Clean, well-lit Dubai print workshop, 4:3 landscape. Fictional brand names only, no real logos, no Flash Print Solution branding.","p:end-cap-display-printing-dubai:production"
"691","assets/images/products/shelf-talkers-dubai/shelf-talkers-dubai-hero-640.webp","640","480","4:3","Product page – main photo (gallery 1)","/shelf-talkers-dubai/","Die-cut starburst shelf talkers attached to a supermarket shelf edge below products","Temporary stock","Marques Thomas (Unsplash 8vgsOVj0OfM)","Realistic retail photograph of bright yellow die-cut starburst shelf talkers with bold offer text for a fictional cereal brand, slotted into the shelf edge below neatly faced cereal boxes, clean supermarket lighting, slightly low eye-level angle, fictional brand name, no real logos, no Flash Print Solution branding.","p:shelf-talkers-dubai:hero"
"692","assets/images/products/shelf-talkers-dubai/shelf-talkers-dubai-hero-1200.webp","1200","900","4:3","Product page – main photo (gallery 1)","/shelf-talkers-dubai/","Die-cut starburst shelf talkers attached to a supermarket shelf edge below products","Temporary stock","Marques Thomas (Unsplash 8vgsOVj0OfM)","Realistic retail photograph of bright yellow die-cut starburst shelf talkers with bold offer text for a fictional cereal brand, slotted into the shelf edge below neatly faced cereal boxes, clean supermarket lighting, slightly low eye-level angle, fictional brand name, no real logos, no Flash Print Solution branding.","p:shelf-talkers-dubai:hero"
"693","assets/images/og/shelf-talkers-dubai-hero.jpg","1200","630","1.91:1","Social share preview (Facebook, WhatsApp, LinkedIn…) – JPG","/shelf-talkers-dubai/","Die-cut starburst shelf talkers attached to a supermarket shelf edge below products","Temporary stock","Marques Thomas (Unsplash 8vgsOVj0OfM)","Same photo as above, cropped to 1200 × 630","p:shelf-talkers-dubai:hero"
"694","assets/images/products/shelf-talkers-dubai/shelf-talkers-dubai-detail-640.webp","640","480","4:3","Product page – material / finish close-up (gallery 2)","/shelf-talkers-dubai/","Close-up of a laminated card shelf talker tab slotted into a clear price channel","Temporary stock","John Cameron (Unsplash 2d9lG8nWyeM)","Realistic macro photograph of the fixing tab of a laminated card shelf talker slotted into a clear plastic supermarket price channel, printed colours and crisp die-cut edge visible, soft store lighting, shallow depth of field, fictional brand name, no real logos, no Flash Print Solution branding.","p:shelf-talkers-dubai:detail"
"695","assets/images/products/shelf-talkers-dubai/shelf-talkers-dubai-detail-1200.webp","1200","900","4:3","Product page – material / finish close-up (gallery 2)","/shelf-talkers-dubai/","Close-up of a laminated card shelf talker tab slotted into a clear price channel","Temporary stock","John Cameron (Unsplash 2d9lG8nWyeM)","Realistic macro photograph of the fixing tab of a laminated card shelf talker slotted into a clear plastic supermarket price channel, printed colours and crisp die-cut edge visible, soft store lighting, shallow depth of field, fictional brand name, no real logos, no Flash Print Solution branding.","p:shelf-talkers-dubai:detail"
"696","assets/images/products/shelf-talkers-dubai/shelf-talkers-dubai-application-640.webp","640","480","4:3","Product page – product in use (gallery 3 + “Where it’s used”)","/shelf-talkers-dubai/","Chiller shelves with PVC shelf strips and projecting blade signs for a dairy brand","Temporary stock","Mishaal Zahed (Meschael Zahède) (Unsplash w8X2pbw4O2g)","Realistic photograph of an open supermarket chiller with printed PVC shelf strips and projecting blade signs for a fictional dairy brand, yoghurt and milk neatly stocked, cool white lighting with slight condensation on surfaces, three-quarter angle down the aisle, fictional brand name, no real logos, no Flash Print Solution branding.","p:shelf-talkers-dubai:application"
"697","assets/images/products/shelf-talkers-dubai/shelf-talkers-dubai-application-1200.webp","1200","900","4:3","Product page – product in use (gallery 3 + “Where it’s used”)","/shelf-talkers-dubai/","Chiller shelves with PVC shelf strips and projecting blade signs for a dairy brand","Temporary stock","Mishaal Zahed (Meschael Zahède) (Unsplash w8X2pbw4O2g)","Realistic photograph of an open supermarket chiller with printed PVC shelf strips and projecting blade signs for a fictional dairy brand, yoghurt and milk neatly stocked, cool white lighting with slight condensation on surfaces, three-quarter angle down the aisle, fictional brand name, no real logos, no Flash Print Solution branding.","p:shelf-talkers-dubai:application"
"698","assets/images/products/shelf-talkers-dubai/shelf-talkers-dubai-production-640.webp","640","480","4:3","Product page – production / finishing (gallery 4)","/shelf-talkers-dubai/","Trimming and cutting printed stacks on a guillotine in a print finishing area","Temporary stock (shared production photo)","Panda Paper Roll (Unsplash 5IG5XdpYih4)","Photorealistic commercial photograph of shelf talkers production: Trimming and cutting printed stacks on a guillotine in a print finishing area. Clean, well-lit Dubai print workshop, 4:3 landscape. Fictional brand names only, no real logos, no Flash Print Solution branding.","p:shelf-talkers-dubai:production"
"699","assets/images/products/shelf-talkers-dubai/shelf-talkers-dubai-production-1200.webp","1200","900","4:3","Product page – production / finishing (gallery 4)","/shelf-talkers-dubai/","Trimming and cutting printed stacks on a guillotine in a print finishing area","Temporary stock (shared production photo)","Panda Paper Roll (Unsplash 5IG5XdpYih4)","Photorealistic commercial photograph of shelf talkers production: Trimming and cutting printed stacks on a guillotine in a print finishing area. Clean, well-lit Dubai print workshop, 4:3 landscape. Fictional brand names only, no real logos, no Flash Print Solution branding.","p:shelf-talkers-dubai:production"
"700","assets/images/products/standee-printing-dubai/standee-printing-dubai-hero-640.webp","640","480","4:3","Product page – main photo (gallery 1)","/standee-printing-dubai/","Life-size cut-out standee of a chef holding a product at a store entrance","Temporary stock","Emma Ou (Unsplash mCzxsbMjG6M)","Realistic commercial photograph of a life-size contour-cut standee of a smiling chef holding a sauce bottle for a fictional food brand, standing on an easel base at a bright supermarket entrance, matte print surface, clean floor, eye-level angle, fictional brand name, no real logos, no Flash Print Solution branding.","p:standee-printing-dubai:hero"
"701","assets/images/products/standee-printing-dubai/standee-printing-dubai-hero-1200.webp","1200","900","4:3","Product page – main photo (gallery 1)","/standee-printing-dubai/","Life-size cut-out standee of a chef holding a product at a store entrance","Temporary stock","Emma Ou (Unsplash mCzxsbMjG6M)","Realistic commercial photograph of a life-size contour-cut standee of a smiling chef holding a sauce bottle for a fictional food brand, standing on an easel base at a bright supermarket entrance, matte print surface, clean floor, eye-level angle, fictional brand name, no real logos, no Flash Print Solution branding.","p:standee-printing-dubai:hero"
"702","assets/images/og/standee-printing-dubai-hero.jpg","1200","630","1.91:1","Social share preview (Facebook, WhatsApp, LinkedIn…) – JPG","/standee-printing-dubai/","Life-size cut-out standee of a chef holding a product at a store entrance","Temporary stock","Emma Ou (Unsplash mCzxsbMjG6M)","Same photo as above, cropped to 1200 × 630","p:standee-printing-dubai:hero"
"703","assets/images/products/standee-printing-dubai/standee-printing-dubai-detail-640.webp","640","480","4:3","Product page – material / finish close-up (gallery 2)","/standee-printing-dubai/","Back of a foamex standee showing the folding easel strut and cut edge","Temporary stock","Blake Carpenter (Unsplash 1dvltJbg9CM)","Realistic close-up photograph of the back of a white foamex standee showing a folding easel strut, hinge tape and the clean contour-cut edge of the board, soft workshop lighting, three-quarter angle, shallow depth of field, fictional brand name, no real logos, no Flash Print Solution branding.","p:standee-printing-dubai:detail"
"704","assets/images/products/standee-printing-dubai/standee-printing-dubai-detail-1200.webp","1200","900","4:3","Product page – material / finish close-up (gallery 2)","/standee-printing-dubai/","Back of a foamex standee showing the folding easel strut and cut edge","Temporary stock","Blake Carpenter (Unsplash 1dvltJbg9CM)","Realistic close-up photograph of the back of a white foamex standee showing a folding easel strut, hinge tape and the clean contour-cut edge of the board, soft workshop lighting, three-quarter angle, shallow depth of field, fictional brand name, no real logos, no Flash Print Solution branding.","p:standee-printing-dubai:detail"
"705","assets/images/products/standee-printing-dubai/standee-printing-dubai-application-640.webp","640","480","4:3","Product page – product in use (gallery 3 + “Where it’s used”)","/standee-printing-dubai/","Guests posing behind a face cut-out photo standee at an indoor event","Temporary stock","Tsuyoshi Kozu (Unsplash 8z6fB6-RyF8)","Realistic photograph of two guests laughing and posing behind a printed face cut-out standee at an indoor family event in a Dubai mall atrium, colourful illustrated design for a fictional theme park, warm ambient lighting, eye-level angle, fictional brand name, no real logos, no Flash Print Solution branding.","p:standee-printing-dubai:application"
"706","assets/images/products/standee-printing-dubai/standee-printing-dubai-application-1200.webp","1200","900","4:3","Product page – product in use (gallery 3 + “Where it’s used”)","/standee-printing-dubai/","Guests posing behind a face cut-out photo standee at an indoor event","Temporary stock","Tsuyoshi Kozu (Unsplash 8z6fB6-RyF8)","Realistic photograph of two guests laughing and posing behind a printed face cut-out standee at an indoor family event in a Dubai mall atrium, colourful illustrated design for a fictional theme park, warm ambient lighting, eye-level angle, fictional brand name, no real logos, no Flash Print Solution branding.","p:standee-printing-dubai:application"
"707","assets/images/products/standee-printing-dubai/standee-printing-dubai-production-640.webp","640","480","4:3","Product page – production / finishing (gallery 4)","/standee-printing-dubai/","Wide-format inkjet printer printing a large graphic onto roll media","Temporary stock (shared production photo)","Geri Sakti (Unsplash CYrYxz-uvE4)","Photorealistic commercial photograph of standee displays production: Wide-format inkjet printer printing a large graphic onto roll media. Clean, well-lit Dubai print workshop, 4:3 landscape. Fictional brand names only, no real logos, no Flash Print Solution branding.","p:standee-printing-dubai:production"
"708","assets/images/products/standee-printing-dubai/standee-printing-dubai-production-1200.webp","1200","900","4:3","Product page – production / finishing (gallery 4)","/standee-printing-dubai/","Wide-format inkjet printer printing a large graphic onto roll media","Temporary stock (shared production photo)","Geri Sakti (Unsplash CYrYxz-uvE4)","Photorealistic commercial photograph of standee displays production: Wide-format inkjet printer printing a large graphic onto roll media. Clean, well-lit Dubai print workshop, 4:3 landscape. Fictional brand names only, no real logos, no Flash Print Solution branding.","p:standee-printing-dubai:production"
"709","assets/images/products/wobbler-printing-dubai/wobbler-printing-dubai-hero-640.webp","640","480","4:3","Product page – main photo (gallery 1)","/wobbler-printing-dubai/","Round red shelf wobbler with offer text on a clear arm at a shelf edge","Temporary stock","Franki Chamaki (Unsplash ZLaxv6iiLcI)","Realistic retail photograph of a round red die-cut shelf wobbler with bold offer text for a fictional biscuit brand, mounted on a clear flexible arm at the edge of a supermarket shelf, biscuit packs neatly faced behind, even store lighting, eye-level angle, fictional brand name, no real logos, no Flash Print Solution branding.","p:wobbler-printing-dubai:hero"
"710","assets/images/products/wobbler-printing-dubai/wobbler-printing-dubai-hero-1200.webp","1200","900","4:3","Product page – main photo (gallery 1)","/wobbler-printing-dubai/","Round red shelf wobbler with offer text on a clear arm at a shelf edge","Temporary stock","Franki Chamaki (Unsplash ZLaxv6iiLcI)","Realistic retail photograph of a round red die-cut shelf wobbler with bold offer text for a fictional biscuit brand, mounted on a clear flexible arm at the edge of a supermarket shelf, biscuit packs neatly faced behind, even store lighting, eye-level angle, fictional brand name, no real logos, no Flash Print Solution branding.","p:wobbler-printing-dubai:hero"
"711","assets/images/og/wobbler-printing-dubai-hero.jpg","1200","630","1.91:1","Social share preview (Facebook, WhatsApp, LinkedIn…) – JPG","/wobbler-printing-dubai/","Round red shelf wobbler with offer text on a clear arm at a shelf edge","Temporary stock","Franki Chamaki (Unsplash ZLaxv6iiLcI)","Same photo as above, cropped to 1200 × 630","p:wobbler-printing-dubai:hero"
"712","assets/images/products/wobbler-printing-dubai/wobbler-printing-dubai-detail-640.webp","640","480","4:3","Product page – material / finish close-up (gallery 2)","/wobbler-printing-dubai/","Close-up of a wobbler's clear PVC arm and adhesive pad on the shelf edge","Temporary stock","D koi (Unsplash J7UzOW6rzyk)","Realistic macro photograph of the clear flexible PVC arm of a shelf wobbler attached to a white shelf edge with an adhesive pad, the laminated printed face slightly out of focus, soft store lighting, shallow depth of field, fictional brand name, no real logos, no Flash Print Solution branding.","p:wobbler-printing-dubai:detail"
"713","assets/images/products/wobbler-printing-dubai/wobbler-printing-dubai-detail-1200.webp","1200","900","4:3","Product page – material / finish close-up (gallery 2)","/wobbler-printing-dubai/","Close-up of a wobbler's clear PVC arm and adhesive pad on the shelf edge","Temporary stock","D koi (Unsplash J7UzOW6rzyk)","Realistic macro photograph of the clear flexible PVC arm of a shelf wobbler attached to a white shelf edge with an adhesive pad, the laminated printed face slightly out of focus, soft store lighting, shallow depth of field, fictional brand name, no real logos, no Flash Print Solution branding.","p:wobbler-printing-dubai:detail"
"714","assets/images/products/wobbler-printing-dubai/wobbler-printing-dubai-application-640.webp","640","480","4:3","Product page – product in use (gallery 3 + “Where it’s used”)","/wobbler-printing-dubai/","Several starburst wobblers along a pharmacy shelf highlighting a skincare offer","Temporary stock","National Cancer Institute (Unsplash byGTytEGjBo)","Realistic photograph of a pharmacy aisle with several yellow starburst wobblers along a shelf of skincare products promoting a fictional skincare range, clean white shelving, cool bright lighting, three-quarter angle along the aisle, shallow depth of field, fictional brand name, no real logos, no Flash Print Solution branding.","p:wobbler-printing-dubai:application"
"715","assets/images/products/wobbler-printing-dubai/wobbler-printing-dubai-application-1200.webp","1200","900","4:3","Product page – product in use (gallery 3 + “Where it’s used”)","/wobbler-printing-dubai/","Several starburst wobblers along a pharmacy shelf highlighting a skincare offer","Temporary stock","National Cancer Institute (Unsplash byGTytEGjBo)","Realistic photograph of a pharmacy aisle with several yellow starburst wobblers along a shelf of skincare products promoting a fictional skincare range, clean white shelving, cool bright lighting, three-quarter angle along the aisle, shallow depth of field, fictional brand name, no real logos, no Flash Print Solution branding.","p:wobbler-printing-dubai:application"
"716","assets/images/products/wobbler-printing-dubai/wobbler-printing-dubai-production-640.webp","640","480","4:3","Product page – production / finishing (gallery 4)","/wobbler-printing-dubai/","Digital press output","Temporary stock (shared production photo)","Srdjan Ivankovic (Unsplash Wq4lqogZKMY)","Photorealistic commercial photograph of wobblers production: Digital press output — freshly printed sheets leaving a production digital press. Clean, well-lit Dubai print workshop, 4:3 landscape. Fictional brand names only, no real logos, no Flash Print Solution branding.","p:wobbler-printing-dubai:production"
"717","assets/images/products/wobbler-printing-dubai/wobbler-printing-dubai-production-1200.webp","1200","900","4:3","Product page – production / finishing (gallery 4)","/wobbler-printing-dubai/","Digital press output","Temporary stock (shared production photo)","Srdjan Ivankovic (Unsplash Wq4lqogZKMY)","Photorealistic commercial photograph of wobblers production: Digital press output — freshly printed sheets leaving a production digital press. Clean, well-lit Dubai print workshop, 4:3 landscape. Fictional brand names only, no real logos, no Flash Print Solution branding.","p:wobbler-printing-dubai:production"
"718","assets/images/products/floor-graphics-dubai/floor-graphics-dubai-hero-640.webp","640","480","4:3","Product page – main photo (gallery 1)","/floor-graphics-dubai/","Round printed floor decal with arrow and fictional logo on polished grey tiles","Temporary stock","set.sj (Unsplash bIx67RSTbMg)","Realistic commercial photograph of a 600 mm round printed floor decal with a bold arrow and fictional logo on polished grey porcelain tiles in a Dubai retail store, matt textured laminate visible, soft overhead lighting, high angle looking down, fictional brand name, no real logos, no Flash Print Solution branding","p:floor-graphics-dubai:hero"
"719","assets/images/products/floor-graphics-dubai/floor-graphics-dubai-hero-1200.webp","1200","900","4:3","Product page – main photo (gallery 1)","/floor-graphics-dubai/","Round printed floor decal with arrow and fictional logo on polished grey tiles","Temporary stock","set.sj (Unsplash bIx67RSTbMg)","Realistic commercial photograph of a 600 mm round printed floor decal with a bold arrow and fictional logo on polished grey porcelain tiles in a Dubai retail store, matt textured laminate visible, soft overhead lighting, high angle looking down, fictional brand name, no real logos, no Flash Print Solution branding","p:floor-graphics-dubai:hero"
"720","assets/images/og/floor-graphics-dubai-hero.jpg","1200","630","1.91:1","Social share preview (Facebook, WhatsApp, LinkedIn…) – JPG","/floor-graphics-dubai/","Round printed floor decal with arrow and fictional logo on polished grey tiles","Temporary stock","set.sj (Unsplash bIx67RSTbMg)","Same photo as above, cropped to 1200 × 630","p:floor-graphics-dubai:hero"
"721","assets/images/products/floor-graphics-dubai/floor-graphics-dubai-detail-640.webp","640","480","4:3","Product page – material / finish close-up (gallery 2)","/floor-graphics-dubai/","Close-up of textured anti-slip laminate surface on a printed floor graphic","Temporary stock","Pawan Kawan (Unsplash HPnvYHHY534)","Macro photograph of the textured anti-slip laminate surface on a brightly printed floor graphic, fine sand-like grain catching raking light, edge of the decal meeting a tiled floor, shallow depth of field, fictional brand name, no real logos, no Flash Print Solution branding","p:floor-graphics-dubai:detail"
"722","assets/images/products/floor-graphics-dubai/floor-graphics-dubai-detail-1200.webp","1200","900","4:3","Product page – material / finish close-up (gallery 2)","/floor-graphics-dubai/","Close-up of textured anti-slip laminate surface on a printed floor graphic","Temporary stock","Pawan Kawan (Unsplash HPnvYHHY534)","Macro photograph of the textured anti-slip laminate surface on a brightly printed floor graphic, fine sand-like grain catching raking light, edge of the decal meeting a tiled floor, shallow depth of field, fictional brand name, no real logos, no Flash Print Solution branding","p:floor-graphics-dubai:detail"
"723","assets/images/products/floor-graphics-dubai/floor-graphics-dubai-application-640.webp","640","480","4:3","Product page – product in use (gallery 3 + “Where it’s used”)","/floor-graphics-dubai/","Supermarket aisle with a colourful promotional floor graphic in front of shelves","Temporary stock","Nik (Unsplash 5R0DpijfSTw)","Realistic photograph of a clean supermarket aisle in Dubai with a large colourful promotional floor graphic leading to an end-of-aisle display, shoppers softly blurred, bright store lighting, eye-level perspective down the aisle, fictional brand name, no real logos, no Flash Print Solution branding","p:floor-graphics-dubai:application"
"724","assets/images/products/floor-graphics-dubai/floor-graphics-dubai-application-1200.webp","1200","900","4:3","Product page – product in use (gallery 3 + “Where it’s used”)","/floor-graphics-dubai/","Supermarket aisle with a colourful promotional floor graphic in front of shelves","Temporary stock","Nik (Unsplash 5R0DpijfSTw)","Realistic photograph of a clean supermarket aisle in Dubai with a large colourful promotional floor graphic leading to an end-of-aisle display, shoppers softly blurred, bright store lighting, eye-level perspective down the aisle, fictional brand name, no real logos, no Flash Print Solution branding","p:floor-graphics-dubai:application"
"725","assets/images/products/floor-graphics-dubai/floor-graphics-dubai-production-640.webp","640","480","4:3","Product page – production / finishing (gallery 4)","/floor-graphics-dubai/","Wide-format inkjet printer printing a large graphic onto roll media","Temporary stock (shared production photo)","Geri Sakti (Unsplash CYrYxz-uvE4)","Photorealistic commercial photograph of floor graphics production: Wide-format inkjet printer printing a large graphic onto roll media. Clean, well-lit Dubai print workshop, 4:3 landscape. Fictional brand names only, no real logos, no Flash Print Solution branding.","p:floor-graphics-dubai:production"
"726","assets/images/products/floor-graphics-dubai/floor-graphics-dubai-production-1200.webp","1200","900","4:3","Product page – production / finishing (gallery 4)","/floor-graphics-dubai/","Wide-format inkjet printer printing a large graphic onto roll media","Temporary stock (shared production photo)","Geri Sakti (Unsplash CYrYxz-uvE4)","Photorealistic commercial photograph of floor graphics production: Wide-format inkjet printer printing a large graphic onto roll media. Clean, well-lit Dubai print workshop, 4:3 landscape. Fictional brand names only, no real logos, no Flash Print Solution branding.","p:floor-graphics-dubai:production"
"727","assets/images/products/frosted-glass-film-dubai/frosted-glass-film-dubai-hero-640.webp","640","480","4:3","Product page – main photo (gallery 1)","/frosted-glass-film-dubai/","Glass boardroom partition with a frosted film band and clear geometric cut-out pattern","Temporary stock","the blowup (Unsplash 9VbAaQyLvWc)","Realistic commercial photograph of a glass boardroom partition in a Dubai office with a frosted film band at eye level featuring a clear cut-out geometric pattern and fictional logo, boardroom table softly visible behind, daylight, eye-level view, fictional brand name, no real logos, no Flash Print Solution branding","p:frosted-glass-film-dubai:hero"
"728","assets/images/products/frosted-glass-film-dubai/frosted-glass-film-dubai-hero-1200.webp","1200","900","4:3","Product page – main photo (gallery 1)","/frosted-glass-film-dubai/","Glass boardroom partition with a frosted film band and clear geometric cut-out pattern","Temporary stock","the blowup (Unsplash 9VbAaQyLvWc)","Realistic commercial photograph of a glass boardroom partition in a Dubai office with a frosted film band at eye level featuring a clear cut-out geometric pattern and fictional logo, boardroom table softly visible behind, daylight, eye-level view, fictional brand name, no real logos, no Flash Print Solution branding","p:frosted-glass-film-dubai:hero"
"729","assets/images/og/frosted-glass-film-dubai-hero.jpg","1200","630","1.91:1","Social share preview (Facebook, WhatsApp, LinkedIn…) – JPG","/frosted-glass-film-dubai/","Glass boardroom partition with a frosted film band and clear geometric cut-out pattern","Temporary stock","the blowup (Unsplash 9VbAaQyLvWc)","Same photo as above, cropped to 1200 × 630","p:frosted-glass-film-dubai:hero"
"730","assets/images/products/frosted-glass-film-dubai/frosted-glass-film-dubai-detail-640.webp","640","480","4:3","Product page – material / finish close-up (gallery 2)","/frosted-glass-film-dubai/","Close-up of frosted window film edge and clear cut lettering on glass","Temporary stock","Declan Sun (Unsplash ozvM1a-1HLo)","Macro photograph of frosted window film on glass showing a crisp trimmed edge and clear cut-out lettering, soft light passing through the frost, aluminium frame blurred in the background, shallow depth of field, fictional brand name, no real logos, no Flash Print Solution branding","p:frosted-glass-film-dubai:detail"
"731","assets/images/products/frosted-glass-film-dubai/frosted-glass-film-dubai-detail-1200.webp","1200","900","4:3","Product page – material / finish close-up (gallery 2)","/frosted-glass-film-dubai/","Close-up of frosted window film edge and clear cut lettering on glass","Temporary stock","Declan Sun (Unsplash ozvM1a-1HLo)","Macro photograph of frosted window film on glass showing a crisp trimmed edge and clear cut-out lettering, soft light passing through the frost, aluminium frame blurred in the background, shallow depth of field, fictional brand name, no real logos, no Flash Print Solution branding","p:frosted-glass-film-dubai:detail"
"732","assets/images/products/frosted-glass-film-dubai/frosted-glass-film-dubai-application-640.webp","640","480","4:3","Product page – product in use (gallery 3 + “Where it’s used”)","/frosted-glass-film-dubai/","Clinic corridor with frosted glass consultation room doors and soft daylight","Temporary stock","Turquo Cabbit (Unsplash E8BU1IOE7tY)","Realistic interior photograph of a calm Dubai clinic corridor with frosted glass consultation room doors carrying clear cut room numbers, white walls, pale timber floor, soft diffused daylight, one-point perspective, fictional brand name, no real logos, no Flash Print Solution branding","p:frosted-glass-film-dubai:application"
"733","assets/images/products/frosted-glass-film-dubai/frosted-glass-film-dubai-application-1200.webp","1200","900","4:3","Product page – product in use (gallery 3 + “Where it’s used”)","/frosted-glass-film-dubai/","Clinic corridor with frosted glass consultation room doors and soft daylight","Temporary stock","Turquo Cabbit (Unsplash E8BU1IOE7tY)","Realistic interior photograph of a calm Dubai clinic corridor with frosted glass consultation room doors carrying clear cut room numbers, white walls, pale timber floor, soft diffused daylight, one-point perspective, fictional brand name, no real logos, no Flash Print Solution branding","p:frosted-glass-film-dubai:application"
"734","assets/images/products/frosted-glass-film-dubai/frosted-glass-film-dubai-production-640.webp","640","480","4:3","Product page – production / finishing (gallery 4)","/frosted-glass-film-dubai/","Vinyl cutting plotter cutting lettering/shapes from coloured vinyl, then weeding","Temporary stock (shared production photo)","AFINIS Group ® - AFINIS GASKET® Production (Unsplash XhNxW-9IROo)","Photorealistic commercial photograph of frosted glass film production: Vinyl cutting plotter cutting lettering/shapes from coloured vinyl, then weeding. Clean, well-lit Dubai print workshop, 4:3 landscape. Fictional brand names only, no real logos, no Flash Print Solution branding.","p:frosted-glass-film-dubai:production"
"735","assets/images/products/frosted-glass-film-dubai/frosted-glass-film-dubai-production-1200.webp","1200","900","4:3","Product page – production / finishing (gallery 4)","/frosted-glass-film-dubai/","Vinyl cutting plotter cutting lettering/shapes from coloured vinyl, then weeding","Temporary stock (shared production photo)","AFINIS Group ® - AFINIS GASKET® Production (Unsplash XhNxW-9IROo)","Photorealistic commercial photograph of frosted glass film production: Vinyl cutting plotter cutting lettering/shapes from coloured vinyl, then weeding. Clean, well-lit Dubai print workshop, 4:3 landscape. Fictional brand names only, no real logos, no Flash Print Solution branding.","p:frosted-glass-film-dubai:production"
"736","assets/images/products/glass-sticker-printing-dubai/glass-sticker-printing-dubai-hero-640.webp","640","480","4:3","Product page – main photo (gallery 1)","/glass-sticker-printing-dubai/","Café glass door with white opening hours decal and fictional logo sticker","Temporary stock","Erik Mclean (Unsplash oHpXAQ7SM6U)","Realistic commercial photograph of a café glass entrance door in Dubai with a white cut vinyl fictional logo, a neat opening hours decal and a small push sign, warm interior visible through the glass, late afternoon light, straight-on view, fictional brand name, no real logos, no Flash Print Solution branding","p:glass-sticker-printing-dubai:hero"
"737","assets/images/products/glass-sticker-printing-dubai/glass-sticker-printing-dubai-hero-1200.webp","1200","900","4:3","Product page – main photo (gallery 1)","/glass-sticker-printing-dubai/","Café glass door with white opening hours decal and fictional logo sticker","Temporary stock","Erik Mclean (Unsplash oHpXAQ7SM6U)","Realistic commercial photograph of a café glass entrance door in Dubai with a white cut vinyl fictional logo, a neat opening hours decal and a small push sign, warm interior visible through the glass, late afternoon light, straight-on view, fictional brand name, no real logos, no Flash Print Solution branding","p:glass-sticker-printing-dubai:hero"
"738","assets/images/og/glass-sticker-printing-dubai-hero.jpg","1200","630","1.91:1","Social share preview (Facebook, WhatsApp, LinkedIn…) – JPG","/glass-sticker-printing-dubai/","Café glass door with white opening hours decal and fictional logo sticker","Temporary stock","Erik Mclean (Unsplash oHpXAQ7SM6U)","Same photo as above, cropped to 1200 × 630","p:glass-sticker-printing-dubai:hero"
"739","assets/images/products/glass-sticker-printing-dubai/glass-sticker-printing-dubai-detail-640.webp","640","480","4:3","Product page – material / finish close-up (gallery 2)","/glass-sticker-printing-dubai/","Close-up of a clear vinyl sticker on glass showing white underprint behind colour","Temporary stock","the blowup (Unsplash WHxUrZt0I88)","Macro photograph of a clear vinyl sticker on a glass door showing bright printed colours backed by an opaque white layer, crisp contour-cut edge, reflections softly visible, shallow depth of field, fictional brand name, no real logos, no Flash Print Solution branding","p:glass-sticker-printing-dubai:detail"
"740","assets/images/products/glass-sticker-printing-dubai/glass-sticker-printing-dubai-detail-1200.webp","1200","900","4:3","Product page – material / finish close-up (gallery 2)","/glass-sticker-printing-dubai/","Close-up of a clear vinyl sticker on glass showing white underprint behind colour","Temporary stock","the blowup (Unsplash WHxUrZt0I88)","Macro photograph of a clear vinyl sticker on a glass door showing bright printed colours backed by an opaque white layer, crisp contour-cut edge, reflections softly visible, shallow depth of field, fictional brand name, no real logos, no Flash Print Solution branding","p:glass-sticker-printing-dubai:detail"
"741","assets/images/products/glass-sticker-printing-dubai/glass-sticker-printing-dubai-application-640.webp","640","480","4:3","Product page – product in use (gallery 3 + “Where it’s used”)","/glass-sticker-printing-dubai/","Shopfront glass door with push sign, payment decals and a QR code sticker","Temporary stock","Jason Mitrione (Unsplash l9ig6J4yM94)","Realistic photograph of a small retail shopfront glass door in a Dubai neighbourhood with a tidy set of decals: push sign, payment method stickers, QR code and opening hours, clean glass, daylight, eye-level three-quarter view, fictional brand name, no real logos, no Flash Print Solution branding","p:glass-sticker-printing-dubai:application"
"742","assets/images/products/glass-sticker-printing-dubai/glass-sticker-printing-dubai-application-1200.webp","1200","900","4:3","Product page – product in use (gallery 3 + “Where it’s used”)","/glass-sticker-printing-dubai/","Shopfront glass door with push sign, payment decals and a QR code sticker","Temporary stock","Jason Mitrione (Unsplash l9ig6J4yM94)","Realistic photograph of a small retail shopfront glass door in a Dubai neighbourhood with a tidy set of decals: push sign, payment method stickers, QR code and opening hours, clean glass, daylight, eye-level three-quarter view, fictional brand name, no real logos, no Flash Print Solution branding","p:glass-sticker-printing-dubai:application"
"743","assets/images/products/glass-sticker-printing-dubai/glass-sticker-printing-dubai-production-640.webp","640","480","4:3","Product page – production / finishing (gallery 4)","/glass-sticker-printing-dubai/","Installer applying printed vinyl film to glass or wall with a squeegee","Temporary stock (shared production photo)","Steve A Johnson (Unsplash NqpWSWv0oAs)","Photorealistic commercial photograph of glass stickers production: Installer applying printed vinyl film to glass or wall with a squeegee. Clean, well-lit Dubai print workshop, 4:3 landscape. Fictional brand names only, no real logos, no Flash Print Solution branding.","p:glass-sticker-printing-dubai:production"
"744","assets/images/products/glass-sticker-printing-dubai/glass-sticker-printing-dubai-production-1200.webp","1200","900","4:3","Product page – production / finishing (gallery 4)","/glass-sticker-printing-dubai/","Installer applying printed vinyl film to glass or wall with a squeegee","Temporary stock (shared production photo)","Steve A Johnson (Unsplash NqpWSWv0oAs)","Photorealistic commercial photograph of glass stickers production: Installer applying printed vinyl film to glass or wall with a squeegee. Clean, well-lit Dubai print workshop, 4:3 landscape. Fictional brand names only, no real logos, no Flash Print Solution branding.","p:glass-sticker-printing-dubai:production"
"745","assets/images/products/wall-mural-printing-dubai/wall-mural-printing-dubai-hero-640.webp","640","480","4:3","Product page – main photo (gallery 1)","/wall-mural-printing-dubai/","Meeting room with a full-wall black and white city skyline mural behind a table","Temporary stock","The Yardcoworking (Unsplash zbkBJNSQw0U)","Realistic commercial photograph of a Dubai office meeting room with a full-wall black and white city skyline mural printed on matt wall vinyl behind a long timber table and chairs, soft daylight from the side, wide straight-on view, fictional brand name, no real logos, no Flash Print Solution branding","p:wall-mural-printing-dubai:hero"
"746","assets/images/products/wall-mural-printing-dubai/wall-mural-printing-dubai-hero-1200.webp","1200","900","4:3","Product page – main photo (gallery 1)","/wall-mural-printing-dubai/","Meeting room with a full-wall black and white city skyline mural behind a table","Temporary stock","The Yardcoworking (Unsplash zbkBJNSQw0U)","Realistic commercial photograph of a Dubai office meeting room with a full-wall black and white city skyline mural printed on matt wall vinyl behind a long timber table and chairs, soft daylight from the side, wide straight-on view, fictional brand name, no real logos, no Flash Print Solution branding","p:wall-mural-printing-dubai:hero"
"747","assets/images/og/wall-mural-printing-dubai-hero.jpg","1200","630","1.91:1","Social share preview (Facebook, WhatsApp, LinkedIn…) – JPG","/wall-mural-printing-dubai/","Meeting room with a full-wall black and white city skyline mural behind a table","Temporary stock","The Yardcoworking (Unsplash zbkBJNSQw0U)","Same photo as above, cropped to 1200 × 630","p:wall-mural-printing-dubai:hero"
"748","assets/images/products/wall-mural-printing-dubai/wall-mural-printing-dubai-detail-640.webp","640","480","4:3","Product page – material / finish close-up (gallery 2)","/wall-mural-printing-dubai/","Close-up of a textured matt wall mural surface showing a neat panel join","Temporary stock","Tim Mossholder (Unsplash cY7FReGjSgQ)","Macro photograph of a printed wall mural on sand-textured matt media showing a barely visible vertical panel join through a colourful landscape image, raking side light revealing the texture, shallow depth of field, fictional brand name, no real logos, no Flash Print Solution branding","p:wall-mural-printing-dubai:detail"
"749","assets/images/products/wall-mural-printing-dubai/wall-mural-printing-dubai-detail-1200.webp","1200","900","4:3","Product page – material / finish close-up (gallery 2)","/wall-mural-printing-dubai/","Close-up of a textured matt wall mural surface showing a neat panel join","Temporary stock","Tim Mossholder (Unsplash cY7FReGjSgQ)","Macro photograph of a printed wall mural on sand-textured matt media showing a barely visible vertical panel join through a colourful landscape image, raking side light revealing the texture, shallow depth of field, fictional brand name, no real logos, no Flash Print Solution branding","p:wall-mural-printing-dubai:detail"
"750","assets/images/products/wall-mural-printing-dubai/wall-mural-printing-dubai-application-640.webp","640","480","4:3","Product page – product in use (gallery 3 + “Where it’s used”)","/wall-mural-printing-dubai/","Nursery classroom with a colourful illustrated jungle mural across one wall","Temporary stock","Franco Debartolo (Unsplash ooldIM8S1eo)","Realistic interior photograph of a bright Dubai nursery classroom with a colourful illustrated jungle mural covering one wall, low tables and small chairs in front, cheerful soft daylight, wide eye-level view, fictional brand name, no real logos, no Flash Print Solution branding","p:wall-mural-printing-dubai:application"
"751","assets/images/products/wall-mural-printing-dubai/wall-mural-printing-dubai-application-1200.webp","1200","900","4:3","Product page – product in use (gallery 3 + “Where it’s used”)","/wall-mural-printing-dubai/","Nursery classroom with a colourful illustrated jungle mural across one wall","Temporary stock","Franco Debartolo (Unsplash ooldIM8S1eo)","Realistic interior photograph of a bright Dubai nursery classroom with a colourful illustrated jungle mural covering one wall, low tables and small chairs in front, cheerful soft daylight, wide eye-level view, fictional brand name, no real logos, no Flash Print Solution branding","p:wall-mural-printing-dubai:application"
"752","assets/images/products/wall-mural-printing-dubai/wall-mural-printing-dubai-production-640.webp","640","480","4:3","Product page – production / finishing (gallery 4)","/wall-mural-printing-dubai/","Wide-format inkjet printer printing a large graphic onto roll media","Temporary stock (shared production photo)","Geri Sakti (Unsplash CYrYxz-uvE4)","Photorealistic commercial photograph of wall murals production: Wide-format inkjet printer printing a large graphic onto roll media. Clean, well-lit Dubai print workshop, 4:3 landscape. Fictional brand names only, no real logos, no Flash Print Solution branding.","p:wall-mural-printing-dubai:production"
"753","assets/images/products/wall-mural-printing-dubai/wall-mural-printing-dubai-production-1200.webp","1200","900","4:3","Product page – production / finishing (gallery 4)","/wall-mural-printing-dubai/","Wide-format inkjet printer printing a large graphic onto roll media","Temporary stock (shared production photo)","Geri Sakti (Unsplash CYrYxz-uvE4)","Photorealistic commercial photograph of wall murals production: Wide-format inkjet printer printing a large graphic onto roll media. Clean, well-lit Dubai print workshop, 4:3 landscape. Fictional brand names only, no real logos, no Flash Print Solution branding.","p:wall-mural-printing-dubai:production"
"754","assets/images/products/wayfinding-signage-dubai/wayfinding-signage-dubai-hero-640.webp","640","480","4:3","Product page – main photo (gallery 1)","/wayfinding-signage-dubai/","Bright hospital corridor with coloured floor lines and directional wall signs","Temporary stock","Eriel Ezequiel Reyes Saviñon (Unsplash sAe3-PWwjAc)","Realistic commercial photograph of a bright, modern hospital corridor in Dubai with coloured anti-slip floor lines leading to departments and matching directional wall signs with arrows and pictograms, clean white walls, even lighting, one-point perspective, fictional brand name, no real logos, no Flash Print Solution branding","p:wayfinding-signage-dubai:hero"
"755","assets/images/products/wayfinding-signage-dubai/wayfinding-signage-dubai-hero-1200.webp","1200","900","4:3","Product page – main photo (gallery 1)","/wayfinding-signage-dubai/","Bright hospital corridor with coloured floor lines and directional wall signs","Temporary stock","Eriel Ezequiel Reyes Saviñon (Unsplash sAe3-PWwjAc)","Realistic commercial photograph of a bright, modern hospital corridor in Dubai with coloured anti-slip floor lines leading to departments and matching directional wall signs with arrows and pictograms, clean white walls, even lighting, one-point perspective, fictional brand name, no real logos, no Flash Print Solution branding","p:wayfinding-signage-dubai:hero"
"756","assets/images/og/wayfinding-signage-dubai-hero.jpg","1200","630","1.91:1","Social share preview (Facebook, WhatsApp, LinkedIn…) – JPG","/wayfinding-signage-dubai/","Bright hospital corridor with coloured floor lines and directional wall signs","Temporary stock","Eriel Ezequiel Reyes Saviñon (Unsplash sAe3-PWwjAc)","Same photo as above, cropped to 1200 × 630","p:wayfinding-signage-dubai:hero"
"757","assets/images/products/wayfinding-signage-dubai/wayfinding-signage-dubai-detail-640.webp","640","480","4:3","Product page – material / finish close-up (gallery 2)","/wayfinding-signage-dubai/","Close-up of an aluminium directional sign with arrows and pictograms","Temporary stock","Robert Ruggiero (Unsplash X2bcQMMhaow)","Close-up product photograph of a flat aluminium composite directional sign with white arrows, lift and washroom pictograms and department names on a navy background, mounted on a light grey wall, soft even light, fictional brand name, no real logos, no Flash Print Solution branding","p:wayfinding-signage-dubai:detail"
"758","assets/images/products/wayfinding-signage-dubai/wayfinding-signage-dubai-detail-1200.webp","1200","900","4:3","Product page – material / finish close-up (gallery 2)","/wayfinding-signage-dubai/","Close-up of an aluminium directional sign with arrows and pictograms","Temporary stock","Robert Ruggiero (Unsplash X2bcQMMhaow)","Close-up product photograph of a flat aluminium composite directional sign with white arrows, lift and washroom pictograms and department names on a navy background, mounted on a light grey wall, soft even light, fictional brand name, no real logos, no Flash Print Solution branding","p:wayfinding-signage-dubai:detail"
"759","assets/images/products/wayfinding-signage-dubai/wayfinding-signage-dubai-application-640.webp","640","480","4:3","Product page – product in use (gallery 3 + “Where it’s used”)","/wayfinding-signage-dubai/","Car park column with a large level number and bright zone colour band","Temporary stock","Alex Oviedo (Unsplash n4k8q7mUTPI)","Realistic photograph of a clean underground car park in Dubai with concrete columns wrapped in bright yellow vinyl bands showing large level numbers and zone letters, painted floor arrows, cool fluorescent lighting, low wide angle, fictional brand name, no real logos, no Flash Print Solution branding","p:wayfinding-signage-dubai:application"
"760","assets/images/products/wayfinding-signage-dubai/wayfinding-signage-dubai-application-1200.webp","1200","900","4:3","Product page – product in use (gallery 3 + “Where it’s used”)","/wayfinding-signage-dubai/","Car park column with a large level number and bright zone colour band","Temporary stock","Alex Oviedo (Unsplash n4k8q7mUTPI)","Realistic photograph of a clean underground car park in Dubai with concrete columns wrapped in bright yellow vinyl bands showing large level numbers and zone letters, painted floor arrows, cool fluorescent lighting, low wide angle, fictional brand name, no real logos, no Flash Print Solution branding","p:wayfinding-signage-dubai:application"
"761","assets/images/products/wayfinding-signage-dubai/wayfinding-signage-dubai-production-640.webp","640","480","4:3","Product page – production / finishing (gallery 4)","/wayfinding-signage-dubai/","Vinyl cutting plotter cutting lettering/shapes from coloured vinyl, then weeding","Temporary stock (shared production photo)","AFINIS Group ® - AFINIS GASKET® Production (Unsplash XhNxW-9IROo)","Photorealistic commercial photograph of wayfinding graphics production: Vinyl cutting plotter cutting lettering/shapes from coloured vinyl, then weeding. Clean, well-lit Dubai print workshop, 4:3 landscape. Fictional brand names only, no real logos, no Flash Print Solution branding.","p:wayfinding-signage-dubai:production"
"762","assets/images/products/wayfinding-signage-dubai/wayfinding-signage-dubai-production-1200.webp","1200","900","4:3","Product page – production / finishing (gallery 4)","/wayfinding-signage-dubai/","Vinyl cutting plotter cutting lettering/shapes from coloured vinyl, then weeding","Temporary stock (shared production photo)","AFINIS Group ® - AFINIS GASKET® Production (Unsplash XhNxW-9IROo)","Photorealistic commercial photograph of wayfinding graphics production: Vinyl cutting plotter cutting lettering/shapes from coloured vinyl, then weeding. Clean, well-lit Dubai print workshop, 4:3 landscape. Fictional brand names only, no real logos, no Flash Print Solution branding.","p:wayfinding-signage-dubai:production"
"763","assets/images/products/construction-site-signage-dubai/construction-site-signage-dubai-hero-640.webp","640","480","4:3","Product page – main photo (gallery 1)","/construction-site-signage-dubai/","Blue directional sign with arrows for deliveries and site office at a construction gate","Temporary stock","Sandy Millar (Unsplash yvpexJFLTSU)","Realistic commercial photograph of a blue and white directional sign on a steel post at a construction site gate, arrows pointing to deliveries and the site office in English and Arabic, mesh fencing and a tower crane behind, bright Dubai daylight, eye-level three-quarter angle, fictional brand name, no real logos, no Flash Print Solution branding.","p:construction-site-signage-dubai:hero"
"764","assets/images/products/construction-site-signage-dubai/construction-site-signage-dubai-hero-1200.webp","1200","900","4:3","Product page – main photo (gallery 1)","/construction-site-signage-dubai/","Blue directional sign with arrows for deliveries and site office at a construction gate","Temporary stock","Sandy Millar (Unsplash yvpexJFLTSU)","Realistic commercial photograph of a blue and white directional sign on a steel post at a construction site gate, arrows pointing to deliveries and the site office in English and Arabic, mesh fencing and a tower crane behind, bright Dubai daylight, eye-level three-quarter angle, fictional brand name, no real logos, no Flash Print Solution branding.","p:construction-site-signage-dubai:hero"
"765","assets/images/og/construction-site-signage-dubai-hero.jpg","1200","630","1.91:1","Social share preview (Facebook, WhatsApp, LinkedIn…) – JPG","/construction-site-signage-dubai/","Blue directional sign with arrows for deliveries and site office at a construction gate","Temporary stock","Sandy Millar (Unsplash yvpexJFLTSU)","Same photo as above, cropped to 1200 × 630","p:construction-site-signage-dubai:hero"
"766","assets/images/products/construction-site-signage-dubai/construction-site-signage-dubai-detail-640.webp","640","480","4:3","Product page – material / finish close-up (gallery 2)","/construction-site-signage-dubai/","Close-up of a corrugated plastic site sign cable-tied to temporary mesh fencing","Temporary stock","Edwin Hooper (Unsplash TJ9rBJAAguQ)","Realistic close-up photograph of a white corrugated polypropylene sign with a bold printed arrow, attached to galvanised temporary mesh fencing with black cable ties through reinforced holes, visible fluted edge, dusty site background out of focus, harsh midday sun, fictional brand name, no real logos, no Flash Print Solution branding.","p:construction-site-signage-dubai:detail"
"767","assets/images/products/construction-site-signage-dubai/construction-site-signage-dubai-detail-1200.webp","1200","900","4:3","Product page – material / finish close-up (gallery 2)","/construction-site-signage-dubai/","Close-up of a corrugated plastic site sign cable-tied to temporary mesh fencing","Temporary stock","Edwin Hooper (Unsplash TJ9rBJAAguQ)","Realistic close-up photograph of a white corrugated polypropylene sign with a bold printed arrow, attached to galvanised temporary mesh fencing with black cable ties through reinforced holes, visible fluted edge, dusty site background out of focus, harsh midday sun, fictional brand name, no real logos, no Flash Print Solution branding.","p:construction-site-signage-dubai:detail"
"768","assets/images/products/construction-site-signage-dubai/construction-site-signage-dubai-application-640.webp","640","480","4:3","Product page – product in use (gallery 3 + “Where it’s used”)","/construction-site-signage-dubai/","Delivery truck passing a post-mounted one-way sign on a dusty site road","Temporary stock","Troy Mortier (Unsplash tq3ay5TKqzE)","Realistic commercial photograph of a delivery truck driving along a dusty internal construction site road past a post-mounted one-way sign and a speed limit sign, concrete structure and scaffolding in the background, warm late-afternoon light, wide eye-level angle, fictional brand name, no real logos, no Flash Print Solution branding.","p:construction-site-signage-dubai:application"
"769","assets/images/products/construction-site-signage-dubai/construction-site-signage-dubai-application-1200.webp","1200","900","4:3","Product page – product in use (gallery 3 + “Where it’s used”)","/construction-site-signage-dubai/","Delivery truck passing a post-mounted one-way sign on a dusty site road","Temporary stock","Troy Mortier (Unsplash tq3ay5TKqzE)","Realistic commercial photograph of a delivery truck driving along a dusty internal construction site road past a post-mounted one-way sign and a speed limit sign, concrete structure and scaffolding in the background, warm late-afternoon light, wide eye-level angle, fictional brand name, no real logos, no Flash Print Solution branding.","p:construction-site-signage-dubai:application"
"770","assets/images/products/construction-site-signage-dubai/construction-site-signage-dubai-production-640.webp","640","480","4:3","Product page – production / finishing (gallery 4)","/construction-site-signage-dubai/","Installation team fixing a sign board on a building facade using ladders/lift","Temporary stock (shared production photo)","Miikka Luotio (Unsplash 5_IDEJpj4Ag)","Photorealistic commercial photograph of directional site signage production: Installation team fixing a sign board on a building facade using ladders/lift. Clean, well-lit Dubai print workshop, 4:3 landscape. Fictional brand names only, no real logos, no Flash Print Solution branding.","p:construction-site-signage-dubai:production"
"771","assets/images/products/construction-site-signage-dubai/construction-site-signage-dubai-production-1200.webp","1200","900","4:3","Product page – production / finishing (gallery 4)","/construction-site-signage-dubai/","Installation team fixing a sign board on a building facade using ladders/lift","Temporary stock (shared production photo)","Miikka Luotio (Unsplash 5_IDEJpj4Ag)","Photorealistic commercial photograph of directional site signage production: Installation team fixing a sign board on a building facade using ladders/lift. Clean, well-lit Dubai print workshop, 4:3 landscape. Fictional brand names only, no real logos, no Flash Print Solution branding.","p:construction-site-signage-dubai:production"
"772","assets/images/products/hoarding-graphics-dubai/hoarding-graphics-dubai-hero-640.webp","640","480","4:3","Product page – main photo (gallery 1)","/hoarding-graphics-dubai/","Printed construction hoarding showing a residential tower render along a city pavement","Temporary stock","Benjamin Taman (Unsplash iOyAhbeExHc)","Realistic commercial photograph of a long printed construction hoarding beside a clean city pavement, graphics showing a residential tower render and development name for a fictional project, palm trees and a crane behind, bright Dubai morning light, wide street-level perspective, fictional brand name, no real logos, no Flash Print Solution branding.","p:hoarding-graphics-dubai:hero"
"773","assets/images/products/hoarding-graphics-dubai/hoarding-graphics-dubai-hero-1200.webp","1200","900","4:3","Product page – main photo (gallery 1)","/hoarding-graphics-dubai/","Printed construction hoarding showing a residential tower render along a city pavement","Temporary stock","Benjamin Taman (Unsplash iOyAhbeExHc)","Realistic commercial photograph of a long printed construction hoarding beside a clean city pavement, graphics showing a residential tower render and development name for a fictional project, palm trees and a crane behind, bright Dubai morning light, wide street-level perspective, fictional brand name, no real logos, no Flash Print Solution branding.","p:hoarding-graphics-dubai:hero"
"774","assets/images/og/hoarding-graphics-dubai-hero.jpg","1200","630","1.91:1","Social share preview (Facebook, WhatsApp, LinkedIn…) – JPG","/hoarding-graphics-dubai/","Printed construction hoarding showing a residential tower render along a city pavement","Temporary stock","Benjamin Taman (Unsplash iOyAhbeExHc)","Same photo as above, cropped to 1200 × 630","p:hoarding-graphics-dubai:hero"
"775","assets/images/products/hoarding-graphics-dubai/hoarding-graphics-dubai-detail-640.webp","640","480","4:3","Product page – material / finish close-up (gallery 2)","/hoarding-graphics-dubai/","Close-up of eyeleted mesh banner tensioned onto a metal hoarding frame with cable ties","Temporary stock","Chris Weiher (Unsplash qWqnXpag69I)","Realistic close-up photograph of the edge of a printed PVC mesh banner with welded hem and metal eyelets, tensioned to a steel hoarding frame with black cable ties, sunlight passing through the mesh perforations, shallow depth of field, fictional brand name, no real logos, no Flash Print Solution branding.","p:hoarding-graphics-dubai:detail"
"776","assets/images/products/hoarding-graphics-dubai/hoarding-graphics-dubai-detail-1200.webp","1200","900","4:3","Product page – material / finish close-up (gallery 2)","/hoarding-graphics-dubai/","Close-up of eyeleted mesh banner tensioned onto a metal hoarding frame with cable ties","Temporary stock","Chris Weiher (Unsplash qWqnXpag69I)","Realistic close-up photograph of the edge of a printed PVC mesh banner with welded hem and metal eyelets, tensioned to a steel hoarding frame with black cable ties, sunlight passing through the mesh perforations, shallow depth of field, fictional brand name, no real logos, no Flash Print Solution branding.","p:hoarding-graphics-dubai:detail"
"777","assets/images/products/hoarding-graphics-dubai/hoarding-graphics-dubai-application-640.webp","640","480","4:3","Product page – product in use (gallery 3 + “Where it’s used”)","/hoarding-graphics-dubai/","Installer smoothing printed vinyl onto a white mall fit-out barricade with a squeegee","Temporary stock","Bermix Studio (Unsplash bAGo7O4prtY)","Realistic commercial photograph of an installer in a uniform smoothing a printed vinyl graphic onto a white fit-out barricade inside a bright shopping mall, coming soon artwork for a fictional store, squeegee in hand, polished floor, soft ambient mall lighting, three-quarter angle, fictional brand name, no real logos, no Flash Print Solution branding.","p:hoarding-graphics-dubai:application"
"778","assets/images/products/hoarding-graphics-dubai/hoarding-graphics-dubai-application-1200.webp","1200","900","4:3","Product page – product in use (gallery 3 + “Where it’s used”)","/hoarding-graphics-dubai/","Installer smoothing printed vinyl onto a white mall fit-out barricade with a squeegee","Temporary stock","Bermix Studio (Unsplash bAGo7O4prtY)","Realistic commercial photograph of an installer in a uniform smoothing a printed vinyl graphic onto a white fit-out barricade inside a bright shopping mall, coming soon artwork for a fictional store, squeegee in hand, polished floor, soft ambient mall lighting, three-quarter angle, fictional brand name, no real logos, no Flash Print Solution branding.","p:hoarding-graphics-dubai:application"
"779","assets/images/products/hoarding-graphics-dubai/hoarding-graphics-dubai-production-640.webp","640","480","4:3","Product page – production / finishing (gallery 4)","/hoarding-graphics-dubai/","Wide-format inkjet printer printing a large graphic onto roll media","Temporary stock (shared production photo)","Geri Sakti (Unsplash CYrYxz-uvE4)","Photorealistic commercial photograph of hoarding graphics production: Wide-format inkjet printer printing a large graphic onto roll media. Clean, well-lit Dubai print workshop, 4:3 landscape. Fictional brand names only, no real logos, no Flash Print Solution branding.","p:hoarding-graphics-dubai:production"
"780","assets/images/products/hoarding-graphics-dubai/hoarding-graphics-dubai-production-1200.webp","1200","900","4:3","Product page – production / finishing (gallery 4)","/hoarding-graphics-dubai/","Wide-format inkjet printer printing a large graphic onto roll media","Temporary stock (shared production photo)","Geri Sakti (Unsplash CYrYxz-uvE4)","Photorealistic commercial photograph of hoarding graphics production: Wide-format inkjet printer printing a large graphic onto roll media. Clean, well-lit Dubai print workshop, 4:3 landscape. Fictional brand names only, no real logos, no Flash Print Solution branding.","p:hoarding-graphics-dubai:production"
"781","assets/images/products/project-sign-boards-dubai/project-sign-boards-dubai-hero-640.webp","640","480","4:3","Product page – main photo (gallery 1)","/project-sign-boards-dubai/","Large project sign board on a steel frame listing developer and contractor logos","Temporary stock","Robin Jonathan Deutsch (Unsplash KgE6Zd5LClc)","Realistic commercial photograph of a large white project identification board on a grey steel frame at a construction site entrance, showing a fictional project name, render and a row of fictional company logos, sandy ground and blue sky, bright daylight, straight-on eye-level view, fictional brand name, no real logos, no Flash Print Solution branding.","p:project-sign-boards-dubai:hero"
"782","assets/images/products/project-sign-boards-dubai/project-sign-boards-dubai-hero-1200.webp","1200","900","4:3","Product page – main photo (gallery 1)","/project-sign-boards-dubai/","Large project sign board on a steel frame listing developer and contractor logos","Temporary stock","Robin Jonathan Deutsch (Unsplash KgE6Zd5LClc)","Realistic commercial photograph of a large white project identification board on a grey steel frame at a construction site entrance, showing a fictional project name, render and a row of fictional company logos, sandy ground and blue sky, bright daylight, straight-on eye-level view, fictional brand name, no real logos, no Flash Print Solution branding.","p:project-sign-boards-dubai:hero"
"783","assets/images/og/project-sign-boards-dubai-hero.jpg","1200","630","1.91:1","Social share preview (Facebook, WhatsApp, LinkedIn…) – JPG","/project-sign-boards-dubai/","Large project sign board on a steel frame listing developer and contractor logos","Temporary stock","Robin Jonathan Deutsch (Unsplash KgE6Zd5LClc)","Same photo as above, cropped to 1200 × 630","p:project-sign-boards-dubai:hero"
"784","assets/images/products/project-sign-boards-dubai/project-sign-boards-dubai-detail-640.webp","640","480","4:3","Product page – material / finish close-up (gallery 2)","/project-sign-boards-dubai/","Close-up of a printed ACP board face bolted to a painted steel frame","Temporary stock","Kate Trysh (Unsplash Dnkr_lmdKi8)","Realistic close-up photograph of the corner of a printed ACP sign face fixed with stainless bolts to a painted grey steel box-section frame, clean cut panel edge and laminate sheen visible, bright outdoor light, shallow depth of field, fictional brand name, no real logos, no Flash Print Solution branding.","p:project-sign-boards-dubai:detail"
"785","assets/images/products/project-sign-boards-dubai/project-sign-boards-dubai-detail-1200.webp","1200","900","4:3","Product page – material / finish close-up (gallery 2)","/project-sign-boards-dubai/","Close-up of a printed ACP board face bolted to a painted steel frame","Temporary stock","Kate Trysh (Unsplash Dnkr_lmdKi8)","Realistic close-up photograph of the corner of a printed ACP sign face fixed with stainless bolts to a painted grey steel box-section frame, clean cut panel edge and laminate sheen visible, bright outdoor light, shallow depth of field, fictional brand name, no real logos, no Flash Print Solution branding.","p:project-sign-boards-dubai:detail"
"786","assets/images/products/project-sign-boards-dubai/project-sign-boards-dubai-application-640.webp","640","480","4:3","Product page – product in use (gallery 3 + “Where it’s used”)","/project-sign-boards-dubai/","Installers securing a project identification board beside a construction site gate","Temporary stock","Mika Baumeister (Unsplash 74tW4FXP4Hw)","Realistic commercial photograph of two installers in helmets and hi-vis vests bolting a large project sign board onto its steel legs beside a construction site gate in Dubai, ladder and tools nearby, warm morning sun, three-quarter wide angle, fictional brand name, no real logos, no Flash Print Solution branding.","p:project-sign-boards-dubai:application"
"787","assets/images/products/project-sign-boards-dubai/project-sign-boards-dubai-application-1200.webp","1200","900","4:3","Product page – product in use (gallery 3 + “Where it’s used”)","/project-sign-boards-dubai/","Installers securing a project identification board beside a construction site gate","Temporary stock","Mika Baumeister (Unsplash 74tW4FXP4Hw)","Realistic commercial photograph of two installers in helmets and hi-vis vests bolting a large project sign board onto its steel legs beside a construction site gate in Dubai, ladder and tools nearby, warm morning sun, three-quarter wide angle, fictional brand name, no real logos, no Flash Print Solution branding.","p:project-sign-boards-dubai:application"
"788","assets/images/products/project-sign-boards-dubai/project-sign-boards-dubai-production-640.webp","640","480","4:3","Product page – production / finishing (gallery 4)","/project-sign-boards-dubai/","Workshop fabrication of signage","Temporary stock (shared production photo)","Syd Mills (Unsplash kLeczQMR55Y)","Photorealistic commercial photograph of project sign boards production: Workshop fabrication of signage — acrylic, aluminium composite panels and letters. Clean, well-lit Dubai print workshop, 4:3 landscape. Fictional brand names only, no real logos, no Flash Print Solution branding.","p:project-sign-boards-dubai:production"
"789","assets/images/products/project-sign-boards-dubai/project-sign-boards-dubai-production-1200.webp","1200","900","4:3","Product page – production / finishing (gallery 4)","/project-sign-boards-dubai/","Workshop fabrication of signage","Temporary stock (shared production photo)","Syd Mills (Unsplash kLeczQMR55Y)","Photorealistic commercial photograph of project sign boards production: Workshop fabrication of signage — acrylic, aluminium composite panels and letters. Clean, well-lit Dubai print workshop, 4:3 landscape. Fictional brand names only, no real logos, no Flash Print Solution branding.","p:project-sign-boards-dubai:production"
"790","assets/images/products/construction-safety-boards-dubai/construction-safety-boards-dubai-hero-640.webp","640","480","4:3","Product page – main photo (gallery 1)","/construction-safety-boards-dubai/","Site entrance safety board with a grid of blue PPE pictograms and numbered site rules","Temporary stock","Kelly Sikkema (Unsplash UKM5SNcY84o)","Realistic commercial photograph of a large site entrance safety board on white ACP showing a grid of blue PPE pictograms, numbered site rules and emergency contacts in English and Arabic, mounted on a construction hoarding beside a turnstile, bright Dubai daylight, straight-on eye-level view, fictional brand name, no real logos, no Flash Print Solution branding.","p:construction-safety-boards-dubai:hero"
"791","assets/images/products/construction-safety-boards-dubai/construction-safety-boards-dubai-hero-1200.webp","1200","900","4:3","Product page – main photo (gallery 1)","/construction-safety-boards-dubai/","Site entrance safety board with a grid of blue PPE pictograms and numbered site rules","Temporary stock","Kelly Sikkema (Unsplash UKM5SNcY84o)","Realistic commercial photograph of a large site entrance safety board on white ACP showing a grid of blue PPE pictograms, numbered site rules and emergency contacts in English and Arabic, mounted on a construction hoarding beside a turnstile, bright Dubai daylight, straight-on eye-level view, fictional brand name, no real logos, no Flash Print Solution branding.","p:construction-safety-boards-dubai:hero"
"792","assets/images/og/construction-safety-boards-dubai-hero.jpg","1200","630","1.91:1","Social share preview (Facebook, WhatsApp, LinkedIn…) – JPG","/construction-safety-boards-dubai/","Site entrance safety board with a grid of blue PPE pictograms and numbered site rules","Temporary stock","Kelly Sikkema (Unsplash UKM5SNcY84o)","Same photo as above, cropped to 1200 × 630","p:construction-safety-boards-dubai:hero"
"793","assets/images/products/construction-safety-boards-dubai/construction-safety-boards-dubai-detail-640.webp","640","480","4:3","Product page – material / finish close-up (gallery 2)","/construction-safety-boards-dubai/","Close-up of slot-in number cards on an incident-free days safety board","Temporary stock","Tyler Mower (Unsplash _MiAPE1oqBk)","Realistic close-up photograph of the counter section of a construction safety board, printed number cards slotted into clear pockets showing a days-without-incident total, matte laminated surface and green and white design, soft outdoor light, shallow depth of field, fictional brand name, no real logos, no Flash Print Solution branding.","p:construction-safety-boards-dubai:detail"
"794","assets/images/products/construction-safety-boards-dubai/construction-safety-boards-dubai-detail-1200.webp","1200","900","4:3","Product page – material / finish close-up (gallery 2)","/construction-safety-boards-dubai/","Close-up of slot-in number cards on an incident-free days safety board","Temporary stock","Tyler Mower (Unsplash _MiAPE1oqBk)","Realistic close-up photograph of the counter section of a construction safety board, printed number cards slotted into clear pockets showing a days-without-incident total, matte laminated surface and green and white design, soft outdoor light, shallow depth of field, fictional brand name, no real logos, no Flash Print Solution branding.","p:construction-safety-boards-dubai:detail"
"795","assets/images/products/construction-safety-boards-dubai/construction-safety-boards-dubai-application-640.webp","640","480","4:3","Product page – product in use (gallery 3 + “Where it’s used”)","/construction-safety-boards-dubai/","Workers in helmets and hi-vis vests walking past a safety board at a site gate","Temporary stock","Mufid Majnun (Unsplash 7TR0TGS7zqg)","Realistic commercial photograph of construction workers in white helmets and orange hi-vis vests walking through a site gate past a mounted PPE and site rules board, security cabin to one side, early morning golden light, candid eye-level angle, fictional brand name, no real logos, no Flash Print Solution branding.","p:construction-safety-boards-dubai:application"
"796","assets/images/products/construction-safety-boards-dubai/construction-safety-boards-dubai-application-1200.webp","1200","900","4:3","Product page – product in use (gallery 3 + “Where it’s used”)","/construction-safety-boards-dubai/","Workers in helmets and hi-vis vests walking past a safety board at a site gate","Temporary stock","Mufid Majnun (Unsplash 7TR0TGS7zqg)","Realistic commercial photograph of construction workers in white helmets and orange hi-vis vests walking through a site gate past a mounted PPE and site rules board, security cabin to one side, early morning golden light, candid eye-level angle, fictional brand name, no real logos, no Flash Print Solution branding.","p:construction-safety-boards-dubai:application"
"797","assets/images/products/construction-safety-boards-dubai/construction-safety-boards-dubai-production-640.webp","640","480","4:3","Product page – production / finishing (gallery 4)","/construction-safety-boards-dubai/","Wide-format inkjet printer printing a large graphic onto roll media","Temporary stock (shared production photo)","Geri Sakti (Unsplash CYrYxz-uvE4)","Photorealistic commercial photograph of safety boards production: Wide-format inkjet printer printing a large graphic onto roll media. Clean, well-lit Dubai print workshop, 4:3 landscape. Fictional brand names only, no real logos, no Flash Print Solution branding.","p:construction-safety-boards-dubai:production"
"798","assets/images/products/construction-safety-boards-dubai/construction-safety-boards-dubai-production-1200.webp","1200","900","4:3","Product page – production / finishing (gallery 4)","/construction-safety-boards-dubai/","Wide-format inkjet printer printing a large graphic onto roll media","Temporary stock (shared production photo)","Geri Sakti (Unsplash CYrYxz-uvE4)","Photorealistic commercial photograph of safety boards production: Wide-format inkjet printer printing a large graphic onto roll media. Clean, well-lit Dubai print workshop, 4:3 landscape. Fictional brand names only, no real logos, no Flash Print Solution branding.","p:construction-safety-boards-dubai:production"
"799","assets/images/products/canvas-printing-dubai/canvas-printing-dubai-hero-640.webp","640","480","4:3","Product page – main photo (gallery 1)","/canvas-printing-dubai/","Large gallery-wrapped canvas print of desert dunes hanging above a hotel bed","Temporary stock","Francesca Tosolini (Unsplash ghPHKipv790)","Realistic commercial photograph of a large gallery-wrapped canvas print of golden desert dunes hanging above a neatly made bed in a Dubai hotel room, 38 mm deep frame casting a soft shadow, warm bedside lighting, straight-on view, fictional brand name, no real logos, no Flash Print Solution branding","p:canvas-printing-dubai:hero"
"800","assets/images/products/canvas-printing-dubai/canvas-printing-dubai-hero-1200.webp","1200","900","4:3","Product page – main photo (gallery 1)","/canvas-printing-dubai/","Large gallery-wrapped canvas print of desert dunes hanging above a hotel bed","Temporary stock","Francesca Tosolini (Unsplash ghPHKipv790)","Realistic commercial photograph of a large gallery-wrapped canvas print of golden desert dunes hanging above a neatly made bed in a Dubai hotel room, 38 mm deep frame casting a soft shadow, warm bedside lighting, straight-on view, fictional brand name, no real logos, no Flash Print Solution branding","p:canvas-printing-dubai:hero"
"801","assets/images/og/canvas-printing-dubai-hero.jpg","1200","630","1.91:1","Social share preview (Facebook, WhatsApp, LinkedIn…) – JPG","/canvas-printing-dubai/","Large gallery-wrapped canvas print of desert dunes hanging above a hotel bed","Temporary stock","Francesca Tosolini (Unsplash ghPHKipv790)","Same photo as above, cropped to 1200 × 630","p:canvas-printing-dubai:hero"
"802","assets/images/products/canvas-printing-dubai/canvas-printing-dubai-detail-640.webp","640","480","4:3","Product page – material / finish close-up (gallery 2)","/canvas-printing-dubai/","Close-up of a canvas print corner showing a folded edge and textured weave","Temporary stock","Karen Bullaro (Unsplash KDW8GG_YJTw)","Macro photograph of the corner of a stretched canvas print showing the neatly folded wrap, visible canvas weave and printed colour continuing around the side, soft directional light, shallow depth of field, fictional brand name, no real logos, no Flash Print Solution branding","p:canvas-printing-dubai:detail"
"803","assets/images/products/canvas-printing-dubai/canvas-printing-dubai-detail-1200.webp","1200","900","4:3","Product page – material / finish close-up (gallery 2)","/canvas-printing-dubai/","Close-up of a canvas print corner showing a folded edge and textured weave","Temporary stock","Karen Bullaro (Unsplash KDW8GG_YJTw)","Macro photograph of the corner of a stretched canvas print showing the neatly folded wrap, visible canvas weave and printed colour continuing around the side, soft directional light, shallow depth of field, fictional brand name, no real logos, no Flash Print Solution branding","p:canvas-printing-dubai:detail"
"804","assets/images/products/canvas-printing-dubai/canvas-printing-dubai-application-640.webp","640","480","4:3","Product page – product in use (gallery 3 + “Where it’s used”)","/canvas-printing-dubai/","Office meeting room wall with a triptych of abstract canvas prints","Temporary stock","Yucel M (Unsplash n9eyMp35oMU)","Realistic interior photograph of a Dubai office meeting room with a triptych of abstract canvas prints in blue and sand tones evenly spaced above a credenza, timber table in the foreground, soft daylight, eye-level view, fictional brand name, no real logos, no Flash Print Solution branding","p:canvas-printing-dubai:application"
"805","assets/images/products/canvas-printing-dubai/canvas-printing-dubai-application-1200.webp","1200","900","4:3","Product page – product in use (gallery 3 + “Where it’s used”)","/canvas-printing-dubai/","Office meeting room wall with a triptych of abstract canvas prints","Temporary stock","Yucel M (Unsplash n9eyMp35oMU)","Realistic interior photograph of a Dubai office meeting room with a triptych of abstract canvas prints in blue and sand tones evenly spaced above a credenza, timber table in the foreground, soft daylight, eye-level view, fictional brand name, no real logos, no Flash Print Solution branding","p:canvas-printing-dubai:application"
"806","assets/images/products/canvas-printing-dubai/canvas-printing-dubai-production-640.webp","640","480","4:3","Product page – production / finishing (gallery 4)","/canvas-printing-dubai/","Wide-format inkjet printer printing a large graphic onto roll media","Temporary stock (shared production photo)","Geri Sakti (Unsplash CYrYxz-uvE4)","Photorealistic commercial photograph of canvas printing production: Wide-format inkjet printer printing a large graphic onto roll media. Clean, well-lit Dubai print workshop, 4:3 landscape. Fictional brand names only, no real logos, no Flash Print Solution branding.","p:canvas-printing-dubai:production"
"807","assets/images/products/canvas-printing-dubai/canvas-printing-dubai-production-1200.webp","1200","900","4:3","Product page – production / finishing (gallery 4)","/canvas-printing-dubai/","Wide-format inkjet printer printing a large graphic onto roll media","Temporary stock (shared production photo)","Geri Sakti (Unsplash CYrYxz-uvE4)","Photorealistic commercial photograph of canvas printing production: Wide-format inkjet printer printing a large graphic onto roll media. Clean, well-lit Dubai print workshop, 4:3 landscape. Fictional brand names only, no real logos, no Flash Print Solution branding.","p:canvas-printing-dubai:production"
"808","assets/images/products/interior-panel-printing-dubai/interior-panel-printing-dubai-hero-640.webp","640","480","4:3","Product page – main photo (gallery 1)","/interior-panel-printing-dubai/","Row of printed timeline panels mounted on stand-offs along an office corridor","Temporary stock","Jason Leung (Unsplash hKLWQZHD-Kg)","Realistic commercial photograph of a row of printed company timeline panels on white foam PVC, mounted on brushed stand-offs along a bright Dubai office corridor, even spacing and aligned joins, soft daylight, three-quarter perspective, fictional brand name, no real logos, no Flash Print Solution branding","p:interior-panel-printing-dubai:hero"
"809","assets/images/products/interior-panel-printing-dubai/interior-panel-printing-dubai-hero-1200.webp","1200","900","4:3","Product page – main photo (gallery 1)","/interior-panel-printing-dubai/","Row of printed timeline panels mounted on stand-offs along an office corridor","Temporary stock","Jason Leung (Unsplash hKLWQZHD-Kg)","Realistic commercial photograph of a row of printed company timeline panels on white foam PVC, mounted on brushed stand-offs along a bright Dubai office corridor, even spacing and aligned joins, soft daylight, three-quarter perspective, fictional brand name, no real logos, no Flash Print Solution branding","p:interior-panel-printing-dubai:hero"
"810","assets/images/og/interior-panel-printing-dubai-hero.jpg","1200","630","1.91:1","Social share preview (Facebook, WhatsApp, LinkedIn…) – JPG","/interior-panel-printing-dubai/","Row of printed timeline panels mounted on stand-offs along an office corridor","Temporary stock","Jason Leung (Unsplash hKLWQZHD-Kg)","Same photo as above, cropped to 1200 × 630","p:interior-panel-printing-dubai:hero"
"811","assets/images/products/interior-panel-printing-dubai/interior-panel-printing-dubai-detail-640.webp","640","480","4:3","Product page – material / finish close-up (gallery 2)","/interior-panel-printing-dubai/","Close-up of a printed foam PVC panel edge with a brushed stand-off fixing","Temporary stock","Pierre Bamin (Unsplash NAKQe4ny0zs)","Macro photograph of the corner of a printed 10 mm foam PVC panel with a clean square edge and a brushed aluminium stand-off cap, sitting off a pale grey wall, soft side lighting, shallow depth of field, fictional brand name, no real logos, no Flash Print Solution branding","p:interior-panel-printing-dubai:detail"
"812","assets/images/products/interior-panel-printing-dubai/interior-panel-printing-dubai-detail-1200.webp","1200","900","4:3","Product page – material / finish close-up (gallery 2)","/interior-panel-printing-dubai/","Close-up of a printed foam PVC panel edge with a brushed stand-off fixing","Temporary stock","Pierre Bamin (Unsplash NAKQe4ny0zs)","Macro photograph of the corner of a printed 10 mm foam PVC panel with a clean square edge and a brushed aluminium stand-off cap, sitting off a pale grey wall, soft side lighting, shallow depth of field, fictional brand name, no real logos, no Flash Print Solution branding","p:interior-panel-printing-dubai:detail"
"813","assets/images/products/interior-panel-printing-dubai/interior-panel-printing-dubai-application-640.webp","640","480","4:3","Product page – product in use (gallery 3 + “Where it’s used”)","/interior-panel-printing-dubai/","Property sales gallery with large printed photographic panels and a model display","Temporary stock","Marsumilae (Unsplash hoIkcgbU2R8)","Realistic interior photograph of a Dubai property sales gallery with large printed photographic wall panels of fictional residential towers behind an architectural scale model on a plinth, polished floor, warm accent lighting, wide view, fictional brand name, no real logos, no Flash Print Solution branding","p:interior-panel-printing-dubai:application"
"814","assets/images/products/interior-panel-printing-dubai/interior-panel-printing-dubai-application-1200.webp","1200","900","4:3","Product page – product in use (gallery 3 + “Where it’s used”)","/interior-panel-printing-dubai/","Property sales gallery with large printed photographic panels and a model display","Temporary stock","Marsumilae (Unsplash hoIkcgbU2R8)","Realistic interior photograph of a Dubai property sales gallery with large printed photographic wall panels of fictional residential towers behind an architectural scale model on a plinth, polished floor, warm accent lighting, wide view, fictional brand name, no real logos, no Flash Print Solution branding","p:interior-panel-printing-dubai:application"
"815","assets/images/products/interior-panel-printing-dubai/interior-panel-printing-dubai-production-640.webp","640","480","4:3","Product page – production / finishing (gallery 4)","/interior-panel-printing-dubai/","Workshop fabrication of signage","Temporary stock (shared production photo)","Syd Mills (Unsplash kLeczQMR55Y)","Photorealistic commercial photograph of interior panels production: Workshop fabrication of signage — acrylic, aluminium composite panels and letters. Clean, well-lit Dubai print workshop, 4:3 landscape. Fictional brand names only, no real logos, no Flash Print Solution branding.","p:interior-panel-printing-dubai:production"
"816","assets/images/products/interior-panel-printing-dubai/interior-panel-printing-dubai-production-1200.webp","1200","900","4:3","Product page – production / finishing (gallery 4)","/interior-panel-printing-dubai/","Workshop fabrication of signage","Temporary stock (shared production photo)","Syd Mills (Unsplash kLeczQMR55Y)","Photorealistic commercial photograph of interior panels production: Workshop fabrication of signage — acrylic, aluminium composite panels and letters. Clean, well-lit Dubai print workshop, 4:3 landscape. Fictional brand names only, no real logos, no Flash Print Solution branding.","p:interior-panel-printing-dubai:production"
"817","assets/images/products/wallpaper-printing-dubai/wallpaper-printing-dubai-hero-640.webp","640","480","4:3","Product page – main photo (gallery 1)","/wallpaper-printing-dubai/","Hotel guest room feature wall with custom printed botanical wallpaper behind the bed","Temporary stock","Point3D Commercial Imaging Ltd. (Unsplash JHidVK7VclY)","Realistic commercial photograph of a Dubai hotel guest room with a custom printed botanical wallpaper feature wall in deep green and gold behind an upholstered headboard, matching cushions, warm bedside lamps, straight-on wide view, fictional brand name, no real logos, no Flash Print Solution branding","p:wallpaper-printing-dubai:hero"
"818","assets/images/products/wallpaper-printing-dubai/wallpaper-printing-dubai-hero-1200.webp","1200","900","4:3","Product page – main photo (gallery 1)","/wallpaper-printing-dubai/","Hotel guest room feature wall with custom printed botanical wallpaper behind the bed","Temporary stock","Point3D Commercial Imaging Ltd. (Unsplash JHidVK7VclY)","Realistic commercial photograph of a Dubai hotel guest room with a custom printed botanical wallpaper feature wall in deep green and gold behind an upholstered headboard, matching cushions, warm bedside lamps, straight-on wide view, fictional brand name, no real logos, no Flash Print Solution branding","p:wallpaper-printing-dubai:hero"
"819","assets/images/og/wallpaper-printing-dubai-hero.jpg","1200","630","1.91:1","Social share preview (Facebook, WhatsApp, LinkedIn…) – JPG","/wallpaper-printing-dubai/","Hotel guest room feature wall with custom printed botanical wallpaper behind the bed","Temporary stock","Point3D Commercial Imaging Ltd. (Unsplash JHidVK7VclY)","Same photo as above, cropped to 1200 × 630","p:wallpaper-printing-dubai:hero"
"820","assets/images/products/wallpaper-printing-dubai/wallpaper-printing-dubai-detail-640.webp","640","480","4:3","Product page – material / finish close-up (gallery 2)","/wallpaper-printing-dubai/","Close-up of linen-textured printed wallpaper showing a matched pattern join","Temporary stock","Paul Green (Unsplash ZaJprCvDjVA)","Macro photograph of linen-embossed printed wallpaper showing a geometric pattern matching precisely across a vertical join between two drops, raking light revealing the texture, shallow depth of field, fictional brand name, no real logos, no Flash Print Solution branding","p:wallpaper-printing-dubai:detail"
"821","assets/images/products/wallpaper-printing-dubai/wallpaper-printing-dubai-detail-1200.webp","1200","900","4:3","Product page – material / finish close-up (gallery 2)","/wallpaper-printing-dubai/","Close-up of linen-textured printed wallpaper showing a matched pattern join","Temporary stock","Paul Green (Unsplash ZaJprCvDjVA)","Macro photograph of linen-embossed printed wallpaper showing a geometric pattern matching precisely across a vertical join between two drops, raking light revealing the texture, shallow depth of field, fictional brand name, no real logos, no Flash Print Solution branding","p:wallpaper-printing-dubai:detail"
"822","assets/images/products/wallpaper-printing-dubai/wallpaper-printing-dubai-application-640.webp","640","480","4:3","Product page – product in use (gallery 3 + “Where it’s used”)","/wallpaper-printing-dubai/","Restaurant dining area with dark patterned wallpaper and warm pendant lighting","Temporary stock","Zoshua Colah (Unsplash vG-HDgrepRg)","Realistic interior photograph of an intimate Dubai restaurant dining area with dark patterned custom wallpaper, velvet banquette seating, set tables and warm brass pendant lights, evening ambience, eye-level three-quarter view, fictional brand name, no real logos, no Flash Print Solution branding","p:wallpaper-printing-dubai:application"
"823","assets/images/products/wallpaper-printing-dubai/wallpaper-printing-dubai-application-1200.webp","1200","900","4:3","Product page – product in use (gallery 3 + “Where it’s used”)","/wallpaper-printing-dubai/","Restaurant dining area with dark patterned wallpaper and warm pendant lighting","Temporary stock","Zoshua Colah (Unsplash vG-HDgrepRg)","Realistic interior photograph of an intimate Dubai restaurant dining area with dark patterned custom wallpaper, velvet banquette seating, set tables and warm brass pendant lights, evening ambience, eye-level three-quarter view, fictional brand name, no real logos, no Flash Print Solution branding","p:wallpaper-printing-dubai:application"
"824","assets/images/products/wallpaper-printing-dubai/wallpaper-printing-dubai-production-640.webp","640","480","4:3","Product page – production / finishing (gallery 4)","/wallpaper-printing-dubai/","Wide-format inkjet printer printing a large graphic onto roll media","Temporary stock (shared production photo)","Geri Sakti (Unsplash CYrYxz-uvE4)","Photorealistic commercial photograph of wallpaper printing production: Wide-format inkjet printer printing a large graphic onto roll media. Clean, well-lit Dubai print workshop, 4:3 landscape. Fictional brand names only, no real logos, no Flash Print Solution branding.","p:wallpaper-printing-dubai:production"
"825","assets/images/products/wallpaper-printing-dubai/wallpaper-printing-dubai-production-1200.webp","1200","900","4:3","Product page – production / finishing (gallery 4)","/wallpaper-printing-dubai/","Wide-format inkjet printer printing a large graphic onto roll media","Temporary stock (shared production photo)","Geri Sakti (Unsplash CYrYxz-uvE4)","Photorealistic commercial photograph of wallpaper printing production: Wide-format inkjet printer printing a large graphic onto roll media. Clean, well-lit Dubai print workshop, 4:3 landscape. Fictional brand names only, no real logos, no Flash Print Solution branding.","p:wallpaper-printing-dubai:production"
"826","assets/images/products/window-display-graphics-dubai/window-display-graphics-dubai-hero-640.webp","640","480","4:3","Product page – main photo (gallery 1)","/window-display-graphics-dubai/","Boutique shop window with colourful sale graphics on glass and hanging display boards","Temporary stock","Artem Beliaikin (Unsplash 49mCO5ZRQDk)","Realistic commercial photograph of a boutique shopfront in a Dubai mall with bold printed sale graphics on the glass and double-sided hanging display boards behind, mannequins in the window, bright even mall lighting, straight-on view, fictional brand name, no real logos, no Flash Print Solution branding","p:window-display-graphics-dubai:hero"
"827","assets/images/products/window-display-graphics-dubai/window-display-graphics-dubai-hero-1200.webp","1200","900","4:3","Product page – main photo (gallery 1)","/window-display-graphics-dubai/","Boutique shop window with colourful sale graphics on glass and hanging display boards","Temporary stock","Artem Beliaikin (Unsplash 49mCO5ZRQDk)","Realistic commercial photograph of a boutique shopfront in a Dubai mall with bold printed sale graphics on the glass and double-sided hanging display boards behind, mannequins in the window, bright even mall lighting, straight-on view, fictional brand name, no real logos, no Flash Print Solution branding","p:window-display-graphics-dubai:hero"
"828","assets/images/og/window-display-graphics-dubai-hero.jpg","1200","630","1.91:1","Social share preview (Facebook, WhatsApp, LinkedIn…) – JPG","/window-display-graphics-dubai/","Boutique shop window with colourful sale graphics on glass and hanging display boards","Temporary stock","Artem Beliaikin (Unsplash 49mCO5ZRQDk)","Same photo as above, cropped to 1200 × 630","p:window-display-graphics-dubai:hero"
"829","assets/images/products/window-display-graphics-dubai/window-display-graphics-dubai-detail-640.webp","640","480","4:3","Product page – material / finish close-up (gallery 2)","/window-display-graphics-dubai/","Close-up of perforated one-way vision film on a shop window with dots visible","Temporary stock","Cherry T (Unsplash xRv3xExGEzk)","Macro photograph of printed perforated one-way vision film on a shop window, regular pattern of small holes visible through a colourful printed image, daylight behind, shallow depth of field, fictional brand name, no real logos, no Flash Print Solution branding","p:window-display-graphics-dubai:detail"
"830","assets/images/products/window-display-graphics-dubai/window-display-graphics-dubai-detail-1200.webp","1200","900","4:3","Product page – material / finish close-up (gallery 2)","/window-display-graphics-dubai/","Close-up of perforated one-way vision film on a shop window with dots visible","Temporary stock","Cherry T (Unsplash xRv3xExGEzk)","Macro photograph of printed perforated one-way vision film on a shop window, regular pattern of small holes visible through a colourful printed image, daylight behind, shallow depth of field, fictional brand name, no real logos, no Flash Print Solution branding","p:window-display-graphics-dubai:detail"
"831","assets/images/products/window-display-graphics-dubai/window-display-graphics-dubai-application-640.webp","640","480","4:3","Product page – product in use (gallery 3 + “Where it’s used”)","/window-display-graphics-dubai/","Mall shopfront window display with seasonal campaign graphics and product mannequins","Temporary stock","Eric Prouzet (Unsplash qGlYIDIYE_o)","Realistic photograph of a fashion store window in a Dubai mall dressed for a festive season campaign, printed window vinyl framing the glass, a fabric backdrop and mannequins, shoppers softly blurred in the foreground, warm lighting, fictional brand name, no real logos, no Flash Print Solution branding","p:window-display-graphics-dubai:application"
"832","assets/images/products/window-display-graphics-dubai/window-display-graphics-dubai-application-1200.webp","1200","900","4:3","Product page – product in use (gallery 3 + “Where it’s used”)","/window-display-graphics-dubai/","Mall shopfront window display with seasonal campaign graphics and product mannequins","Temporary stock","Eric Prouzet (Unsplash qGlYIDIYE_o)","Realistic photograph of a fashion store window in a Dubai mall dressed for a festive season campaign, printed window vinyl framing the glass, a fabric backdrop and mannequins, shoppers softly blurred in the foreground, warm lighting, fictional brand name, no real logos, no Flash Print Solution branding","p:window-display-graphics-dubai:application"
"833","assets/images/products/window-display-graphics-dubai/window-display-graphics-dubai-production-640.webp","640","480","4:3","Product page – production / finishing (gallery 4)","/window-display-graphics-dubai/","Installer applying printed vinyl film to glass or wall with a squeegee","Temporary stock (shared production photo)","Steve A Johnson (Unsplash NqpWSWv0oAs)","Photorealistic commercial photograph of window displays production: Installer applying printed vinyl film to glass or wall with a squeegee. Clean, well-lit Dubai print workshop, 4:3 landscape. Fictional brand names only, no real logos, no Flash Print Solution branding.","p:window-display-graphics-dubai:production"
"834","assets/images/products/window-display-graphics-dubai/window-display-graphics-dubai-production-1200.webp","1200","900","4:3","Product page – production / finishing (gallery 4)","/window-display-graphics-dubai/","Installer applying printed vinyl film to glass or wall with a squeegee","Temporary stock (shared production photo)","Steve A Johnson (Unsplash NqpWSWv0oAs)","Photorealistic commercial photograph of window displays production: Installer applying printed vinyl film to glass or wall with a squeegee. Clean, well-lit Dubai print workshop, 4:3 landscape. Fictional brand names only, no real logos, no Flash Print Solution branding.","p:window-display-graphics-dubai:production"
"835","assets/images/products/certificate-printing-dubai/certificate-printing-dubai-hero-640.webp","640","480","4:3","Product page – main photo (gallery 1)","/certificate-printing-dubai/","Ivory graduation certificate with gold foil seal and embossed crest on a walnut desk","Temporary stock","The New York Public Library (Unsplash CTTi-tl-OUU)","Realistic commercial product photograph of an A4 ivory certificate with a gold foil seal and blind-embossed crest, lying on a walnut desk beside a fountain pen. Warm soft daylight, gentle shadows, 45-degree angle, crisp focus on the seal. Fictional brand name, no real logos, no Flash Print Solution branding.","p:certificate-printing-dubai:hero"
"836","assets/images/products/certificate-printing-dubai/certificate-printing-dubai-hero-1200.webp","1200","900","4:3","Product page – main photo (gallery 1)","/certificate-printing-dubai/","Ivory graduation certificate with gold foil seal and embossed crest on a walnut desk","Temporary stock","The New York Public Library (Unsplash CTTi-tl-OUU)","Realistic commercial product photograph of an A4 ivory certificate with a gold foil seal and blind-embossed crest, lying on a walnut desk beside a fountain pen. Warm soft daylight, gentle shadows, 45-degree angle, crisp focus on the seal. Fictional brand name, no real logos, no Flash Print Solution branding.","p:certificate-printing-dubai:hero"
"837","assets/images/og/certificate-printing-dubai-hero.jpg","1200","630","1.91:1","Social share preview (Facebook, WhatsApp, LinkedIn…) – JPG","/certificate-printing-dubai/","Ivory graduation certificate with gold foil seal and embossed crest on a walnut desk","Temporary stock","The New York Public Library (Unsplash CTTi-tl-OUU)","Same photo as above, cropped to 1200 × 630","p:certificate-printing-dubai:hero"
"838","assets/images/products/certificate-printing-dubai/certificate-printing-dubai-detail-640.webp","640","480","4:3","Product page – material / finish close-up (gallery 2)","/certificate-printing-dubai/","Close-up of gold foil seal and raised embossing on textured linen certificate board","Temporary stock","Kristina Tochilko (Unsplash m7bPi7W3b4k)","Macro commercial photograph of a gold hot-foil seal and raised blind embossing on cream linen-textured certificate board, raking side light revealing paper texture and relief, very shallow depth of field, neutral background. Fictional brand name, no real logos, no Flash Print Solution branding.","p:certificate-printing-dubai:detail"
"839","assets/images/products/certificate-printing-dubai/certificate-printing-dubai-detail-1200.webp","1200","900","4:3","Product page – material / finish close-up (gallery 2)","/certificate-printing-dubai/","Close-up of gold foil seal and raised embossing on textured linen certificate board","Temporary stock","Kristina Tochilko (Unsplash m7bPi7W3b4k)","Macro commercial photograph of a gold hot-foil seal and raised blind embossing on cream linen-textured certificate board, raking side light revealing paper texture and relief, very shallow depth of field, neutral background. Fictional brand name, no real logos, no Flash Print Solution branding.","p:certificate-printing-dubai:detail"
"840","assets/images/products/certificate-printing-dubai/certificate-printing-dubai-application-640.webp","640","480","4:3","Product page – product in use (gallery 3 + “Where it’s used”)","/certificate-printing-dubai/","Graduate in gown holding a certificate at a school graduation ceremony","Temporary stock","Galuh hari setiawan (Unsplash cwVb-V0e9aE)","Realistic editorial photograph of a smiling graduate in a dark gown holding a printed certificate in a folder at an indoor graduation ceremony in a Dubai school hall, blurred audience behind, warm stage lighting, eye-level angle. Fictional brand name, no real logos, no Flash Print Solution branding.","p:certificate-printing-dubai:application"
"841","assets/images/products/certificate-printing-dubai/certificate-printing-dubai-application-1200.webp","1200","900","4:3","Product page – product in use (gallery 3 + “Where it’s used”)","/certificate-printing-dubai/","Graduate in gown holding a certificate at a school graduation ceremony","Temporary stock","Galuh hari setiawan (Unsplash cwVb-V0e9aE)","Realistic editorial photograph of a smiling graduate in a dark gown holding a printed certificate in a folder at an indoor graduation ceremony in a Dubai school hall, blurred audience behind, warm stage lighting, eye-level angle. Fictional brand name, no real logos, no Flash Print Solution branding.","p:certificate-printing-dubai:application"
"842","assets/images/products/certificate-printing-dubai/certificate-printing-dubai-production-640.webp","640","480","4:3","Product page – production / finishing (gallery 4)","/certificate-printing-dubai/","Hot-foil stamping or embossing detail being applied to card stock","Temporary stock (shared production photo)","Brett Jordan (Unsplash dTmzpaE5Uis)","Photorealistic commercial photograph of certificates production: Hot-foil stamping or embossing detail being applied to card stock. Clean, well-lit Dubai print workshop, 4:3 landscape. Fictional brand names only, no real logos, no Flash Print Solution branding.","p:certificate-printing-dubai:production"
"843","assets/images/products/certificate-printing-dubai/certificate-printing-dubai-production-1200.webp","1200","900","4:3","Product page – production / finishing (gallery 4)","/certificate-printing-dubai/","Hot-foil stamping or embossing detail being applied to card stock","Temporary stock (shared production photo)","Brett Jordan (Unsplash dTmzpaE5Uis)","Photorealistic commercial photograph of certificates production: Hot-foil stamping or embossing detail being applied to card stock. Clean, well-lit Dubai print workshop, 4:3 landscape. Fictional brand names only, no real logos, no Flash Print Solution branding.","p:certificate-printing-dubai:production"
"844","assets/images/products/exam-paper-printing-dubai/exam-paper-printing-dubai-hero-640.webp","640","480","4:3","Product page – main photo (gallery 1)","/exam-paper-printing-dubai/","Stack of stapled exam booklets and loose answer sheets on a classroom desk","Temporary stock","Nguyen Dang Hoang Nhu (Unsplash cbEvoHbJnIE)","Realistic commercial photograph of a neat stack of white A4 saddle-stitched exam booklets beside loose lined answer sheets and a pencil on a pale wooden classroom desk, soft overhead daylight, slightly elevated angle, clean uncluttered background. Fictional brand name, no real logos, no Flash Print Solution branding.","p:exam-paper-printing-dubai:hero"
"845","assets/images/products/exam-paper-printing-dubai/exam-paper-printing-dubai-hero-1200.webp","1200","900","4:3","Product page – main photo (gallery 1)","/exam-paper-printing-dubai/","Stack of stapled exam booklets and loose answer sheets on a classroom desk","Temporary stock","Nguyen Dang Hoang Nhu (Unsplash cbEvoHbJnIE)","Realistic commercial photograph of a neat stack of white A4 saddle-stitched exam booklets beside loose lined answer sheets and a pencil on a pale wooden classroom desk, soft overhead daylight, slightly elevated angle, clean uncluttered background. Fictional brand name, no real logos, no Flash Print Solution branding.","p:exam-paper-printing-dubai:hero"
"846","assets/images/og/exam-paper-printing-dubai-hero.jpg","1200","630","1.91:1","Social share preview (Facebook, WhatsApp, LinkedIn…) – JPG","/exam-paper-printing-dubai/","Stack of stapled exam booklets and loose answer sheets on a classroom desk","Temporary stock","Nguyen Dang Hoang Nhu (Unsplash cbEvoHbJnIE)","Same photo as above, cropped to 1200 × 630","p:exam-paper-printing-dubai:hero"
"847","assets/images/products/exam-paper-printing-dubai/exam-paper-printing-dubai-detail-640.webp","640","480","4:3","Product page – material / finish close-up (gallery 2)","/exam-paper-printing-dubai/","Close-up of a saddle-stitched exam booklet spine with printed page numbers","Temporary stock","iMattSmart (Unsplash eELCRf8nwsI)","Macro photograph of the stapled spine of an A4 exam booklet on uncoated white paper, two metal staples visible, page corner lifted to show a printed page number and question text, soft diffused light, shallow depth of field. Fictional brand name, no real logos, no Flash Print Solution branding.","p:exam-paper-printing-dubai:detail"
"848","assets/images/products/exam-paper-printing-dubai/exam-paper-printing-dubai-detail-1200.webp","1200","900","4:3","Product page – material / finish close-up (gallery 2)","/exam-paper-printing-dubai/","Close-up of a saddle-stitched exam booklet spine with printed page numbers","Temporary stock","iMattSmart (Unsplash eELCRf8nwsI)","Macro photograph of the stapled spine of an A4 exam booklet on uncoated white paper, two metal staples visible, page corner lifted to show a printed page number and question text, soft diffused light, shallow depth of field. Fictional brand name, no real logos, no Flash Print Solution branding.","p:exam-paper-printing-dubai:detail"
"849","assets/images/products/exam-paper-printing-dubai/exam-paper-printing-dubai-application-640.webp","640","480","4:3","Product page – product in use (gallery 3 + “Where it’s used”)","/exam-paper-printing-dubai/","Students writing exam answers at rows of desks in a bright school hall","Temporary stock","Vishnu Mehra (Unsplash v3P_spLsOH0)","Realistic editorial photograph of secondary school students in uniform writing answers in printed exam booklets at evenly spaced desks in a bright Dubai school hall, invigilator in the background, natural daylight from high windows, wide eye-level shot. Fictional brand name, no real logos, no Flash Print Solution branding.","p:exam-paper-printing-dubai:application"
"850","assets/images/products/exam-paper-printing-dubai/exam-paper-printing-dubai-application-1200.webp","1200","900","4:3","Product page – product in use (gallery 3 + “Where it’s used”)","/exam-paper-printing-dubai/","Students writing exam answers at rows of desks in a bright school hall","Temporary stock","Vishnu Mehra (Unsplash v3P_spLsOH0)","Realistic editorial photograph of secondary school students in uniform writing answers in printed exam booklets at evenly spaced desks in a bright Dubai school hall, invigilator in the background, natural daylight from high windows, wide eye-level shot. Fictional brand name, no real logos, no Flash Print Solution branding.","p:exam-paper-printing-dubai:application"
"851","assets/images/products/exam-paper-printing-dubai/exam-paper-printing-dubai-production-640.webp","640","480","4:3","Product page – production / finishing (gallery 4)","/exam-paper-printing-dubai/","Digital press output","Temporary stock (shared production photo)","Srdjan Ivankovic (Unsplash Wq4lqogZKMY)","Photorealistic commercial photograph of exam papers production: Digital press output — freshly printed sheets leaving a production digital press. Clean, well-lit Dubai print workshop, 4:3 landscape. Fictional brand names only, no real logos, no Flash Print Solution branding.","p:exam-paper-printing-dubai:production"
"852","assets/images/products/exam-paper-printing-dubai/exam-paper-printing-dubai-production-1200.webp","1200","900","4:3","Product page – production / finishing (gallery 4)","/exam-paper-printing-dubai/","Digital press output","Temporary stock (shared production photo)","Srdjan Ivankovic (Unsplash Wq4lqogZKMY)","Photorealistic commercial photograph of exam papers production: Digital press output — freshly printed sheets leaving a production digital press. Clean, well-lit Dubai print workshop, 4:3 landscape. Fictional brand names only, no real logos, no Flash Print Solution branding.","p:exam-paper-printing-dubai:production"
"853","assets/images/products/id-card-printing-dubai/id-card-printing-dubai-hero-640.webp","640","480","4:3","Product page – main photo (gallery 1)","/id-card-printing-dubai/","Set of white PVC photo ID cards with blue colour bands and matching lanyards","Temporary stock","jim (Unsplash 8nWlT2li2sI)","Realistic commercial product photograph of five white PVC photo ID cards with blue colour bands, fanned out on a light grey surface with coiled navy lanyards and metal clips, soft even studio lighting, overhead angle, sharp detail. Fictional brand name, no real logos, no Flash Print Solution branding.","p:id-card-printing-dubai:hero"
"854","assets/images/products/id-card-printing-dubai/id-card-printing-dubai-hero-1200.webp","1200","900","4:3","Product page – main photo (gallery 1)","/id-card-printing-dubai/","Set of white PVC photo ID cards with blue colour bands and matching lanyards","Temporary stock","jim (Unsplash 8nWlT2li2sI)","Realistic commercial product photograph of five white PVC photo ID cards with blue colour bands, fanned out on a light grey surface with coiled navy lanyards and metal clips, soft even studio lighting, overhead angle, sharp detail. Fictional brand name, no real logos, no Flash Print Solution branding.","p:id-card-printing-dubai:hero"
"855","assets/images/og/id-card-printing-dubai-hero.jpg","1200","630","1.91:1","Social share preview (Facebook, WhatsApp, LinkedIn…) – JPG","/id-card-printing-dubai/","Set of white PVC photo ID cards with blue colour bands and matching lanyards","Temporary stock","jim (Unsplash 8nWlT2li2sI)","Same photo as above, cropped to 1200 × 630","p:id-card-printing-dubai:hero"
"856","assets/images/products/id-card-printing-dubai/id-card-printing-dubai-detail-640.webp","640","480","4:3","Product page – material / finish close-up (gallery 2)","/id-card-printing-dubai/","Close-up of a PVC ID card showing a photo, barcode and rounded corners","Temporary stock","Claire Abdo (Unsplash 0gICDd3mAp4)","Macro commercial photograph of a single PVC ID card edge-on and angled, showing a printed portrait photo, name, barcode and rounded corner, glossy surface catching a soft highlight, neutral background, shallow depth of field. Fictional brand name, no real logos, no Flash Print Solution branding.","p:id-card-printing-dubai:detail"
"857","assets/images/products/id-card-printing-dubai/id-card-printing-dubai-detail-1200.webp","1200","900","4:3","Product page – material / finish close-up (gallery 2)","/id-card-printing-dubai/","Close-up of a PVC ID card showing a photo, barcode and rounded corners","Temporary stock","Claire Abdo (Unsplash 0gICDd3mAp4)","Macro commercial photograph of a single PVC ID card edge-on and angled, showing a printed portrait photo, name, barcode and rounded corner, glossy surface catching a soft highlight, neutral background, shallow depth of field. Fictional brand name, no real logos, no Flash Print Solution branding.","p:id-card-printing-dubai:detail"
"858","assets/images/products/id-card-printing-dubai/id-card-printing-dubai-application-640.webp","640","480","4:3","Product page – product in use (gallery 3 + “Where it’s used”)","/id-card-printing-dubai/","Office worker wearing a photo ID badge on a lanyard at a reception desk","Temporary stock","Sasun Bughdaryan (Unsplash StJ20FJTN8Q)","Realistic editorial photograph of a staff member wearing a PVC photo ID card on a navy lanyard while greeting a visitor at a modern Dubai office reception desk, natural daylight, medium shot at chest height, background softly blurred. Fictional brand name, no real logos, no Flash Print Solution branding.","p:id-card-printing-dubai:application"
"859","assets/images/products/id-card-printing-dubai/id-card-printing-dubai-application-1200.webp","1200","900","4:3","Product page – product in use (gallery 3 + “Where it’s used”)","/id-card-printing-dubai/","Office worker wearing a photo ID badge on a lanyard at a reception desk","Temporary stock","Sasun Bughdaryan (Unsplash StJ20FJTN8Q)","Realistic editorial photograph of a staff member wearing a PVC photo ID card on a navy lanyard while greeting a visitor at a modern Dubai office reception desk, natural daylight, medium shot at chest height, background softly blurred. Fictional brand name, no real logos, no Flash Print Solution branding.","p:id-card-printing-dubai:application"
"860","assets/images/products/id-card-printing-dubai/id-card-printing-dubai-production-640.webp","640","480","4:3","Product page – production / finishing (gallery 4)","/id-card-printing-dubai/","Trimming and cutting printed stacks on a guillotine in a print finishing area","Temporary stock (shared production photo)","Panda Paper Roll (Unsplash 5IG5XdpYih4)","Photorealistic commercial photograph of id cards production: Trimming and cutting printed stacks on a guillotine in a print finishing area. Clean, well-lit Dubai print workshop, 4:3 landscape. Fictional brand names only, no real logos, no Flash Print Solution branding.","p:id-card-printing-dubai:production"
"861","assets/images/products/id-card-printing-dubai/id-card-printing-dubai-production-1200.webp","1200","900","4:3","Product page – production / finishing (gallery 4)","/id-card-printing-dubai/","Trimming and cutting printed stacks on a guillotine in a print finishing area","Temporary stock (shared production photo)","Panda Paper Roll (Unsplash 5IG5XdpYih4)","Photorealistic commercial photograph of id cards production: Trimming and cutting printed stacks on a guillotine in a print finishing area. Clean, well-lit Dubai print workshop, 4:3 landscape. Fictional brand names only, no real logos, no Flash Print Solution branding.","p:id-card-printing-dubai:production"
"862","assets/images/products/report-card-printing-dubai/report-card-printing-dubai-hero-640.webp","640","480","4:3","Product page – main photo (gallery 1)","/report-card-printing-dubai/","Folded school report cards with a navy crest cover and printed grade tables","Temporary stock","Annie Spratt (Unsplash 2cPzM3mam_0)","Realistic commercial product photograph of folded A4 school report cards, one open to show printed grade tables and signature boxes, others closed with a navy cover and simple crest, on a white desk with a pen, soft daylight, 45-degree angle. Fictional brand name, no real logos, no Flash Print Solution branding.","p:report-card-printing-dubai:hero"
"863","assets/images/products/report-card-printing-dubai/report-card-printing-dubai-hero-1200.webp","1200","900","4:3","Product page – main photo (gallery 1)","/report-card-printing-dubai/","Folded school report cards with a navy crest cover and printed grade tables","Temporary stock","Annie Spratt (Unsplash 2cPzM3mam_0)","Realistic commercial product photograph of folded A4 school report cards, one open to show printed grade tables and signature boxes, others closed with a navy cover and simple crest, on a white desk with a pen, soft daylight, 45-degree angle. Fictional brand name, no real logos, no Flash Print Solution branding.","p:report-card-printing-dubai:hero"
"864","assets/images/og/report-card-printing-dubai-hero.jpg","1200","630","1.91:1","Social share preview (Facebook, WhatsApp, LinkedIn…) – JPG","/report-card-printing-dubai/","Folded school report cards with a navy crest cover and printed grade tables","Temporary stock","Annie Spratt (Unsplash 2cPzM3mam_0)","Same photo as above, cropped to 1200 × 630","p:report-card-printing-dubai:hero"
"865","assets/images/products/report-card-printing-dubai/report-card-printing-dubai-detail-640.webp","640","480","4:3","Product page – material / finish close-up (gallery 2)","/report-card-printing-dubai/","Close-up of a grade table and signature box printed on uncoated card","Temporary stock","Mohamed Marey (Unsplash FcqdZJxbpuk)","Macro photograph of a printed grade table with subject names and a blank signature box on uncoated off-white card, ballpoint pen resting on the page, soft raking light showing paper texture, shallow depth of field. Fictional brand name, no real logos, no Flash Print Solution branding.","p:report-card-printing-dubai:detail"
"866","assets/images/products/report-card-printing-dubai/report-card-printing-dubai-detail-1200.webp","1200","900","4:3","Product page – material / finish close-up (gallery 2)","/report-card-printing-dubai/","Close-up of a grade table and signature box printed on uncoated card","Temporary stock","Mohamed Marey (Unsplash FcqdZJxbpuk)","Macro photograph of a printed grade table with subject names and a blank signature box on uncoated off-white card, ballpoint pen resting on the page, soft raking light showing paper texture, shallow depth of field. Fictional brand name, no real logos, no Flash Print Solution branding.","p:report-card-printing-dubai:detail"
"867","assets/images/products/report-card-printing-dubai/report-card-printing-dubai-application-640.webp","640","480","4:3","Product page – product in use (gallery 3 + “Where it’s used”)","/report-card-printing-dubai/","Parent reading a child's school report at a kitchen table","Temporary stock","Adam Winger (Unsplash 7fF0iei80AQ)","Realistic lifestyle photograph of a parent and child at a kitchen table in a Dubai apartment reading a folded printed school report together, warm evening light, relaxed natural expressions, medium shot from the side. Fictional brand name, no real logos, no Flash Print Solution branding.","p:report-card-printing-dubai:application"
"868","assets/images/products/report-card-printing-dubai/report-card-printing-dubai-application-1200.webp","1200","900","4:3","Product page – product in use (gallery 3 + “Where it’s used”)","/report-card-printing-dubai/","Parent reading a child's school report at a kitchen table","Temporary stock","Adam Winger (Unsplash 7fF0iei80AQ)","Realistic lifestyle photograph of a parent and child at a kitchen table in a Dubai apartment reading a folded printed school report together, warm evening light, relaxed natural expressions, medium shot from the side. Fictional brand name, no real logos, no Flash Print Solution branding.","p:report-card-printing-dubai:application"
"869","assets/images/products/report-card-printing-dubai/report-card-printing-dubai-production-640.webp","640","480","4:3","Product page – production / finishing (gallery 4)","/report-card-printing-dubai/","Offset press run","Temporary stock (shared production photo)","NOAA (Unsplash HFYczZkqCoE)","Photorealistic commercial photograph of report cards production: Offset press run — operator checking a sheet at an offset printing press. Clean, well-lit Dubai print workshop, 4:3 landscape. Fictional brand names only, no real logos, no Flash Print Solution branding.","p:report-card-printing-dubai:production"
"870","assets/images/products/report-card-printing-dubai/report-card-printing-dubai-production-1200.webp","1200","900","4:3","Product page – production / finishing (gallery 4)","/report-card-printing-dubai/","Offset press run","Temporary stock (shared production photo)","NOAA (Unsplash HFYczZkqCoE)","Photorealistic commercial photograph of report cards production: Offset press run — operator checking a sheet at an offset printing press. Clean, well-lit Dubai print workshop, 4:3 landscape. Fictional brand names only, no real logos, no Flash Print Solution branding.","p:report-card-printing-dubai:production"
"871","assets/images/products/training-manual-printing-dubai/training-manual-printing-dubai-hero-640.webp","640","480","4:3","Product page – main photo (gallery 1)","/training-manual-printing-dubai/","Stack of A4 wire-bound training manuals with laminated covers and coloured tab dividers","Temporary stock","Kelly Sikkema (Unsplash xQsoV7Zf5iw)","Realistic commercial product photograph of a stack of A4 wire-o bound training manuals with matt laminated teal covers and colourful printed tab dividers visible at the edge, on a white meeting table, soft daylight, three-quarter angle. Fictional brand name, no real logos, no Flash Print Solution branding.","p:training-manual-printing-dubai:hero"
"872","assets/images/products/training-manual-printing-dubai/training-manual-printing-dubai-hero-1200.webp","1200","900","4:3","Product page – main photo (gallery 1)","/training-manual-printing-dubai/","Stack of A4 wire-bound training manuals with laminated covers and coloured tab dividers","Temporary stock","Kelly Sikkema (Unsplash xQsoV7Zf5iw)","Realistic commercial product photograph of a stack of A4 wire-o bound training manuals with matt laminated teal covers and colourful printed tab dividers visible at the edge, on a white meeting table, soft daylight, three-quarter angle. Fictional brand name, no real logos, no Flash Print Solution branding.","p:training-manual-printing-dubai:hero"
"873","assets/images/og/training-manual-printing-dubai-hero.jpg","1200","630","1.91:1","Social share preview (Facebook, WhatsApp, LinkedIn…) – JPG","/training-manual-printing-dubai/","Stack of A4 wire-bound training manuals with laminated covers and coloured tab dividers","Temporary stock","Kelly Sikkema (Unsplash xQsoV7Zf5iw)","Same photo as above, cropped to 1200 × 630","p:training-manual-printing-dubai:hero"
"874","assets/images/products/training-manual-printing-dubai/training-manual-printing-dubai-detail-640.webp","640","480","4:3","Product page – material / finish close-up (gallery 2)","/training-manual-printing-dubai/","Close-up of metal wire-o binding and printed tab dividers on a manual","Temporary stock","Brett Jordan (Unsplash iIuNkYfK92I)","Macro photograph of silver double-loop wire binding on an open A4 manual, with laminated printed tab dividers fanned beside it, uncoated text pages showing handwritten notes, soft side light, shallow depth of field. Fictional brand name, no real logos, no Flash Print Solution branding.","p:training-manual-printing-dubai:detail"
"875","assets/images/products/training-manual-printing-dubai/training-manual-printing-dubai-detail-1200.webp","1200","900","4:3","Product page – material / finish close-up (gallery 2)","/training-manual-printing-dubai/","Close-up of metal wire-o binding and printed tab dividers on a manual","Temporary stock","Brett Jordan (Unsplash iIuNkYfK92I)","Macro photograph of silver double-loop wire binding on an open A4 manual, with laminated printed tab dividers fanned beside it, uncoated text pages showing handwritten notes, soft side light, shallow depth of field. Fictional brand name, no real logos, no Flash Print Solution branding.","p:training-manual-printing-dubai:detail"
"876","assets/images/products/training-manual-printing-dubai/training-manual-printing-dubai-application-640.webp","640","480","4:3","Product page – product in use (gallery 3 + “Where it’s used”)","/training-manual-printing-dubai/","Trainees taking notes in open workbooks during a corporate training session","Temporary stock","Vitaly Gariev (Unsplash TCZ12fCpFVw)","Realistic editorial photograph of hospitality trainees around a table in a bright Dubai training room, writing notes in open wire-bound workbooks while a trainer presents in the background, natural light, medium-wide shot at table height. Fictional brand name, no real logos, no Flash Print Solution branding.","p:training-manual-printing-dubai:application"
"877","assets/images/products/training-manual-printing-dubai/training-manual-printing-dubai-application-1200.webp","1200","900","4:3","Product page – product in use (gallery 3 + “Where it’s used”)","/training-manual-printing-dubai/","Trainees taking notes in open workbooks during a corporate training session","Temporary stock","Vitaly Gariev (Unsplash TCZ12fCpFVw)","Realistic editorial photograph of hospitality trainees around a table in a bright Dubai training room, writing notes in open wire-bound workbooks while a trainer presents in the background, natural light, medium-wide shot at table height. Fictional brand name, no real logos, no Flash Print Solution branding.","p:training-manual-printing-dubai:application"
"878","assets/images/products/training-manual-printing-dubai/training-manual-printing-dubai-production-640.webp","640","480","4:3","Product page – production / finishing (gallery 4)","/training-manual-printing-dubai/","Booklet binding / stitching and folding of multi-page printed documents","Temporary stock (shared production photo)","Christopher Bill (Unsplash AmvUqBtvXpA)","Photorealistic commercial photograph of training manuals production: Booklet binding / stitching and folding of multi-page printed documents. Clean, well-lit Dubai print workshop, 4:3 landscape. Fictional brand names only, no real logos, no Flash Print Solution branding.","p:training-manual-printing-dubai:production"
"879","assets/images/products/training-manual-printing-dubai/training-manual-printing-dubai-production-1200.webp","1200","900","4:3","Product page – production / finishing (gallery 4)","/training-manual-printing-dubai/","Booklet binding / stitching and folding of multi-page printed documents","Temporary stock (shared production photo)","Christopher Bill (Unsplash AmvUqBtvXpA)","Photorealistic commercial photograph of training manuals production: Booklet binding / stitching and folding of multi-page printed documents. Clean, well-lit Dubai print workshop, 4:3 landscape. Fictional brand names only, no real logos, no Flash Print Solution branding.","p:training-manual-printing-dubai:production"
"880","assets/images/products/restaurant-menu-printing-dubai/restaurant-menu-printing-dubai-hero-640.webp","640","480","4:3","Product page – main photo (gallery 1)","/restaurant-menu-printing-dubai/","Laminated bi-fold restaurant menu open on a wooden table beside cutlery","Temporary stock","Annie Spratt (Unsplash h-8ql6184Qc)","Realistic commercial photograph of an open laminated bi-fold restaurant menu with bilingual English and Arabic text lying on a warm wooden table beside cutlery and a water glass, soft window light, shallow depth of field, overhead three-quarter angle, fictional brand name, no real logos, no Flash Print Solution branding.","p:restaurant-menu-printing-dubai:hero"
"881","assets/images/products/restaurant-menu-printing-dubai/restaurant-menu-printing-dubai-hero-1200.webp","1200","900","4:3","Product page – main photo (gallery 1)","/restaurant-menu-printing-dubai/","Laminated bi-fold restaurant menu open on a wooden table beside cutlery","Temporary stock","Annie Spratt (Unsplash h-8ql6184Qc)","Realistic commercial photograph of an open laminated bi-fold restaurant menu with bilingual English and Arabic text lying on a warm wooden table beside cutlery and a water glass, soft window light, shallow depth of field, overhead three-quarter angle, fictional brand name, no real logos, no Flash Print Solution branding.","p:restaurant-menu-printing-dubai:hero"
"882","assets/images/og/restaurant-menu-printing-dubai-hero.jpg","1200","630","1.91:1","Social share preview (Facebook, WhatsApp, LinkedIn…) – JPG","/restaurant-menu-printing-dubai/","Laminated bi-fold restaurant menu open on a wooden table beside cutlery","Temporary stock","Annie Spratt (Unsplash h-8ql6184Qc)","Same photo as above, cropped to 1200 × 630","p:restaurant-menu-printing-dubai:hero"
"883","assets/images/products/restaurant-menu-printing-dubai/restaurant-menu-printing-dubai-detail-640.webp","640","480","4:3","Product page – material / finish close-up (gallery 2)","/restaurant-menu-printing-dubai/","Close-up of a soft-touch menu cover with a foil-stamped logo and rounded corners","Temporary stock","Brett Jordan (Unsplash 9EGrhN04s08)","Macro commercial photograph of the corner of a dark soft-touch laminated menu cover with a gold foil-stamped fictional logo and rounded corners, raking light revealing the velvety texture and foil shine, neutral background, fictional brand name, no real logos, no Flash Print Solution branding.","p:restaurant-menu-printing-dubai:detail"
"884","assets/images/products/restaurant-menu-printing-dubai/restaurant-menu-printing-dubai-detail-1200.webp","1200","900","4:3","Product page – material / finish close-up (gallery 2)","/restaurant-menu-printing-dubai/","Close-up of a soft-touch menu cover with a foil-stamped logo and rounded corners","Temporary stock","Brett Jordan (Unsplash 9EGrhN04s08)","Macro commercial photograph of the corner of a dark soft-touch laminated menu cover with a gold foil-stamped fictional logo and rounded corners, raking light revealing the velvety texture and foil shine, neutral background, fictional brand name, no real logos, no Flash Print Solution branding.","p:restaurant-menu-printing-dubai:detail"
"885","assets/images/products/restaurant-menu-printing-dubai/restaurant-menu-printing-dubai-application-640.webp","640","480","4:3","Product page – product in use (gallery 3 + “Where it’s used”)","/restaurant-menu-printing-dubai/","Waiter handing a printed menu to guests on a terrace restaurant table","Temporary stock","SpotOn (Unsplash deEt6Xfk78M)","Realistic commercial photograph of a waiter handing a printed synthetic menu to two guests seated at a terrace restaurant table in Dubai at sunset, warm golden light, marina softly blurred in the background, candid mid-shot, fictional brand name, no real logos, no Flash Print Solution branding.","p:restaurant-menu-printing-dubai:application"
"886","assets/images/products/restaurant-menu-printing-dubai/restaurant-menu-printing-dubai-application-1200.webp","1200","900","4:3","Product page – product in use (gallery 3 + “Where it’s used”)","/restaurant-menu-printing-dubai/","Waiter handing a printed menu to guests on a terrace restaurant table","Temporary stock","SpotOn (Unsplash deEt6Xfk78M)","Realistic commercial photograph of a waiter handing a printed synthetic menu to two guests seated at a terrace restaurant table in Dubai at sunset, warm golden light, marina softly blurred in the background, candid mid-shot, fictional brand name, no real logos, no Flash Print Solution branding.","p:restaurant-menu-printing-dubai:application"
"887","assets/images/products/restaurant-menu-printing-dubai/restaurant-menu-printing-dubai-production-640.webp","640","480","4:3","Product page – production / finishing (gallery 4)","/restaurant-menu-printing-dubai/","Digital press output","Temporary stock (shared production photo)","Srdjan Ivankovic (Unsplash Wq4lqogZKMY)","Photorealistic commercial photograph of restaurant menus production: Digital press output — freshly printed sheets leaving a production digital press. Clean, well-lit Dubai print workshop, 4:3 landscape. Fictional brand names only, no real logos, no Flash Print Solution branding.","p:restaurant-menu-printing-dubai:production"
"888","assets/images/products/restaurant-menu-printing-dubai/restaurant-menu-printing-dubai-production-1200.webp","1200","900","4:3","Product page – production / finishing (gallery 4)","/restaurant-menu-printing-dubai/","Digital press output","Temporary stock (shared production photo)","Srdjan Ivankovic (Unsplash Wq4lqogZKMY)","Photorealistic commercial photograph of restaurant menus production: Digital press output — freshly printed sheets leaving a production digital press. Clean, well-lit Dubai print workshop, 4:3 landscape. Fictional brand names only, no real logos, no Flash Print Solution branding.","p:restaurant-menu-printing-dubai:production"
"889","assets/images/products/printed-table-mats-dubai/printed-table-mats-dubai-hero-640.webp","640","480","4:3","Product page – main photo (gallery 1)","/printed-table-mats-dubai/","Printed paper placemat with a colourful illustrated design on a café table","Temporary stock","Alla Hetman (Unsplash CA_gNl6C1xM)","Realistic commercial photograph of a printed A3 paper placemat with a colourful illustrated design and small menu highlights on a light wooden café table, coffee cup and cutlery placed on it, soft daylight, overhead angle, fictional brand name, no real logos, no Flash Print Solution branding.","p:printed-table-mats-dubai:hero"
"890","assets/images/products/printed-table-mats-dubai/printed-table-mats-dubai-hero-1200.webp","1200","900","4:3","Product page – main photo (gallery 1)","/printed-table-mats-dubai/","Printed paper placemat with a colourful illustrated design on a café table","Temporary stock","Alla Hetman (Unsplash CA_gNl6C1xM)","Realistic commercial photograph of a printed A3 paper placemat with a colourful illustrated design and small menu highlights on a light wooden café table, coffee cup and cutlery placed on it, soft daylight, overhead angle, fictional brand name, no real logos, no Flash Print Solution branding.","p:printed-table-mats-dubai:hero"
"891","assets/images/og/printed-table-mats-dubai-hero.jpg","1200","630","1.91:1","Social share preview (Facebook, WhatsApp, LinkedIn…) – JPG","/printed-table-mats-dubai/","Printed paper placemat with a colourful illustrated design on a café table","Temporary stock","Alla Hetman (Unsplash CA_gNl6C1xM)","Same photo as above, cropped to 1200 × 630","p:printed-table-mats-dubai:hero"
"892","assets/images/products/printed-table-mats-dubai/printed-table-mats-dubai-detail-640.webp","640","480","4:3","Product page – material / finish close-up (gallery 2)","/printed-table-mats-dubai/","Stack of printed tear-off placemat pads showing the glued edge and paper texture","Temporary stock","The 77 Human Needs System (Unsplash EcuonJly8nE)","Close-up commercial photograph of a stack of printed paper placemat pads showing the glued top edge, a partly torn sheet and the uncoated paper texture, soft studio lighting, shallow depth of field, neutral background, fictional brand name, no real logos, no Flash Print Solution branding.","p:printed-table-mats-dubai:detail"
"893","assets/images/products/printed-table-mats-dubai/printed-table-mats-dubai-detail-1200.webp","1200","900","4:3","Product page – material / finish close-up (gallery 2)","/printed-table-mats-dubai/","Stack of printed tear-off placemat pads showing the glued edge and paper texture","Temporary stock","The 77 Human Needs System (Unsplash EcuonJly8nE)","Close-up commercial photograph of a stack of printed paper placemat pads showing the glued top edge, a partly torn sheet and the uncoated paper texture, soft studio lighting, shallow depth of field, neutral background, fictional brand name, no real logos, no Flash Print Solution branding.","p:printed-table-mats-dubai:detail"
"894","assets/images/products/printed-table-mats-dubai/printed-table-mats-dubai-application-640.webp","640","480","4:3","Product page – product in use (gallery 3 + “Where it’s used”)","/printed-table-mats-dubai/","Food tray with a printed tray liner, burger and fries on a counter","Temporary stock","Pixzolo Photography (Unsplash 8YBHgP0WrEo)","Realistic commercial photograph of a plastic food tray lined with a printed paper tray liner, holding a burger, fries and a drink on a counter in a bright Dubai food court, cheerful colours, shallow depth of field, three-quarter angle, fictional brand name, no real logos, no Flash Print Solution branding.","p:printed-table-mats-dubai:application"
"895","assets/images/products/printed-table-mats-dubai/printed-table-mats-dubai-application-1200.webp","1200","900","4:3","Product page – product in use (gallery 3 + “Where it’s used”)","/printed-table-mats-dubai/","Food tray with a printed tray liner, burger and fries on a counter","Temporary stock","Pixzolo Photography (Unsplash 8YBHgP0WrEo)","Realistic commercial photograph of a plastic food tray lined with a printed paper tray liner, holding a burger, fries and a drink on a counter in a bright Dubai food court, cheerful colours, shallow depth of field, three-quarter angle, fictional brand name, no real logos, no Flash Print Solution branding.","p:printed-table-mats-dubai:application"
"896","assets/images/products/printed-table-mats-dubai/printed-table-mats-dubai-production-640.webp","640","480","4:3","Product page – production / finishing (gallery 4)","/printed-table-mats-dubai/","Offset press run","Temporary stock (shared production photo)","NOAA (Unsplash HFYczZkqCoE)","Photorealistic commercial photograph of table mats production: Offset press run — operator checking a sheet at an offset printing press. Clean, well-lit Dubai print workshop, 4:3 landscape. Fictional brand names only, no real logos, no Flash Print Solution branding.","p:printed-table-mats-dubai:production"
"897","assets/images/products/printed-table-mats-dubai/printed-table-mats-dubai-production-1200.webp","1200","900","4:3","Product page – production / finishing (gallery 4)","/printed-table-mats-dubai/","Offset press run","Temporary stock (shared production photo)","NOAA (Unsplash HFYczZkqCoE)","Photorealistic commercial photograph of table mats production: Offset press run — operator checking a sheet at an offset printing press. Clean, well-lit Dubai print workshop, 4:3 landscape. Fictional brand names only, no real logos, no Flash Print Solution branding.","p:printed-table-mats-dubai:production"
"898","assets/images/products/hospital-signage-dubai/hospital-signage-dubai-hero-640.webp","640","480","4:3","Product page – main photo (gallery 1)","/hospital-signage-dubai/","Bilingual department directory sign on a white wall in a modern hospital corridor","Temporary stock","Marius Karotkis (Unsplash 4tP2Xok0XQM)","Realistic commercial photograph of a large acrylic department directory sign with colour-coded bars, simple pictograms and English and Arabic text for a fictional hospital, mounted on a white corridor wall near lifts, polished pale floor, soft even daylight, straight-on eye-level view, fictional brand name, no real logos, no Flash Print Solution branding.","p:hospital-signage-dubai:hero"
"899","assets/images/products/hospital-signage-dubai/hospital-signage-dubai-hero-1200.webp","1200","900","4:3","Product page – main photo (gallery 1)","/hospital-signage-dubai/","Bilingual department directory sign on a white wall in a modern hospital corridor","Temporary stock","Marius Karotkis (Unsplash 4tP2Xok0XQM)","Realistic commercial photograph of a large acrylic department directory sign with colour-coded bars, simple pictograms and English and Arabic text for a fictional hospital, mounted on a white corridor wall near lifts, polished pale floor, soft even daylight, straight-on eye-level view, fictional brand name, no real logos, no Flash Print Solution branding.","p:hospital-signage-dubai:hero"
"900","assets/images/og/hospital-signage-dubai-hero.jpg","1200","630","1.91:1","Social share preview (Facebook, WhatsApp, LinkedIn…) – JPG","/hospital-signage-dubai/","Bilingual department directory sign on a white wall in a modern hospital corridor","Temporary stock","Marius Karotkis (Unsplash 4tP2Xok0XQM)","Same photo as above, cropped to 1200 × 630","p:hospital-signage-dubai:hero"
"901","assets/images/products/hospital-signage-dubai/hospital-signage-dubai-detail-640.webp","640","480","4:3","Product page – material / finish close-up (gallery 2)","/hospital-signage-dubai/","Close-up of a consultation room door sign with a slide-in doctor name insert","Temporary stock","Jakub Żerdzicki (Unsplash sv4t9zo-W3k)","Realistic close-up photograph of a brushed aluminium door sign holder on a pale wood clinic door, a printed insert showing a fictional doctor's name and room number half slid out of the frame, rounded corners visible, soft diffused lighting, shallow depth of field, fictional brand name, no real logos, no Flash Print Solution branding.","p:hospital-signage-dubai:detail"
"902","assets/images/products/hospital-signage-dubai/hospital-signage-dubai-detail-1200.webp","1200","900","4:3","Product page – material / finish close-up (gallery 2)","/hospital-signage-dubai/","Close-up of a consultation room door sign with a slide-in doctor name insert","Temporary stock","Jakub Żerdzicki (Unsplash sv4t9zo-W3k)","Realistic close-up photograph of a brushed aluminium door sign holder on a pale wood clinic door, a printed insert showing a fictional doctor's name and room number half slid out of the frame, rounded corners visible, soft diffused lighting, shallow depth of field, fictional brand name, no real logos, no Flash Print Solution branding.","p:hospital-signage-dubai:detail"
"903","assets/images/products/hospital-signage-dubai/hospital-signage-dubai-application-640.webp","640","480","4:3","Product page – product in use (gallery 3 + “Where it’s used”)","/hospital-signage-dubai/","Patient walking past colour-coded projecting department signs in a clinic corridor","Temporary stock","Cory Mogk (Unsplash Wn77gCRoegs)","Realistic commercial photograph of a patient walking down a bright Dubai clinic corridor beneath colour-coded projecting department signs in English and Arabic, reception desk softly blurred in the background, clean white walls and natural light, candid eye-level angle, fictional brand name, no real logos, no Flash Print Solution branding.","p:hospital-signage-dubai:application"
"904","assets/images/products/hospital-signage-dubai/hospital-signage-dubai-application-1200.webp","1200","900","4:3","Product page – product in use (gallery 3 + “Where it’s used”)","/hospital-signage-dubai/","Patient walking past colour-coded projecting department signs in a clinic corridor","Temporary stock","Cory Mogk (Unsplash Wn77gCRoegs)","Realistic commercial photograph of a patient walking down a bright Dubai clinic corridor beneath colour-coded projecting department signs in English and Arabic, reception desk softly blurred in the background, clean white walls and natural light, candid eye-level angle, fictional brand name, no real logos, no Flash Print Solution branding.","p:hospital-signage-dubai:application"
"905","assets/images/products/hospital-signage-dubai/hospital-signage-dubai-production-640.webp","640","480","4:3","Product page – production / finishing (gallery 4)","/hospital-signage-dubai/","Workshop fabrication of signage","Temporary stock (shared production photo)","Syd Mills (Unsplash kLeczQMR55Y)","Photorealistic commercial photograph of hospital signage production: Workshop fabrication of signage — acrylic, aluminium composite panels and letters. Clean, well-lit Dubai print workshop, 4:3 landscape. Fictional brand names only, no real logos, no Flash Print Solution branding.","p:hospital-signage-dubai:production"
"906","assets/images/products/hospital-signage-dubai/hospital-signage-dubai-production-1200.webp","1200","900","4:3","Product page – production / finishing (gallery 4)","/hospital-signage-dubai/","Workshop fabrication of signage","Temporary stock (shared production photo)","Syd Mills (Unsplash kLeczQMR55Y)","Photorealistic commercial photograph of hospital signage production: Workshop fabrication of signage — acrylic, aluminium composite panels and letters. Clean, well-lit Dubai print workshop, 4:3 landscape. Fictional brand names only, no real logos, no Flash Print Solution branding.","p:hospital-signage-dubai:production"
"907","assets/images/products/medical-form-printing-dubai/medical-form-printing-dubai-hero-640.webp","640","480","4:3","Product page – main photo (gallery 1)","/medical-form-printing-dubai/","Stack of bilingual patient registration forms and NCR sets on a clinic reception desk","Temporary stock","Kelly Sikkema (Unsplash tQQ4BwN_UFs)","Realistic commercial photograph of neatly stacked bilingual patient registration forms and a fanned NCR set in white, yellow and pink on a white clinic reception desk, a pen and clipboard beside them for a fictional clinic, soft daylight, slightly elevated 45-degree angle, fictional brand name, no real logos, no Flash Print Solution branding.","p:medical-form-printing-dubai:hero"
"908","assets/images/products/medical-form-printing-dubai/medical-form-printing-dubai-hero-1200.webp","1200","900","4:3","Product page – main photo (gallery 1)","/medical-form-printing-dubai/","Stack of bilingual patient registration forms and NCR sets on a clinic reception desk","Temporary stock","Kelly Sikkema (Unsplash tQQ4BwN_UFs)","Realistic commercial photograph of neatly stacked bilingual patient registration forms and a fanned NCR set in white, yellow and pink on a white clinic reception desk, a pen and clipboard beside them for a fictional clinic, soft daylight, slightly elevated 45-degree angle, fictional brand name, no real logos, no Flash Print Solution branding.","p:medical-form-printing-dubai:hero"
"909","assets/images/og/medical-form-printing-dubai-hero.jpg","1200","630","1.91:1","Social share preview (Facebook, WhatsApp, LinkedIn…) – JPG","/medical-form-printing-dubai/","Stack of bilingual patient registration forms and NCR sets on a clinic reception desk","Temporary stock","Kelly Sikkema (Unsplash tQQ4BwN_UFs)","Same photo as above, cropped to 1200 × 630","p:medical-form-printing-dubai:hero"
"910","assets/images/products/medical-form-printing-dubai/medical-form-printing-dubai-detail-640.webp","640","480","4:3","Product page – material / finish close-up (gallery 2)","/medical-form-printing-dubai/","Close-up of white, yellow and pink NCR copies fanned out with red numbering","Temporary stock","Mika Baumeister (Unsplash Hm4zYX-BDxk)","Realistic macro photograph of a three-part NCR form set fanned out in white, yellow and pink, a red sequential number printed in the top corner of each sheet and a perforated tear line visible, soft directional light on a pale surface, shallow depth of field, fictional brand name, no real logos, no Flash Print Solution branding.","p:medical-form-printing-dubai:detail"
"911","assets/images/products/medical-form-printing-dubai/medical-form-printing-dubai-detail-1200.webp","1200","900","4:3","Product page – material / finish close-up (gallery 2)","/medical-form-printing-dubai/","Close-up of white, yellow and pink NCR copies fanned out with red numbering","Temporary stock","Mika Baumeister (Unsplash Hm4zYX-BDxk)","Realistic macro photograph of a three-part NCR form set fanned out in white, yellow and pink, a red sequential number printed in the top corner of each sheet and a perforated tear line visible, soft directional light on a pale surface, shallow depth of field, fictional brand name, no real logos, no Flash Print Solution branding.","p:medical-form-printing-dubai:detail"
"912","assets/images/products/medical-form-printing-dubai/medical-form-printing-dubai-application-640.webp","640","480","4:3","Product page – product in use (gallery 3 + “Where it’s used”)","/medical-form-printing-dubai/","Receptionist handing a patient a registration form on a clipboard in a clinic","Temporary stock","National Cancer Institute (Unsplash tl447mekwuQ)","Realistic commercial photograph of a clinic receptionist handing a clipboard with a printed registration form to a patient across a modern reception counter in Dubai, plants and waiting chairs softly blurred behind, warm natural light, candid eye-level angle, fictional brand name, no real logos, no Flash Print Solution branding.","p:medical-form-printing-dubai:application"
"913","assets/images/products/medical-form-printing-dubai/medical-form-printing-dubai-application-1200.webp","1200","900","4:3","Product page – product in use (gallery 3 + “Where it’s used”)","/medical-form-printing-dubai/","Receptionist handing a patient a registration form on a clipboard in a clinic","Temporary stock","National Cancer Institute (Unsplash tl447mekwuQ)","Realistic commercial photograph of a clinic receptionist handing a clipboard with a printed registration form to a patient across a modern reception counter in Dubai, plants and waiting chairs softly blurred behind, warm natural light, candid eye-level angle, fictional brand name, no real logos, no Flash Print Solution branding.","p:medical-form-printing-dubai:application"
"914","assets/images/products/medical-form-printing-dubai/medical-form-printing-dubai-production-640.webp","640","480","4:3","Product page – production / finishing (gallery 4)","/medical-form-printing-dubai/","Offset press run","Temporary stock (shared production photo)","NOAA (Unsplash HFYczZkqCoE)","Photorealistic commercial photograph of medical forms production: Offset press run — operator checking a sheet at an offset printing press. Clean, well-lit Dubai print workshop, 4:3 landscape. Fictional brand names only, no real logos, no Flash Print Solution branding.","p:medical-form-printing-dubai:production"
"915","assets/images/products/medical-form-printing-dubai/medical-form-printing-dubai-production-1200.webp","1200","900","4:3","Product page – production / finishing (gallery 4)","/medical-form-printing-dubai/","Offset press run","Temporary stock (shared production photo)","NOAA (Unsplash HFYczZkqCoE)","Photorealistic commercial photograph of medical forms production: Offset press run — operator checking a sheet at an offset printing press. Clean, well-lit Dubai print workshop, 4:3 landscape. Fictional brand names only, no real logos, no Flash Print Solution branding.","p:medical-form-printing-dubai:production"
"916","assets/images/products/patient-information-boards-dubai/patient-information-boards-dubai-hero-640.webp","640","480","4:3","Product page – main photo (gallery 1)","/patient-information-boards-dubai/","Bedside dry-wipe patient board with printed headings for the care team and notes","Temporary stock","Martha Dominguez de Gouveia (Unsplash ShJUYkshceY)","Realistic commercial photograph of a white bedside patient information board with printed pastel headings for care team, today's date and notes, handwritten marker entries for a fictional patient, mounted on a pale hospital room wall beside a neatly made bed, soft daylight, eye-level view, fictional brand name, no real logos, no Flash Print Solution branding.","p:patient-information-boards-dubai:hero"
"917","assets/images/products/patient-information-boards-dubai/patient-information-boards-dubai-hero-1200.webp","1200","900","4:3","Product page – main photo (gallery 1)","/patient-information-boards-dubai/","Bedside dry-wipe patient board with printed headings for the care team and notes","Temporary stock","Martha Dominguez de Gouveia (Unsplash ShJUYkshceY)","Realistic commercial photograph of a white bedside patient information board with printed pastel headings for care team, today's date and notes, handwritten marker entries for a fictional patient, mounted on a pale hospital room wall beside a neatly made bed, soft daylight, eye-level view, fictional brand name, no real logos, no Flash Print Solution branding.","p:patient-information-boards-dubai:hero"
"918","assets/images/og/patient-information-boards-dubai-hero.jpg","1200","630","1.91:1","Social share preview (Facebook, WhatsApp, LinkedIn…) – JPG","/patient-information-boards-dubai/","Bedside dry-wipe patient board with printed headings for the care team and notes","Temporary stock","Martha Dominguez de Gouveia (Unsplash ShJUYkshceY)","Same photo as above, cropped to 1200 × 630","p:patient-information-boards-dubai:hero"
"919","assets/images/products/patient-information-boards-dubai/patient-information-boards-dubai-detail-640.webp","640","480","4:3","Product page – material / finish close-up (gallery 2)","/patient-information-boards-dubai/","Close-up of a whiteboard marker writing on a gloss dry-wipe laminated board","Temporary stock","Melanie Deziel (Unsplash fSWQPBxqClg)","Realistic macro photograph of a blue whiteboard marker writing a name into a printed field on a glossy dry-wipe laminated board, rounded board corner and printed heading visible, soft reflections on the laminate, gentle side lighting, shallow depth of field, fictional brand name, no real logos, no Flash Print Solution branding.","p:patient-information-boards-dubai:detail"
"920","assets/images/products/patient-information-boards-dubai/patient-information-boards-dubai-detail-1200.webp","1200","900","4:3","Product page – material / finish close-up (gallery 2)","/patient-information-boards-dubai/","Close-up of a whiteboard marker writing on a gloss dry-wipe laminated board","Temporary stock","Melanie Deziel (Unsplash fSWQPBxqClg)","Realistic macro photograph of a blue whiteboard marker writing a name into a printed field on a glossy dry-wipe laminated board, rounded board corner and printed heading visible, soft reflections on the laminate, gentle side lighting, shallow depth of field, fictional brand name, no real logos, no Flash Print Solution branding.","p:patient-information-boards-dubai:detail"
"921","assets/images/products/patient-information-boards-dubai/patient-information-boards-dubai-application-640.webp","640","480","4:3","Product page – product in use (gallery 3 + “Where it’s used”)","/patient-information-boards-dubai/","Nurse updating a care-team board on a hospital ward corridor wall","Temporary stock","Học Viện Chăm Sóc Sắc Đẹp Á Âu (Unsplash WjT1QCTy3sM)","Realistic commercial photograph of a nurse in scrubs updating a wall-mounted care-team board with slide-in name cards and dry-wipe sections on a calm hospital ward corridor in Dubai, soft overhead lighting, clean pale walls, candid three-quarter angle, fictional brand name, no real logos, no Flash Print Solution branding.","p:patient-information-boards-dubai:application"
"922","assets/images/products/patient-information-boards-dubai/patient-information-boards-dubai-application-1200.webp","1200","900","4:3","Product page – product in use (gallery 3 + “Where it’s used”)","/patient-information-boards-dubai/","Nurse updating a care-team board on a hospital ward corridor wall","Temporary stock","Học Viện Chăm Sóc Sắc Đẹp Á Âu (Unsplash WjT1QCTy3sM)","Realistic commercial photograph of a nurse in scrubs updating a wall-mounted care-team board with slide-in name cards and dry-wipe sections on a calm hospital ward corridor in Dubai, soft overhead lighting, clean pale walls, candid three-quarter angle, fictional brand name, no real logos, no Flash Print Solution branding.","p:patient-information-boards-dubai:application"
"923","assets/images/products/patient-information-boards-dubai/patient-information-boards-dubai-production-640.webp","640","480","4:3","Product page – production / finishing (gallery 4)","/patient-information-boards-dubai/","Wide-format inkjet printer printing a large graphic onto roll media","Temporary stock (shared production photo)","Geri Sakti (Unsplash CYrYxz-uvE4)","Photorealistic commercial photograph of patient boards production: Wide-format inkjet printer printing a large graphic onto roll media. Clean, well-lit Dubai print workshop, 4:3 landscape. Fictional brand names only, no real logos, no Flash Print Solution branding.","p:patient-information-boards-dubai:production"
"924","assets/images/products/patient-information-boards-dubai/patient-information-boards-dubai-production-1200.webp","1200","900","4:3","Product page – production / finishing (gallery 4)","/patient-information-boards-dubai/","Wide-format inkjet printer printing a large graphic onto roll media","Temporary stock (shared production photo)","Geri Sakti (Unsplash CYrYxz-uvE4)","Photorealistic commercial photograph of patient boards production: Wide-format inkjet printer printing a large graphic onto roll media. Clean, well-lit Dubai print workshop, 4:3 landscape. Fictional brand names only, no real logos, no Flash Print Solution branding.","p:patient-information-boards-dubai:production"
"925","assets/images/products/prescription-pad-printing-dubai/prescription-pad-printing-dubai-hero-640.webp","640","480","4:3","Product page – main photo (gallery 1)","/prescription-pad-printing-dubai/","Stack of personalised A5 prescription pads with a fictional clinic logo on a desk","Temporary stock – SHARED with healthcare-medical category (replace first)","Tasha Kostyuk (Unsplash Pk-KuizxQv8)","Realistic commercial product photograph of three personalised A5 prescription pads stacked slightly offset on a white consultation desk, a fictional clinic logo and doctor name in a teal header band, a silver pen and stethoscope nearby, soft daylight, slightly elevated angle, fictional brand name, no real logos, no Flash Print Solution branding.","p:prescription-pad-printing-dubai:hero"
"926","assets/images/products/prescription-pad-printing-dubai/prescription-pad-printing-dubai-hero-1200.webp","1200","900","4:3","Product page – main photo (gallery 1)","/prescription-pad-printing-dubai/","Stack of personalised A5 prescription pads with a fictional clinic logo on a desk","Temporary stock – SHARED with healthcare-medical category (replace first)","Tasha Kostyuk (Unsplash Pk-KuizxQv8)","Realistic commercial product photograph of three personalised A5 prescription pads stacked slightly offset on a white consultation desk, a fictional clinic logo and doctor name in a teal header band, a silver pen and stethoscope nearby, soft daylight, slightly elevated angle, fictional brand name, no real logos, no Flash Print Solution branding.","p:prescription-pad-printing-dubai:hero"
"927","assets/images/og/prescription-pad-printing-dubai-hero.jpg","1200","630","1.91:1","Social share preview (Facebook, WhatsApp, LinkedIn…) – JPG","/prescription-pad-printing-dubai/","Stack of personalised A5 prescription pads with a fictional clinic logo on a desk","Temporary stock – SHARED with healthcare-medical category (replace first)","Tasha Kostyuk (Unsplash Pk-KuizxQv8)","Same photo as above, cropped to 1200 × 630","p:prescription-pad-printing-dubai:hero"
"928","assets/images/products/prescription-pad-printing-dubai/prescription-pad-printing-dubai-detail-640.webp","640","480","4:3","Product page – material / finish close-up (gallery 2)","/prescription-pad-printing-dubai/","Close-up of red sequential numbering and the glued head of a prescription pad","Temporary stock","Brando Makes Branding (Unsplash fsejsqFKRTs)","Realistic macro photograph of the top edge of a prescription pad showing the glued padding strip, a perforation line and a red sequential number printed in the corner of the top sheet, fine paper texture visible, soft side lighting, shallow depth of field, fictional brand name, no real logos, no Flash Print Solution branding.","p:prescription-pad-printing-dubai:detail"
"929","assets/images/products/prescription-pad-printing-dubai/prescription-pad-printing-dubai-detail-1200.webp","1200","900","4:3","Product page – material / finish close-up (gallery 2)","/prescription-pad-printing-dubai/","Close-up of red sequential numbering and the glued head of a prescription pad","Temporary stock","Brando Makes Branding (Unsplash fsejsqFKRTs)","Realistic macro photograph of the top edge of a prescription pad showing the glued padding strip, a perforation line and a red sequential number printed in the corner of the top sheet, fine paper texture visible, soft side lighting, shallow depth of field, fictional brand name, no real logos, no Flash Print Solution branding.","p:prescription-pad-printing-dubai:detail"
"930","assets/images/products/prescription-pad-printing-dubai/prescription-pad-printing-dubai-application-640.webp","640","480","4:3","Product page – product in use (gallery 3 + “Where it’s used”)","/prescription-pad-printing-dubai/","Doctor writing on a prescription pad at a consultation desk with a stethoscope","Temporary stock","Vitaly Gariev (Unsplash 8WYkI3cEZm8)","Realistic commercial photograph of a doctor in a white coat writing on a personalised prescription pad at a tidy consultation desk in a modern Dubai clinic, stethoscope and laptop nearby, warm natural window light, close three-quarter angle focused on the hand and pad, fictional brand name, no real logos, no Flash Print Solution branding.","p:prescription-pad-printing-dubai:application"
"931","assets/images/products/prescription-pad-printing-dubai/prescription-pad-printing-dubai-application-1200.webp","1200","900","4:3","Product page – product in use (gallery 3 + “Where it’s used”)","/prescription-pad-printing-dubai/","Doctor writing on a prescription pad at a consultation desk with a stethoscope","Temporary stock","Vitaly Gariev (Unsplash 8WYkI3cEZm8)","Realistic commercial photograph of a doctor in a white coat writing on a personalised prescription pad at a tidy consultation desk in a modern Dubai clinic, stethoscope and laptop nearby, warm natural window light, close three-quarter angle focused on the hand and pad, fictional brand name, no real logos, no Flash Print Solution branding.","p:prescription-pad-printing-dubai:application"
"932","assets/images/products/prescription-pad-printing-dubai/prescription-pad-printing-dubai-production-640.webp","640","480","4:3","Product page – production / finishing (gallery 4)","/prescription-pad-printing-dubai/","Trimming and cutting printed stacks on a guillotine in a print finishing area","Temporary stock (shared production photo)","Panda Paper Roll (Unsplash 5IG5XdpYih4)","Photorealistic commercial photograph of prescription pads production: Trimming and cutting printed stacks on a guillotine in a print finishing area. Clean, well-lit Dubai print workshop, 4:3 landscape. Fictional brand names only, no real logos, no Flash Print Solution branding.","p:prescription-pad-printing-dubai:production"
"933","assets/images/products/prescription-pad-printing-dubai/prescription-pad-printing-dubai-production-1200.webp","1200","900","4:3","Product page – production / finishing (gallery 4)","/prescription-pad-printing-dubai/","Trimming and cutting printed stacks on a guillotine in a print finishing area","Temporary stock (shared production photo)","Panda Paper Roll (Unsplash 5IG5XdpYih4)","Photorealistic commercial photograph of prescription pads production: Trimming and cutting printed stacks on a guillotine in a print finishing area. Clean, well-lit Dubai print workshop, 4:3 landscape. Fictional brand names only, no real logos, no Flash Print Solution branding.","p:prescription-pad-printing-dubai:production"
"934","assets/images/products/facility-signage-dubai/facility-signage-dubai-hero-640.webp","640","480","4:3","Product page – main photo (gallery 1)","/facility-signage-dubai/","Bilingual building identification board with a building number on a pale stone facade","Temporary stock","Waldemar Brandt (Unsplash YMMuClvvvWI)","Realistic commercial photograph of a large bilingual building identification board with raised brushed metal letters and a building number for a fictional facility, fixed to a pale stone facade in Dubai, clean landscaping below, bright even daylight, straight-on eye-level view, fictional brand name, no real logos, no Flash Print Solution branding.","p:facility-signage-dubai:hero"
"935","assets/images/products/facility-signage-dubai/facility-signage-dubai-hero-1200.webp","1200","900","4:3","Product page – main photo (gallery 1)","/facility-signage-dubai/","Bilingual building identification board with a building number on a pale stone facade","Temporary stock","Waldemar Brandt (Unsplash YMMuClvvvWI)","Realistic commercial photograph of a large bilingual building identification board with raised brushed metal letters and a building number for a fictional facility, fixed to a pale stone facade in Dubai, clean landscaping below, bright even daylight, straight-on eye-level view, fictional brand name, no real logos, no Flash Print Solution branding.","p:facility-signage-dubai:hero"
"936","assets/images/og/facility-signage-dubai-hero.jpg","1200","630","1.91:1","Social share preview (Facebook, WhatsApp, LinkedIn…) – JPG","/facility-signage-dubai/","Bilingual building identification board with a building number on a pale stone facade","Temporary stock","Waldemar Brandt (Unsplash YMMuClvvvWI)","Same photo as above, cropped to 1200 × 630","p:facility-signage-dubai:hero"
"937","assets/images/products/facility-signage-dubai/facility-signage-dubai-detail-640.webp","640","480","4:3","Product page – material / finish close-up (gallery 2)","/facility-signage-dubai/","Close-up of a laser-engraved brushed aluminium plate reading plant room on a grey door","Temporary stock","iridial (Unsplash s0ikeJgiJpc)","Realistic macro photograph of a brushed aluminium door plate laser-engraved with the words plant room and a room number in English and Arabic, fixed to a grey painted steel door with countersunk screws, crisp side lighting revealing the engraving depth, fictional brand name, no real logos, no Flash Print Solution branding.","p:facility-signage-dubai:detail"
"938","assets/images/products/facility-signage-dubai/facility-signage-dubai-detail-1200.webp","1200","900","4:3","Product page – material / finish close-up (gallery 2)","/facility-signage-dubai/","Close-up of a laser-engraved brushed aluminium plate reading plant room on a grey door","Temporary stock","iridial (Unsplash s0ikeJgiJpc)","Realistic macro photograph of a brushed aluminium door plate laser-engraved with the words plant room and a room number in English and Arabic, fixed to a grey painted steel door with countersunk screws, crisp side lighting revealing the engraving depth, fictional brand name, no real logos, no Flash Print Solution branding.","p:facility-signage-dubai:detail"
"939","assets/images/products/facility-signage-dubai/facility-signage-dubai-application-640.webp","640","480","4:3","Product page – product in use (gallery 3 + “Where it’s used”)","/facility-signage-dubai/","Floor directory with department names in a government office lift lobby","Temporary stock","Bunly Hort (Unsplash OABUPa4tbi8)","Realistic commercial photograph of a wall-mounted floor directory in frosted acrylic on stand-offs, listing fictional department names by floor in English and Arabic, beside lift doors in a calm government office lobby, marble floor, warm ambient lighting, three-quarter eye-level angle, fictional brand name, no real logos, no Flash Print Solution branding.","p:facility-signage-dubai:application"
"940","assets/images/products/facility-signage-dubai/facility-signage-dubai-application-1200.webp","1200","900","4:3","Product page – product in use (gallery 3 + “Where it’s used”)","/facility-signage-dubai/","Floor directory with department names in a government office lift lobby","Temporary stock","Bunly Hort (Unsplash OABUPa4tbi8)","Realistic commercial photograph of a wall-mounted floor directory in frosted acrylic on stand-offs, listing fictional department names by floor in English and Arabic, beside lift doors in a calm government office lobby, marble floor, warm ambient lighting, three-quarter eye-level angle, fictional brand name, no real logos, no Flash Print Solution branding.","p:facility-signage-dubai:application"
"941","assets/images/products/facility-signage-dubai/facility-signage-dubai-production-640.webp","640","480","4:3","Product page – production / finishing (gallery 4)","/facility-signage-dubai/","Installation team fixing a sign board on a building facade using ladders/lift","Temporary stock (shared production photo)","Miikka Luotio (Unsplash 5_IDEJpj4Ag)","Photorealistic commercial photograph of facility identification boards production: Installation team fixing a sign board on a building facade using ladders/lift. Clean, well-lit Dubai print workshop, 4:3 landscape. Fictional brand names only, no real logos, no Flash Print Solution branding.","p:facility-signage-dubai:production"
"942","assets/images/products/facility-signage-dubai/facility-signage-dubai-production-1200.webp","1200","900","4:3","Product page – production / finishing (gallery 4)","/facility-signage-dubai/","Installation team fixing a sign board on a building facade using ladders/lift","Temporary stock (shared production photo)","Miikka Luotio (Unsplash 5_IDEJpj4Ag)","Photorealistic commercial photograph of facility identification boards production: Installation team fixing a sign board on a building facade using ladders/lift. Clean, well-lit Dubai print workshop, 4:3 landscape. Fictional brand names only, no real logos, no Flash Print Solution branding.","p:facility-signage-dubai:production"
"943","assets/images/products/mandatory-safety-signage-dubai/mandatory-safety-signage-dubai-hero-640.webp","640","480","4:3","Product page – main photo (gallery 1)","/mandatory-safety-signage-dubai/","Blue mandatory signs for helmet, gloves and eye protection on a factory wall","Temporary stock","Bernard Hermant (Unsplash -GadcAEZhwg)","Realistic commercial photograph of a row of blue circular mandatory safety signs showing helmet, gloves and eye protection pictograms on white PVC panels, mounted on a light grey factory wall beside a production-area door, even industrial lighting, straight-on eye-level view, fictional brand name, no real logos, no Flash Print Solution branding.","p:mandatory-safety-signage-dubai:hero"
"944","assets/images/products/mandatory-safety-signage-dubai/mandatory-safety-signage-dubai-hero-1200.webp","1200","900","4:3","Product page – main photo (gallery 1)","/mandatory-safety-signage-dubai/","Blue mandatory signs for helmet, gloves and eye protection on a factory wall","Temporary stock","Bernard Hermant (Unsplash -GadcAEZhwg)","Realistic commercial photograph of a row of blue circular mandatory safety signs showing helmet, gloves and eye protection pictograms on white PVC panels, mounted on a light grey factory wall beside a production-area door, even industrial lighting, straight-on eye-level view, fictional brand name, no real logos, no Flash Print Solution branding.","p:mandatory-safety-signage-dubai:hero"
"945","assets/images/og/mandatory-safety-signage-dubai-hero.jpg","1200","630","1.91:1","Social share preview (Facebook, WhatsApp, LinkedIn…) – JPG","/mandatory-safety-signage-dubai/","Blue mandatory signs for helmet, gloves and eye protection on a factory wall","Temporary stock","Bernard Hermant (Unsplash -GadcAEZhwg)","Same photo as above, cropped to 1200 × 630","p:mandatory-safety-signage-dubai:hero"
"946","assets/images/products/mandatory-safety-signage-dubai/mandatory-safety-signage-dubai-detail-640.webp","640","480","4:3","Product page – material / finish close-up (gallery 2)","/mandatory-safety-signage-dubai/","Close-up of a blue hand-washing sign with a gloss laminate in a commercial kitchen","Temporary stock","Vladislav Bychkov (Unsplash 3K68Jv3XZMo)","Realistic close-up photograph of a blue and white hand-washing mandatory sign with a glossy wipe-clean laminate, fixed to white tiles above a stainless steel hand-wash basin in a commercial kitchen, soft reflections on the laminate, bright clean lighting, fictional brand name, no real logos, no Flash Print Solution branding.","p:mandatory-safety-signage-dubai:detail"
"947","assets/images/products/mandatory-safety-signage-dubai/mandatory-safety-signage-dubai-detail-1200.webp","1200","900","4:3","Product page – material / finish close-up (gallery 2)","/mandatory-safety-signage-dubai/","Close-up of a blue hand-washing sign with a gloss laminate in a commercial kitchen","Temporary stock","Vladislav Bychkov (Unsplash 3K68Jv3XZMo)","Realistic close-up photograph of a blue and white hand-washing mandatory sign with a glossy wipe-clean laminate, fixed to white tiles above a stainless steel hand-wash basin in a commercial kitchen, soft reflections on the laminate, bright clean lighting, fictional brand name, no real logos, no Flash Print Solution branding.","p:mandatory-safety-signage-dubai:detail"
"948","assets/images/products/mandatory-safety-signage-dubai/mandatory-safety-signage-dubai-application-640.webp","640","480","4:3","Product page – product in use (gallery 3 + “Where it’s used”)","/mandatory-safety-signage-dubai/","Safety officer checking mounted mandatory signs against a clipboard schedule in a warehouse","Temporary stock","Centre for Ageing Better (Unsplash ZlOlRnWk8zU)","Realistic commercial photograph of a safety officer in a hi-vis vest holding a clipboard and checking newly mounted blue mandatory signs on a warehouse entrance wall in Dubai, racking softly blurred behind, natural daylight from a roller door, candid three-quarter angle, fictional brand name, no real logos, no Flash Print Solution branding.","p:mandatory-safety-signage-dubai:application"
"949","assets/images/products/mandatory-safety-signage-dubai/mandatory-safety-signage-dubai-application-1200.webp","1200","900","4:3","Product page – product in use (gallery 3 + “Where it’s used”)","/mandatory-safety-signage-dubai/","Safety officer checking mounted mandatory signs against a clipboard schedule in a warehouse","Temporary stock","Centre for Ageing Better (Unsplash ZlOlRnWk8zU)","Realistic commercial photograph of a safety officer in a hi-vis vest holding a clipboard and checking newly mounted blue mandatory signs on a warehouse entrance wall in Dubai, racking softly blurred behind, natural daylight from a roller door, candid three-quarter angle, fictional brand name, no real logos, no Flash Print Solution branding.","p:mandatory-safety-signage-dubai:application"
"950","assets/images/products/mandatory-safety-signage-dubai/mandatory-safety-signage-dubai-production-640.webp","640","480","4:3","Product page – production / finishing (gallery 4)","/mandatory-safety-signage-dubai/","Quality control","Temporary stock (shared production photo)","Hans Westbeek (Unsplash _luiFaaZU6k)","Photorealistic commercial photograph of mandatory signage production: Quality control — checking a printed proof against a colour swatch under lighting. Clean, well-lit Dubai print workshop, 4:3 landscape. Fictional brand names only, no real logos, no Flash Print Solution branding.","p:mandatory-safety-signage-dubai:production"
"951","assets/images/products/mandatory-safety-signage-dubai/mandatory-safety-signage-dubai-production-1200.webp","1200","900","4:3","Product page – production / finishing (gallery 4)","/mandatory-safety-signage-dubai/","Quality control","Temporary stock (shared production photo)","Hans Westbeek (Unsplash _luiFaaZU6k)","Photorealistic commercial photograph of mandatory signage production: Quality control — checking a printed proof against a colour swatch under lighting. Clean, well-lit Dubai print workshop, 4:3 landscape. Fictional brand names only, no real logos, no Flash Print Solution branding.","p:mandatory-safety-signage-dubai:production"
"952","assets/images/products/regulatory-stickers-dubai/regulatory-stickers-dubai-hero-640.webp","640","480","4:3","Product page – main photo (gallery 1)","/regulatory-stickers-dubai/","Sheet of numbered inspection stickers with write-on date fields beside a pen","Temporary stock","coa software (Unsplash PWrOCrJN1yM)","Realistic commercial product photograph of a kiss-cut sheet of green and white numbered inspection stickers with blank write-on date and initials fields, a black pen resting beside it on a light grey desk, crisp even studio lighting, slightly elevated angle, fictional brand name, no real logos, no Flash Print Solution branding.","p:regulatory-stickers-dubai:hero"
"953","assets/images/products/regulatory-stickers-dubai/regulatory-stickers-dubai-hero-1200.webp","1200","900","4:3","Product page – main photo (gallery 1)","/regulatory-stickers-dubai/","Sheet of numbered inspection stickers with write-on date fields beside a pen","Temporary stock","coa software (Unsplash PWrOCrJN1yM)","Realistic commercial product photograph of a kiss-cut sheet of green and white numbered inspection stickers with blank write-on date and initials fields, a black pen resting beside it on a light grey desk, crisp even studio lighting, slightly elevated angle, fictional brand name, no real logos, no Flash Print Solution branding.","p:regulatory-stickers-dubai:hero"
"954","assets/images/og/regulatory-stickers-dubai-hero.jpg","1200","630","1.91:1","Social share preview (Facebook, WhatsApp, LinkedIn…) – JPG","/regulatory-stickers-dubai/","Sheet of numbered inspection stickers with write-on date fields beside a pen","Temporary stock","coa software (Unsplash PWrOCrJN1yM)","Same photo as above, cropped to 1200 × 630","p:regulatory-stickers-dubai:hero"
"955","assets/images/products/regulatory-stickers-dubai/regulatory-stickers-dubai-detail-640.webp","640","480","4:3","Product page – material / finish close-up (gallery 2)","/regulatory-stickers-dubai/","Close-up of a tamper-evident VOID sticker partly peeled from a metal cabinet","Temporary stock","Jay (Unsplash aqY-w6XLsFw)","Realistic macro photograph of a silver tamper-evident seal sticker being peeled from a grey metal cabinet, revealing a repeating VOID pattern left on the surface, fingertip at the corner, raking side light showing the pattern, shallow depth of field, fictional brand name, no real logos, no Flash Print Solution branding.","p:regulatory-stickers-dubai:detail"
"956","assets/images/products/regulatory-stickers-dubai/regulatory-stickers-dubai-detail-1200.webp","1200","900","4:3","Product page – material / finish close-up (gallery 2)","/regulatory-stickers-dubai/","Close-up of a tamper-evident VOID sticker partly peeled from a metal cabinet","Temporary stock","Jay (Unsplash aqY-w6XLsFw)","Realistic macro photograph of a silver tamper-evident seal sticker being peeled from a grey metal cabinet, revealing a repeating VOID pattern left on the surface, fingertip at the corner, raking side light showing the pattern, shallow depth of field, fictional brand name, no real logos, no Flash Print Solution branding.","p:regulatory-stickers-dubai:detail"
"957","assets/images/products/regulatory-stickers-dubai/regulatory-stickers-dubai-application-640.webp","640","480","4:3","Product page – product in use (gallery 3 + “Where it’s used”)","/regulatory-stickers-dubai/","Hand applying a no-smoking notice sticker to the glass door of a shop","Temporary stock","Kitty Hutchinson (Unsplash gP_PzzGHV_E)","Realistic commercial photograph of a hand pressing a small printed no-smoking notice sticker onto the inside of a shop's glass entrance door, reading correctly from outside, blurred retail interior behind, soft daylight through the glass, close eye-level angle, fictional brand name, no real logos, no Flash Print Solution branding.","p:regulatory-stickers-dubai:application"
"958","assets/images/products/regulatory-stickers-dubai/regulatory-stickers-dubai-application-1200.webp","1200","900","4:3","Product page – product in use (gallery 3 + “Where it’s used”)","/regulatory-stickers-dubai/","Hand applying a no-smoking notice sticker to the glass door of a shop","Temporary stock","Kitty Hutchinson (Unsplash gP_PzzGHV_E)","Realistic commercial photograph of a hand pressing a small printed no-smoking notice sticker onto the inside of a shop's glass entrance door, reading correctly from outside, blurred retail interior behind, soft daylight through the glass, close eye-level angle, fictional brand name, no real logos, no Flash Print Solution branding.","p:regulatory-stickers-dubai:application"
"959","assets/images/products/regulatory-stickers-dubai/regulatory-stickers-dubai-production-640.webp","640","480","4:3","Product page – production / finishing (gallery 4)","/regulatory-stickers-dubai/","Digital press output","Temporary stock (shared production photo)","Srdjan Ivankovic (Unsplash Wq4lqogZKMY)","Photorealistic commercial photograph of regulatory stickers production: Digital press output — freshly printed sheets leaving a production digital press. Clean, well-lit Dubai print workshop, 4:3 landscape. Fictional brand names only, no real logos, no Flash Print Solution branding.","p:regulatory-stickers-dubai:production"
"960","assets/images/products/regulatory-stickers-dubai/regulatory-stickers-dubai-production-1200.webp","1200","900","4:3","Product page – production / finishing (gallery 4)","/regulatory-stickers-dubai/","Digital press output","Temporary stock (shared production photo)","Srdjan Ivankovic (Unsplash Wq4lqogZKMY)","Photorealistic commercial photograph of regulatory stickers production: Digital press output — freshly printed sheets leaving a production digital press. Clean, well-lit Dubai print workshop, 4:3 landscape. Fictional brand names only, no real logos, no Flash Print Solution branding.","p:regulatory-stickers-dubai:production"
"961","assets/images/products/paper-sticker-printing-dubai/paper-sticker-printing-dubai-hero-640.webp","640","480","4:3","Product page – main photo (gallery 1)","/paper-sticker-printing-dubai/","Round kraft paper stickers with black printed logos sealing brown gift boxes","Temporary stock","Mediamodifier (Unsplash 5u5IQyQdfkM)","Realistic commercial product photograph of round kraft paper stickers printed in black for a fictional bakery sealing small brown gift boxes tied with twine, on a rustic wooden counter, warm soft daylight, 45-degree angle, fictional brand name, no real logos, no Flash Print Solution branding.","p:paper-sticker-printing-dubai:hero"
"962","assets/images/products/paper-sticker-printing-dubai/paper-sticker-printing-dubai-hero-1200.webp","1200","900","4:3","Product page – main photo (gallery 1)","/paper-sticker-printing-dubai/","Round kraft paper stickers with black printed logos sealing brown gift boxes","Temporary stock","Mediamodifier (Unsplash 5u5IQyQdfkM)","Realistic commercial product photograph of round kraft paper stickers printed in black for a fictional bakery sealing small brown gift boxes tied with twine, on a rustic wooden counter, warm soft daylight, 45-degree angle, fictional brand name, no real logos, no Flash Print Solution branding.","p:paper-sticker-printing-dubai:hero"
"963","assets/images/og/paper-sticker-printing-dubai-hero.jpg","1200","630","1.91:1","Social share preview (Facebook, WhatsApp, LinkedIn…) – JPG","/paper-sticker-printing-dubai/","Round kraft paper stickers with black printed logos sealing brown gift boxes","Temporary stock","Mediamodifier (Unsplash 5u5IQyQdfkM)","Same photo as above, cropped to 1200 × 630","p:paper-sticker-printing-dubai:hero"
"964","assets/images/products/paper-sticker-printing-dubai/paper-sticker-printing-dubai-detail-640.webp","640","480","4:3","Product page – material / finish close-up (gallery 2)","/paper-sticker-printing-dubai/","Close-up of copper foil lettering on a textured cotton paper sticker","Temporary stock","Brett Jordan (Unsplash 0uqRaAFLEJY)","Macro product photograph of copper hot-foil lettering on a round textured cotton paper sticker, raking side light revealing paper fibres and foil sheen, neutral linen background, shallow depth of field, fictional brand name, no real logos, no Flash Print Solution branding.","p:paper-sticker-printing-dubai:detail"
"965","assets/images/products/paper-sticker-printing-dubai/paper-sticker-printing-dubai-detail-1200.webp","1200","900","4:3","Product page – material / finish close-up (gallery 2)","/paper-sticker-printing-dubai/","Close-up of copper foil lettering on a textured cotton paper sticker","Temporary stock","Brett Jordan (Unsplash 0uqRaAFLEJY)","Macro product photograph of copper hot-foil lettering on a round textured cotton paper sticker, raking side light revealing paper fibres and foil sheen, neutral linen background, shallow depth of field, fictional brand name, no real logos, no Flash Print Solution branding.","p:paper-sticker-printing-dubai:detail"
"966","assets/images/products/paper-sticker-printing-dubai/paper-sticker-printing-dubai-application-640.webp","640","480","4:3","Product page – product in use (gallery 3 + “Where it’s used”)","/paper-sticker-printing-dubai/","Bakery assistant sealing a white pastry box with a printed paper sticker","Temporary stock","T (Unsplash 4GO7Rasv95s)","Documentary-style photograph of a bakery assistant sealing a white pastry box with a printed semi-gloss paper sticker at a Dubai bakery counter, pastries softly blurred behind, warm natural light, three-quarter angle, fictional brand name, no real logos, no Flash Print Solution branding.","p:paper-sticker-printing-dubai:application"
"967","assets/images/products/paper-sticker-printing-dubai/paper-sticker-printing-dubai-application-1200.webp","1200","900","4:3","Product page – product in use (gallery 3 + “Where it’s used”)","/paper-sticker-printing-dubai/","Bakery assistant sealing a white pastry box with a printed paper sticker","Temporary stock","T (Unsplash 4GO7Rasv95s)","Documentary-style photograph of a bakery assistant sealing a white pastry box with a printed semi-gloss paper sticker at a Dubai bakery counter, pastries softly blurred behind, warm natural light, three-quarter angle, fictional brand name, no real logos, no Flash Print Solution branding.","p:paper-sticker-printing-dubai:application"
"968","assets/images/products/paper-sticker-printing-dubai/paper-sticker-printing-dubai-production-640.webp","640","480","4:3","Product page – production / finishing (gallery 4)","/paper-sticker-printing-dubai/","Digital press output","Temporary stock (shared production photo)","Srdjan Ivankovic (Unsplash Wq4lqogZKMY)","Photorealistic commercial photograph of paper stickers production: Digital press output — freshly printed sheets leaving a production digital press. Clean, well-lit Dubai print workshop, 4:3 landscape. Fictional brand names only, no real logos, no Flash Print Solution branding.","p:paper-sticker-printing-dubai:production"
"969","assets/images/products/paper-sticker-printing-dubai/paper-sticker-printing-dubai-production-1200.webp","1200","900","4:3","Product page – production / finishing (gallery 4)","/paper-sticker-printing-dubai/","Digital press output","Temporary stock (shared production photo)","Srdjan Ivankovic (Unsplash Wq4lqogZKMY)","Photorealistic commercial photograph of paper stickers production: Digital press output — freshly printed sheets leaving a production digital press. Clean, well-lit Dubai print workshop, 4:3 landscape. Fictional brand names only, no real logos, no Flash Print Solution branding.","p:paper-sticker-printing-dubai:production"
"970","assets/images/products/pvc-sticker-printing-dubai/pvc-sticker-printing-dubai-hero-640.webp","640","480","4:3","Product page – main photo (gallery 1)","/pvc-sticker-printing-dubai/","Glossy white PVC stickers with full-colour logos laid on a stainless steel counter","Temporary stock – SHARED with sticker-materials category (replace first)","Jaime Nugent (Unsplash sVouPQ4YGJI)","Realistic commercial product photograph of glossy white PVC stickers with full-colour logos for a fictional juice bar, laid on a brushed stainless steel counter with water droplets, bright clean lighting, slightly elevated angle, fictional brand name, no real logos, no Flash Print Solution branding.","p:pvc-sticker-printing-dubai:hero"
"971","assets/images/products/pvc-sticker-printing-dubai/pvc-sticker-printing-dubai-hero-1200.webp","1200","900","4:3","Product page – main photo (gallery 1)","/pvc-sticker-printing-dubai/","Glossy white PVC stickers with full-colour logos laid on a stainless steel counter","Temporary stock – SHARED with sticker-materials category (replace first)","Jaime Nugent (Unsplash sVouPQ4YGJI)","Realistic commercial product photograph of glossy white PVC stickers with full-colour logos for a fictional juice bar, laid on a brushed stainless steel counter with water droplets, bright clean lighting, slightly elevated angle, fictional brand name, no real logos, no Flash Print Solution branding.","p:pvc-sticker-printing-dubai:hero"
"972","assets/images/og/pvc-sticker-printing-dubai-hero.jpg","1200","630","1.91:1","Social share preview (Facebook, WhatsApp, LinkedIn…) – JPG","/pvc-sticker-printing-dubai/","Glossy white PVC stickers with full-colour logos laid on a stainless steel counter","Temporary stock – SHARED with sticker-materials category (replace first)","Jaime Nugent (Unsplash sVouPQ4YGJI)","Same photo as above, cropped to 1200 × 630","p:pvc-sticker-printing-dubai:hero"
"973","assets/images/products/pvc-sticker-printing-dubai/pvc-sticker-printing-dubai-detail-640.webp","640","480","4:3","Product page – material / finish close-up (gallery 2)","/pvc-sticker-printing-dubai/","Water droplets beading on a laminated PVC sticker applied to a bottle","Temporary stock","Mockup Free (Unsplash UZFymYe5fjs)","Macro product photograph of water droplets beading on a gloss-laminated white PVC sticker applied to a chilled plastic bottle, crisp backlight highlighting the droplets and label edge, dark background, fictional brand name, no real logos, no Flash Print Solution branding.","p:pvc-sticker-printing-dubai:detail"
"974","assets/images/products/pvc-sticker-printing-dubai/pvc-sticker-printing-dubai-detail-1200.webp","1200","900","4:3","Product page – material / finish close-up (gallery 2)","/pvc-sticker-printing-dubai/","Water droplets beading on a laminated PVC sticker applied to a bottle","Temporary stock","Mockup Free (Unsplash UZFymYe5fjs)","Macro product photograph of water droplets beading on a gloss-laminated white PVC sticker applied to a chilled plastic bottle, crisp backlight highlighting the droplets and label edge, dark background, fictional brand name, no real logos, no Flash Print Solution branding.","p:pvc-sticker-printing-dubai:detail"
"975","assets/images/products/pvc-sticker-printing-dubai/pvc-sticker-printing-dubai-application-640.webp","640","480","4:3","Product page – product in use (gallery 3 + “Where it’s used”)","/pvc-sticker-printing-dubai/","PVC recycling stickers on colour-coded waste bins in an office corridor","Temporary stock","Nareeta Martin (Unsplash FoG7PKNYjpM)","Realistic photograph of colour-coded waste and recycling bins with printed PVC stickers showing icons and wording, standing in a bright modern office corridor in Dubai, natural daylight, eye-level angle, fictional brand name, no real logos, no Flash Print Solution branding.","p:pvc-sticker-printing-dubai:application"
"976","assets/images/products/pvc-sticker-printing-dubai/pvc-sticker-printing-dubai-application-1200.webp","1200","900","4:3","Product page – product in use (gallery 3 + “Where it’s used”)","/pvc-sticker-printing-dubai/","PVC recycling stickers on colour-coded waste bins in an office corridor","Temporary stock","Nareeta Martin (Unsplash FoG7PKNYjpM)","Realistic photograph of colour-coded waste and recycling bins with printed PVC stickers showing icons and wording, standing in a bright modern office corridor in Dubai, natural daylight, eye-level angle, fictional brand name, no real logos, no Flash Print Solution branding.","p:pvc-sticker-printing-dubai:application"
"977","assets/images/products/pvc-sticker-printing-dubai/pvc-sticker-printing-dubai-production-640.webp","640","480","4:3","Product page – production / finishing (gallery 4)","/pvc-sticker-printing-dubai/","Wide-format inkjet printer printing a large graphic onto roll media","Temporary stock (shared production photo)","Geri Sakti (Unsplash CYrYxz-uvE4)","Photorealistic commercial photograph of pvc stickers production: Wide-format inkjet printer printing a large graphic onto roll media. Clean, well-lit Dubai print workshop, 4:3 landscape. Fictional brand names only, no real logos, no Flash Print Solution branding.","p:pvc-sticker-printing-dubai:production"
"978","assets/images/products/pvc-sticker-printing-dubai/pvc-sticker-printing-dubai-production-1200.webp","1200","900","4:3","Product page – production / finishing (gallery 4)","/pvc-sticker-printing-dubai/","Wide-format inkjet printer printing a large graphic onto roll media","Temporary stock (shared production photo)","Geri Sakti (Unsplash CYrYxz-uvE4)","Photorealistic commercial photograph of pvc stickers production: Wide-format inkjet printer printing a large graphic onto roll media. Clean, well-lit Dubai print workshop, 4:3 landscape. Fictional brand names only, no real logos, no Flash Print Solution branding.","p:pvc-sticker-printing-dubai:production"
"979","assets/images/products/on-site-branding-dubai/on-site-branding-dubai-hero-640.webp","640","480","4:3","Product page – main photo (gallery 1)","/on-site-branding-dubai/","Printed wall graphic of a city skyline being fitted in a modern office corridor","Temporary stock","Musemind UX Agency (Unsplash vWxMDFEf298)","Realistic commercial photograph of an installer on a low step ladder applying the final panel of a printed city-skyline wall graphic along a modern Dubai office corridor, neutral carpet, bright even ceiling lighting, wide perspective shot down the corridor. Fictional brand name, no real logos, no Flash Print Solution branding.","p:on-site-branding-dubai:hero"
"980","assets/images/products/on-site-branding-dubai/on-site-branding-dubai-hero-1200.webp","1200","900","4:3","Product page – main photo (gallery 1)","/on-site-branding-dubai/","Printed wall graphic of a city skyline being fitted in a modern office corridor","Temporary stock","Musemind UX Agency (Unsplash vWxMDFEf298)","Realistic commercial photograph of an installer on a low step ladder applying the final panel of a printed city-skyline wall graphic along a modern Dubai office corridor, neutral carpet, bright even ceiling lighting, wide perspective shot down the corridor. Fictional brand name, no real logos, no Flash Print Solution branding.","p:on-site-branding-dubai:hero"
"981","assets/images/og/on-site-branding-dubai-hero.jpg","1200","630","1.91:1","Social share preview (Facebook, WhatsApp, LinkedIn…) – JPG","/on-site-branding-dubai/","Printed wall graphic of a city skyline being fitted in a modern office corridor","Temporary stock","Musemind UX Agency (Unsplash vWxMDFEf298)","Same photo as above, cropped to 1200 × 630","p:on-site-branding-dubai:hero"
"982","assets/images/products/on-site-branding-dubai/on-site-branding-dubai-detail-640.webp","640","480","4:3","Product page – material / finish close-up (gallery 2)","/on-site-branding-dubai/","Close-up of a felt squeegee pressing frosted film onto an office glass partition","Temporary stock","Irvin Aloise (Unsplash K1PtYh-0-rc)","Macro commercial photograph of a felt-edged squeegee pressing a frosted film band with a cut geometric pattern onto a glass meeting-room partition, fine water droplets visible, soft office light, shallow depth of field. Fictional brand name, no real logos, no Flash Print Solution branding.","p:on-site-branding-dubai:detail"
"983","assets/images/products/on-site-branding-dubai/on-site-branding-dubai-detail-1200.webp","1200","900","4:3","Product page – material / finish close-up (gallery 2)","/on-site-branding-dubai/","Close-up of a felt squeegee pressing frosted film onto an office glass partition","Temporary stock","Irvin Aloise (Unsplash K1PtYh-0-rc)","Macro commercial photograph of a felt-edged squeegee pressing a frosted film band with a cut geometric pattern onto a glass meeting-room partition, fine water droplets visible, soft office light, shallow depth of field. Fictional brand name, no real logos, no Flash Print Solution branding.","p:on-site-branding-dubai:detail"
"984","assets/images/products/on-site-branding-dubai/on-site-branding-dubai-application-640.webp","640","480","4:3","Product page – product in use (gallery 3 + “Where it’s used”)","/on-site-branding-dubai/","Event entrance with printed wall panels and floor graphics at a conference venue","Temporary stock","Salene Bardeau (Unsplash RC9ZK4J-Zk8)","Realistic event photograph of a conference entrance in a Dubai hotel ballroom foyer branded with large printed wall panels, a registration counter wrap and directional floor graphics, warm venue lighting, no crowds, wide eye-level view. Fictional brand name, no real logos, no Flash Print Solution branding.","p:on-site-branding-dubai:application"
"985","assets/images/products/on-site-branding-dubai/on-site-branding-dubai-application-1200.webp","1200","900","4:3","Product page – product in use (gallery 3 + “Where it’s used”)","/on-site-branding-dubai/","Event entrance with printed wall panels and floor graphics at a conference venue","Temporary stock","Salene Bardeau (Unsplash RC9ZK4J-Zk8)","Realistic event photograph of a conference entrance in a Dubai hotel ballroom foyer branded with large printed wall panels, a registration counter wrap and directional floor graphics, warm venue lighting, no crowds, wide eye-level view. Fictional brand name, no real logos, no Flash Print Solution branding.","p:on-site-branding-dubai:application"
"986","assets/images/products/on-site-branding-dubai/on-site-branding-dubai-production-640.webp","640","480","4:3","Product page – production / finishing (gallery 4)","/on-site-branding-dubai/","Installer applying printed vinyl film to glass or wall with a squeegee","Temporary stock (shared production photo)","Steve A Johnson (Unsplash NqpWSWv0oAs)","Photorealistic commercial photograph of on-site branding production: Installer applying printed vinyl film to glass or wall with a squeegee. Clean, well-lit Dubai print workshop, 4:3 landscape. Fictional brand names only, no real logos, no Flash Print Solution branding.","p:on-site-branding-dubai:production"
"987","assets/images/products/on-site-branding-dubai/on-site-branding-dubai-production-1200.webp","1200","900","4:3","Product page – production / finishing (gallery 4)","/on-site-branding-dubai/","Installer applying printed vinyl film to glass or wall with a squeegee","Temporary stock (shared production photo)","Steve A Johnson (Unsplash NqpWSWv0oAs)","Photorealistic commercial photograph of on-site branding production: Installer applying printed vinyl film to glass or wall with a squeegee. Clean, well-lit Dubai print workshop, 4:3 landscape. Fictional brand names only, no real logos, no Flash Print Solution branding.","p:on-site-branding-dubai:production"
"988","assets/images/products/sign-board-installation-dubai/sign-board-installation-dubai-hero-640.webp","640","480","4:3","Product page – main photo (gallery 1)","/sign-board-installation-dubai/","Installers fixing a large illuminated fascia sign above a shopfront using a mobile lift","Temporary stock","Stephan HK (Unsplash nZhTN2Sl7s4)","Realistic commercial photograph of two installers in hi-vis vests on a scissor lift fitting a large illuminated fascia sign above a glass shopfront in a Dubai community retail centre, clear blue sky, midday light, wide low-angle shot. Fictional brand name, no real logos, no Flash Print Solution branding.","p:sign-board-installation-dubai:hero"
"989","assets/images/products/sign-board-installation-dubai/sign-board-installation-dubai-hero-1200.webp","1200","900","4:3","Product page – main photo (gallery 1)","/sign-board-installation-dubai/","Installers fixing a large illuminated fascia sign above a shopfront using a mobile lift","Temporary stock","Stephan HK (Unsplash nZhTN2Sl7s4)","Realistic commercial photograph of two installers in hi-vis vests on a scissor lift fitting a large illuminated fascia sign above a glass shopfront in a Dubai community retail centre, clear blue sky, midday light, wide low-angle shot. Fictional brand name, no real logos, no Flash Print Solution branding.","p:sign-board-installation-dubai:hero"
"990","assets/images/og/sign-board-installation-dubai-hero.jpg","1200","630","1.91:1","Social share preview (Facebook, WhatsApp, LinkedIn…) – JPG","/sign-board-installation-dubai/","Installers fixing a large illuminated fascia sign above a shopfront using a mobile lift","Temporary stock","Stephan HK (Unsplash nZhTN2Sl7s4)","Same photo as above, cropped to 1200 × 630","p:sign-board-installation-dubai:hero"
"991","assets/images/products/sign-board-installation-dubai/sign-board-installation-dubai-detail-640.webp","640","480","4:3","Product page – material / finish close-up (gallery 2)","/sign-board-installation-dubai/","Close-up of stand-off fixings and spacers holding acrylic letters away from a wall","Temporary stock","Franck V. (Unsplash d6LzDABxP6I)","Macro commercial photograph of brushed stainless stand-off fixings and hidden spacers holding thick acrylic letters 20 mm off a painted grey wall, soft side light casting crisp letter shadows, shallow depth of field. Fictional brand name, no real logos, no Flash Print Solution branding.","p:sign-board-installation-dubai:detail"
"992","assets/images/products/sign-board-installation-dubai/sign-board-installation-dubai-detail-1200.webp","1200","900","4:3","Product page – material / finish close-up (gallery 2)","/sign-board-installation-dubai/","Close-up of stand-off fixings and spacers holding acrylic letters away from a wall","Temporary stock","Franck V. (Unsplash d6LzDABxP6I)","Macro commercial photograph of brushed stainless stand-off fixings and hidden spacers holding thick acrylic letters 20 mm off a painted grey wall, soft side light casting crisp letter shadows, shallow depth of field. Fictional brand name, no real logos, no Flash Print Solution branding.","p:sign-board-installation-dubai:detail"
"993","assets/images/products/sign-board-installation-dubai/sign-board-installation-dubai-application-640.webp","640","480","4:3","Product page – product in use (gallery 3 + “Where it’s used”)","/sign-board-installation-dubai/","Finished backlit letter sign above a cafe shopfront at dusk","Temporary stock","Emanuel Haas (Unsplash su7JDgWG8II)","Realistic architectural photograph of a newly installed backlit 3D letter sign above a small cafe shopfront in a Dubai neighbourhood at dusk, warm interior glow, blue-hour sky, straight-on eye-level composition. Fictional brand name, no real logos, no Flash Print Solution branding.","p:sign-board-installation-dubai:application"
"994","assets/images/products/sign-board-installation-dubai/sign-board-installation-dubai-application-1200.webp","1200","900","4:3","Product page – product in use (gallery 3 + “Where it’s used”)","/sign-board-installation-dubai/","Finished backlit letter sign above a cafe shopfront at dusk","Temporary stock","Emanuel Haas (Unsplash su7JDgWG8II)","Realistic architectural photograph of a newly installed backlit 3D letter sign above a small cafe shopfront in a Dubai neighbourhood at dusk, warm interior glow, blue-hour sky, straight-on eye-level composition. Fictional brand name, no real logos, no Flash Print Solution branding.","p:sign-board-installation-dubai:application"
"995","assets/images/products/sign-board-installation-dubai/sign-board-installation-dubai-production-640.webp","640","480","4:3","Product page – production / finishing (gallery 4)","/sign-board-installation-dubai/","Installation team fixing a sign board on a building facade using ladders/lift","Temporary stock (shared production photo)","Miikka Luotio (Unsplash 5_IDEJpj4Ag)","Photorealistic commercial photograph of sign board installation production: Installation team fixing a sign board on a building facade using ladders/lift. Clean, well-lit Dubai print workshop, 4:3 landscape. Fictional brand names only, no real logos, no Flash Print Solution branding.","p:sign-board-installation-dubai:production"
"996","assets/images/products/sign-board-installation-dubai/sign-board-installation-dubai-production-1200.webp","1200","900","4:3","Product page – production / finishing (gallery 4)","/sign-board-installation-dubai/","Installation team fixing a sign board on a building facade using ladders/lift","Temporary stock (shared production photo)","Miikka Luotio (Unsplash 5_IDEJpj4Ag)","Photorealistic commercial photograph of sign board installation production: Installation team fixing a sign board on a building facade using ladders/lift. Clean, well-lit Dubai print workshop, 4:3 landscape. Fictional brand names only, no real logos, no Flash Print Solution branding.","p:sign-board-installation-dubai:production"
"997","assets/images/products/vehicle-branding-installation-dubai/vehicle-branding-installation-dubai-hero-640.webp","640","480","4:3","Product page – main photo (gallery 1)","/vehicle-branding-installation-dubai/","Installer smoothing printed wrap film onto a white delivery van panel with a squeegee","Temporary stock","Clarity Coat (Unsplash G6sI_6B_FFY)","Realistic commercial photograph of an installer in gloves smoothing printed wrap film onto the side panel of a white delivery van with a squeegee inside a clean, shaded workshop bay, even overhead lighting, three-quarter angle. Fictional brand name, no real logos, no Flash Print Solution branding.","p:vehicle-branding-installation-dubai:hero"
"998","assets/images/products/vehicle-branding-installation-dubai/vehicle-branding-installation-dubai-hero-1200.webp","1200","900","4:3","Product page – main photo (gallery 1)","/vehicle-branding-installation-dubai/","Installer smoothing printed wrap film onto a white delivery van panel with a squeegee","Temporary stock","Clarity Coat (Unsplash G6sI_6B_FFY)","Realistic commercial photograph of an installer in gloves smoothing printed wrap film onto the side panel of a white delivery van with a squeegee inside a clean, shaded workshop bay, even overhead lighting, three-quarter angle. Fictional brand name, no real logos, no Flash Print Solution branding.","p:vehicle-branding-installation-dubai:hero"
"999","assets/images/og/vehicle-branding-installation-dubai-hero.jpg","1200","630","1.91:1","Social share preview (Facebook, WhatsApp, LinkedIn…) – JPG","/vehicle-branding-installation-dubai/","Installer smoothing printed wrap film onto a white delivery van panel with a squeegee","Temporary stock","Clarity Coat (Unsplash G6sI_6B_FFY)","Same photo as above, cropped to 1200 × 630","p:vehicle-branding-installation-dubai:hero"
"1000","assets/images/products/vehicle-branding-installation-dubai/vehicle-branding-installation-dubai-detail-640.webp","640","480","4:3","Product page – material / finish close-up (gallery 2)","/vehicle-branding-installation-dubai/","Close-up of a heat gun and squeegee working wrap film around a door handle","Temporary stock","Tom Claes (Unsplash B0ggvH-l2HE)","Macro commercial photograph of a gloved hand guiding wrap film into the recess around a car door handle while a heat gun warms the film, visible film texture and panel gap, workshop lighting, shallow depth of field. Fictional brand name, no real logos, no Flash Print Solution branding.","p:vehicle-branding-installation-dubai:detail"
"1001","assets/images/products/vehicle-branding-installation-dubai/vehicle-branding-installation-dubai-detail-1200.webp","1200","900","4:3","Product page – material / finish close-up (gallery 2)","/vehicle-branding-installation-dubai/","Close-up of a heat gun and squeegee working wrap film around a door handle","Temporary stock","Tom Claes (Unsplash B0ggvH-l2HE)","Macro commercial photograph of a gloved hand guiding wrap film into the recess around a car door handle while a heat gun warms the film, visible film texture and panel gap, workshop lighting, shallow depth of field. Fictional brand name, no real logos, no Flash Print Solution branding.","p:vehicle-branding-installation-dubai:detail"
"1002","assets/images/products/vehicle-branding-installation-dubai/vehicle-branding-installation-dubai-application-640.webp","640","480","4:3","Product page – product in use (gallery 3 + “Where it’s used”)","/vehicle-branding-installation-dubai/","Row of white service vans with matching livery graphics parked outside a warehouse","Temporary stock","lucas clarysse (Unsplash JRZLtnLGSQU)","Realistic commercial photograph of five white service vans with identical colourful livery graphics parked in a row outside a modern warehouse in an industrial area of Dubai, morning sun, wide eye-level shot. Fictional brand name, no real logos, no Flash Print Solution branding.","p:vehicle-branding-installation-dubai:application"
"1003","assets/images/products/vehicle-branding-installation-dubai/vehicle-branding-installation-dubai-application-1200.webp","1200","900","4:3","Product page – product in use (gallery 3 + “Where it’s used”)","/vehicle-branding-installation-dubai/","Row of white service vans with matching livery graphics parked outside a warehouse","Temporary stock","lucas clarysse (Unsplash JRZLtnLGSQU)","Realistic commercial photograph of five white service vans with identical colourful livery graphics parked in a row outside a modern warehouse in an industrial area of Dubai, morning sun, wide eye-level shot. Fictional brand name, no real logos, no Flash Print Solution branding.","p:vehicle-branding-installation-dubai:application"
"1004","assets/images/products/vehicle-branding-installation-dubai/vehicle-branding-installation-dubai-production-640.webp","640","480","4:3","Product page – production / finishing (gallery 4)","/vehicle-branding-installation-dubai/","Installer applying wrap film to a vehicle panel with a heat gun and squeegee","Temporary stock (shared production photo)","Clarity Coat (Unsplash rsaYn6mq2qo)","Photorealistic commercial photograph of vehicle branding installation production: Installer applying wrap film to a vehicle panel with a heat gun and squeegee. Clean, well-lit Dubai print workshop, 4:3 landscape. Fictional brand names only, no real logos, no Flash Print Solution branding.","p:vehicle-branding-installation-dubai:production"
"1005","assets/images/products/vehicle-branding-installation-dubai/vehicle-branding-installation-dubai-production-1200.webp","1200","900","4:3","Product page – production / finishing (gallery 4)","/vehicle-branding-installation-dubai/","Installer applying wrap film to a vehicle panel with a heat gun and squeegee","Temporary stock (shared production photo)","Clarity Coat (Unsplash rsaYn6mq2qo)","Photorealistic commercial photograph of vehicle branding installation production: Installer applying wrap film to a vehicle panel with a heat gun and squeegee. Clean, well-lit Dubai print workshop, 4:3 landscape. Fictional brand names only, no real logos, no Flash Print Solution branding.","p:vehicle-branding-installation-dubai:production"
"1006","assets/images/products/artwork-correction-for-printing-dubai/artwork-correction-for-printing-dubai-hero-640.webp","640","480","4:3","Product page – main photo (gallery 1)","/artwork-correction-for-printing-dubai/","Designer comparing a printed proof with artwork on screen showing bleed and crop marks","Temporary stock","Jesus Hilario H. (Unsplash 5v69Vl62NCM)","Realistic photograph of a designer holding a printed flyer proof next to a monitor showing the same fictional artwork with bleed and crop marks visible, tidy studio desk in Dubai, soft daylight, over-the-shoulder angle, fictional brand name, no real logos, no Flash Print Solution branding.","p:artwork-correction-for-printing-dubai:hero"
"1007","assets/images/products/artwork-correction-for-printing-dubai/artwork-correction-for-printing-dubai-hero-1200.webp","1200","900","4:3","Product page – main photo (gallery 1)","/artwork-correction-for-printing-dubai/","Designer comparing a printed proof with artwork on screen showing bleed and crop marks","Temporary stock","Jesus Hilario H. (Unsplash 5v69Vl62NCM)","Realistic photograph of a designer holding a printed flyer proof next to a monitor showing the same fictional artwork with bleed and crop marks visible, tidy studio desk in Dubai, soft daylight, over-the-shoulder angle, fictional brand name, no real logos, no Flash Print Solution branding.","p:artwork-correction-for-printing-dubai:hero"
"1008","assets/images/og/artwork-correction-for-printing-dubai-hero.jpg","1200","630","1.91:1","Social share preview (Facebook, WhatsApp, LinkedIn…) – JPG","/artwork-correction-for-printing-dubai/","Designer comparing a printed proof with artwork on screen showing bleed and crop marks","Temporary stock","Jesus Hilario H. (Unsplash 5v69Vl62NCM)","Same photo as above, cropped to 1200 × 630","p:artwork-correction-for-printing-dubai:hero"
"1009","assets/images/products/artwork-correction-for-printing-dubai/artwork-correction-for-printing-dubai-detail-640.webp","640","480","4:3","Product page – material / finish close-up (gallery 2)","/artwork-correction-for-printing-dubai/","Close-up of a screen comparing a pixelated logo with a clean redrawn vector version","Temporary stock","CURVD® (Unsplash TOO1RFQEnQk)","Close-up photograph of a monitor showing a split view of a pixelated fictional logo beside a clean redrawn vector version with anchor points visible, dim studio with screen glow, slight angle, fictional brand name, no real logos, no Flash Print Solution branding.","p:artwork-correction-for-printing-dubai:detail"
"1010","assets/images/products/artwork-correction-for-printing-dubai/artwork-correction-for-printing-dubai-detail-1200.webp","1200","900","4:3","Product page – material / finish close-up (gallery 2)","/artwork-correction-for-printing-dubai/","Close-up of a screen comparing a pixelated logo with a clean redrawn vector version","Temporary stock","CURVD® (Unsplash TOO1RFQEnQk)","Close-up photograph of a monitor showing a split view of a pixelated fictional logo beside a clean redrawn vector version with anchor points visible, dim studio with screen glow, slight angle, fictional brand name, no real logos, no Flash Print Solution branding.","p:artwork-correction-for-printing-dubai:detail"
"1011","assets/images/products/artwork-correction-for-printing-dubai/artwork-correction-for-printing-dubai-application-640.webp","640","480","4:3","Product page – product in use (gallery 3 + “Where it’s used”)","/artwork-correction-for-printing-dubai/","Corrected business cards and flyers laid out beside marked-up proof sheets","Temporary stock – SHARED with design-creative category (replace first)","Faizur Rehman (Unsplash pHPzdEHN6Os)","Realistic top-down photograph of freshly printed business cards and flyers with fictional branding laid beside marked-up proof sheets and a red pen on a white desk, bright even daylight, fictional brand name, no real logos, no Flash Print Solution branding.","p:artwork-correction-for-printing-dubai:application"
"1012","assets/images/products/artwork-correction-for-printing-dubai/artwork-correction-for-printing-dubai-application-1200.webp","1200","900","4:3","Product page – product in use (gallery 3 + “Where it’s used”)","/artwork-correction-for-printing-dubai/","Corrected business cards and flyers laid out beside marked-up proof sheets","Temporary stock – SHARED with design-creative category (replace first)","Faizur Rehman (Unsplash pHPzdEHN6Os)","Realistic top-down photograph of freshly printed business cards and flyers with fictional branding laid beside marked-up proof sheets and a red pen on a white desk, bright even daylight, fictional brand name, no real logos, no Flash Print Solution branding.","p:artwork-correction-for-printing-dubai:application"
"1013","assets/images/products/artwork-correction-for-printing-dubai/artwork-correction-for-printing-dubai-production-640.webp","640","480","4:3","Product page – production / finishing (gallery 4)","/artwork-correction-for-printing-dubai/","Designer preparing print artwork on a large monitor with colour swatches nearby","Temporary stock (shared production photo)","Theme Photos (Unsplash CGpifH3FjOA)","Photorealistic commercial photograph of artwork correction production: Designer preparing print artwork on a large monitor with colour swatches nearby. Clean, well-lit Dubai print workshop, 4:3 landscape. Fictional brand names only, no real logos, no Flash Print Solution branding.","p:artwork-correction-for-printing-dubai:production"
"1014","assets/images/products/artwork-correction-for-printing-dubai/artwork-correction-for-printing-dubai-production-1200.webp","1200","900","4:3","Product page – production / finishing (gallery 4)","/artwork-correction-for-printing-dubai/","Designer preparing print artwork on a large monitor with colour swatches nearby","Temporary stock (shared production photo)","Theme Photos (Unsplash CGpifH3FjOA)","Photorealistic commercial photograph of artwork correction production: Designer preparing print artwork on a large monitor with colour swatches nearby. Clean, well-lit Dubai print workshop, 4:3 landscape. Fictional brand names only, no real logos, no Flash Print Solution branding.","p:artwork-correction-for-printing-dubai:production"
"1015","assets/images/products/graphic-design-services-dubai/graphic-design-services-dubai-hero-640.webp","640","480","4:3","Product page – main photo (gallery 1)","/graphic-design-services-dubai/","Brochure, menu and packaging designs with fictional branding spread across a studio table","Temporary stock","pmv chamara (Unsplash qomIC8mCr0Y)","Realistic top-down photograph of printed design work with fictional branding on a light oak studio table: tri-fold brochure, restaurant menu, product box and business cards, coordinated colour palette, soft daylight, fictional brand name, no real logos, no Flash Print Solution branding.","p:graphic-design-services-dubai:hero"
"1016","assets/images/products/graphic-design-services-dubai/graphic-design-services-dubai-hero-1200.webp","1200","900","4:3","Product page – main photo (gallery 1)","/graphic-design-services-dubai/","Brochure, menu and packaging designs with fictional branding spread across a studio table","Temporary stock","pmv chamara (Unsplash qomIC8mCr0Y)","Realistic top-down photograph of printed design work with fictional branding on a light oak studio table: tri-fold brochure, restaurant menu, product box and business cards, coordinated colour palette, soft daylight, fictional brand name, no real logos, no Flash Print Solution branding.","p:graphic-design-services-dubai:hero"
"1017","assets/images/og/graphic-design-services-dubai-hero.jpg","1200","630","1.91:1","Social share preview (Facebook, WhatsApp, LinkedIn…) – JPG","/graphic-design-services-dubai/","Brochure, menu and packaging designs with fictional branding spread across a studio table","Temporary stock","pmv chamara (Unsplash qomIC8mCr0Y)","Same photo as above, cropped to 1200 × 630","p:graphic-design-services-dubai:hero"
"1018","assets/images/products/graphic-design-services-dubai/graphic-design-services-dubai-detail-640.webp","640","480","4:3","Product page – material / finish close-up (gallery 2)","/graphic-design-services-dubai/","Designer adjusting a brochure layout on screen with colour swatches beside the keyboard","Temporary stock","Eftakher Alam (Unsplash i1VQZsU86ok)","Close-up photograph of a designer's hands on a keyboard while a brochure layout with fictional branding fills a large monitor, colour swatch fan and printed proof beside the keyboard, warm studio light, slight side angle, fictional brand name, no real logos, no Flash Print Solution branding.","p:graphic-design-services-dubai:detail"
"1019","assets/images/products/graphic-design-services-dubai/graphic-design-services-dubai-detail-1200.webp","1200","900","4:3","Product page – material / finish close-up (gallery 2)","/graphic-design-services-dubai/","Designer adjusting a brochure layout on screen with colour swatches beside the keyboard","Temporary stock","Eftakher Alam (Unsplash i1VQZsU86ok)","Close-up photograph of a designer's hands on a keyboard while a brochure layout with fictional branding fills a large monitor, colour swatch fan and printed proof beside the keyboard, warm studio light, slight side angle, fictional brand name, no real logos, no Flash Print Solution branding.","p:graphic-design-services-dubai:detail"
"1020","assets/images/products/graphic-design-services-dubai/graphic-design-services-dubai-application-640.webp","640","480","4:3","Product page – product in use (gallery 3 + “Where it’s used”)","/graphic-design-services-dubai/","Exhibition stand with graphics and a roll-up banner in matching fictional branding","Temporary stock","Product School (Unsplash 8u2nIpsVLlA)","Realistic photograph of a compact exhibition stand at a Dubai trade show with printed back wall graphics, a roll-up banner and brochure rack all in matching fictional branding, bright exhibition hall lighting, wide eye-level angle, fictional brand name, no real logos, no Flash Print Solution branding.","p:graphic-design-services-dubai:application"
"1021","assets/images/products/graphic-design-services-dubai/graphic-design-services-dubai-application-1200.webp","1200","900","4:3","Product page – product in use (gallery 3 + “Where it’s used”)","/graphic-design-services-dubai/","Exhibition stand with graphics and a roll-up banner in matching fictional branding","Temporary stock","Product School (Unsplash 8u2nIpsVLlA)","Realistic photograph of a compact exhibition stand at a Dubai trade show with printed back wall graphics, a roll-up banner and brochure rack all in matching fictional branding, bright exhibition hall lighting, wide eye-level angle, fictional brand name, no real logos, no Flash Print Solution branding.","p:graphic-design-services-dubai:application"
"1022","assets/images/products/graphic-design-services-dubai/graphic-design-services-dubai-production-640.webp","640","480","4:3","Product page – production / finishing (gallery 4)","/graphic-design-services-dubai/","Designer preparing print artwork on a large monitor with colour swatches nearby","Temporary stock (shared production photo)","Theme Photos (Unsplash CGpifH3FjOA)","Photorealistic commercial photograph of graphic design production: Designer preparing print artwork on a large monitor with colour swatches nearby. Clean, well-lit Dubai print workshop, 4:3 landscape. Fictional brand names only, no real logos, no Flash Print Solution branding.","p:graphic-design-services-dubai:production"
"1023","assets/images/products/graphic-design-services-dubai/graphic-design-services-dubai-production-1200.webp","1200","900","4:3","Product page – production / finishing (gallery 4)","/graphic-design-services-dubai/","Designer preparing print artwork on a large monitor with colour swatches nearby","Temporary stock (shared production photo)","Theme Photos (Unsplash CGpifH3FjOA)","Photorealistic commercial photograph of graphic design production: Designer preparing print artwork on a large monitor with colour swatches nearby. Clean, well-lit Dubai print workshop, 4:3 landscape. Fictional brand names only, no real logos, no Flash Print Solution branding.","p:graphic-design-services-dubai:production"
"1024","assets/images/products/logo-design-dubai/logo-design-dubai-hero-640.webp","640","480","4:3","Product page – main photo (gallery 1)","/logo-design-dubai/","Logo concept sheet showing a fictional mark in colour, black and reversed versions","Temporary stock","Rochelle Lee (Unsplash OEIix2awZr4)","Realistic top-down photograph of a printed logo concept sheet for a fictional brand showing the mark in full colour, black and white-reversed versions with colour swatches, pencil sketches around it on a white desk, soft daylight, fictional brand name, no real logos, no Flash Print Solution branding.","p:logo-design-dubai:hero"
"1025","assets/images/products/logo-design-dubai/logo-design-dubai-hero-1200.webp","1200","900","4:3","Product page – main photo (gallery 1)","/logo-design-dubai/","Logo concept sheet showing a fictional mark in colour, black and reversed versions","Temporary stock","Rochelle Lee (Unsplash OEIix2awZr4)","Realistic top-down photograph of a printed logo concept sheet for a fictional brand showing the mark in full colour, black and white-reversed versions with colour swatches, pencil sketches around it on a white desk, soft daylight, fictional brand name, no real logos, no Flash Print Solution branding.","p:logo-design-dubai:hero"
"1026","assets/images/og/logo-design-dubai-hero.jpg","1200","630","1.91:1","Social share preview (Facebook, WhatsApp, LinkedIn…) – JPG","/logo-design-dubai/","Logo concept sheet showing a fictional mark in colour, black and reversed versions","Temporary stock","Rochelle Lee (Unsplash OEIix2awZr4)","Same photo as above, cropped to 1200 × 630","p:logo-design-dubai:hero"
"1027","assets/images/products/logo-design-dubai/logo-design-dubai-detail-640.webp","640","480","4:3","Product page – material / finish close-up (gallery 2)","/logo-design-dubai/","Designer sketching logo ideas in a notebook beside a tablet showing vector shapes","Temporary stock","Kelly Sikkema (Unsplash Dx1b5ucschA)","Close-up photograph of a designer's hand sketching logo ideas for a fictional brand in a dotted notebook, tablet beside it showing vector shapes, warm studio light, shallow depth of field, slight top-down angle, fictional brand name, no real logos, no Flash Print Solution branding.","p:logo-design-dubai:detail"
"1028","assets/images/products/logo-design-dubai/logo-design-dubai-detail-1200.webp","1200","900","4:3","Product page – material / finish close-up (gallery 2)","/logo-design-dubai/","Designer sketching logo ideas in a notebook beside a tablet showing vector shapes","Temporary stock","Kelly Sikkema (Unsplash Dx1b5ucschA)","Close-up photograph of a designer's hand sketching logo ideas for a fictional brand in a dotted notebook, tablet beside it showing vector shapes, warm studio light, shallow depth of field, slight top-down angle, fictional brand name, no real logos, no Flash Print Solution branding.","p:logo-design-dubai:detail"
"1029","assets/images/products/logo-design-dubai/logo-design-dubai-application-640.webp","640","480","4:3","Product page – product in use (gallery 3 + “Where it’s used”)","/logo-design-dubai/","New fictional logo applied to a business card, cap and shop sign mockup","Temporary stock","Brando Makes Branding (Unsplash 8bvlWmX4qOs)","Realistic commercial photograph of a new fictional logo applied across a business card, an embroidered cap and a small acrylic shop sign arranged on a concrete surface, cohesive brand colours, soft natural light, 45-degree angle, fictional brand name, no real logos, no Flash Print Solution branding.","p:logo-design-dubai:application"
"1030","assets/images/products/logo-design-dubai/logo-design-dubai-application-1200.webp","1200","900","4:3","Product page – product in use (gallery 3 + “Where it’s used”)","/logo-design-dubai/","New fictional logo applied to a business card, cap and shop sign mockup","Temporary stock","Brando Makes Branding (Unsplash 8bvlWmX4qOs)","Realistic commercial photograph of a new fictional logo applied across a business card, an embroidered cap and a small acrylic shop sign arranged on a concrete surface, cohesive brand colours, soft natural light, 45-degree angle, fictional brand name, no real logos, no Flash Print Solution branding.","p:logo-design-dubai:application"
"1031","assets/images/products/logo-design-dubai/logo-design-dubai-production-640.webp","640","480","4:3","Product page – production / finishing (gallery 4)","/logo-design-dubai/","Designer preparing print artwork on a large monitor with colour swatches nearby","Temporary stock (shared production photo)","Theme Photos (Unsplash CGpifH3FjOA)","Photorealistic commercial photograph of logo design production: Designer preparing print artwork on a large monitor with colour swatches nearby. Clean, well-lit Dubai print workshop, 4:3 landscape. Fictional brand names only, no real logos, no Flash Print Solution branding.","p:logo-design-dubai:production"
"1032","assets/images/products/logo-design-dubai/logo-design-dubai-production-1200.webp","1200","900","4:3","Product page – production / finishing (gallery 4)","/logo-design-dubai/","Designer preparing print artwork on a large monitor with colour swatches nearby","Temporary stock (shared production photo)","Theme Photos (Unsplash CGpifH3FjOA)","Photorealistic commercial photograph of logo design production: Designer preparing print artwork on a large monitor with colour swatches nearby. Clean, well-lit Dubai print workshop, 4:3 landscape. Fictional brand names only, no real logos, no Flash Print Solution branding.","p:logo-design-dubai:production"
"1033","assets/images/products/signage-replacement-dubai/signage-replacement-dubai-hero-640.webp","640","480","4:3","Product page – main photo (gallery 1)","/signage-replacement-dubai/","New printed face fitted to a shopfront light box sign above a cafe entrance","Temporary stock","Mockup Free (Unsplash dyWVPeyBvrM)","Realistic architectural photograph of a crisp newly replaced printed light box face above a small cafe entrance in a Dubai neighbourhood, evenly lit, clean glass shopfront below, early evening light, straight-on eye-level view. Fictional brand name, no real logos, no Flash Print Solution branding.","p:signage-replacement-dubai:hero"
"1034","assets/images/products/signage-replacement-dubai/signage-replacement-dubai-hero-1200.webp","1200","900","4:3","Product page – main photo (gallery 1)","/signage-replacement-dubai/","New printed face fitted to a shopfront light box sign above a cafe entrance","Temporary stock","Mockup Free (Unsplash dyWVPeyBvrM)","Realistic architectural photograph of a crisp newly replaced printed light box face above a small cafe entrance in a Dubai neighbourhood, evenly lit, clean glass shopfront below, early evening light, straight-on eye-level view. Fictional brand name, no real logos, no Flash Print Solution branding.","p:signage-replacement-dubai:hero"
"1035","assets/images/og/signage-replacement-dubai-hero.jpg","1200","630","1.91:1","Social share preview (Facebook, WhatsApp, LinkedIn…) – JPG","/signage-replacement-dubai/","New printed face fitted to a shopfront light box sign above a cafe entrance","Temporary stock","Mockup Free (Unsplash dyWVPeyBvrM)","Same photo as above, cropped to 1200 × 630","p:signage-replacement-dubai:hero"
"1036","assets/images/products/signage-replacement-dubai/signage-replacement-dubai-detail-640.webp","640","480","4:3","Product page – material / finish close-up (gallery 2)","/signage-replacement-dubai/","Faded, cracked sign face lying beside a freshly printed replacement panel","Temporary stock","Jennifer Grismer (Unsplash LGQFvBQkuNk)","Commercial photograph of a sun-faded, cracked acrylic sign face laid on a workshop bench beside its bright, freshly printed replacement panel, showing the colour difference clearly, soft overhead light, elevated three-quarter angle. Fictional brand name, no real logos, no Flash Print Solution branding.","p:signage-replacement-dubai:detail"
"1037","assets/images/products/signage-replacement-dubai/signage-replacement-dubai-detail-1200.webp","1200","900","4:3","Product page – material / finish close-up (gallery 2)","/signage-replacement-dubai/","Faded, cracked sign face lying beside a freshly printed replacement panel","Temporary stock","Jennifer Grismer (Unsplash LGQFvBQkuNk)","Commercial photograph of a sun-faded, cracked acrylic sign face laid on a workshop bench beside its bright, freshly printed replacement panel, showing the colour difference clearly, soft overhead light, elevated three-quarter angle. Fictional brand name, no real logos, no Flash Print Solution branding.","p:signage-replacement-dubai:detail"
"1038","assets/images/products/signage-replacement-dubai/signage-replacement-dubai-application-640.webp","640","480","4:3","Product page – product in use (gallery 3 + “Where it’s used”)","/signage-replacement-dubai/","Technician on a ladder removing a damaged sign panel from a building fascia","Temporary stock","Yuriy Vertikov (Unsplash eiwqefChddQ)","Realistic commercial photograph of a technician in a hi-vis vest on an A-frame ladder unscrewing a damaged ACP sign panel from a low-rise building fascia in Dubai, tools on belt, bright daylight, low angle looking up. Fictional brand name, no real logos, no Flash Print Solution branding.","p:signage-replacement-dubai:application"
"1039","assets/images/products/signage-replacement-dubai/signage-replacement-dubai-application-1200.webp","1200","900","4:3","Product page – product in use (gallery 3 + “Where it’s used”)","/signage-replacement-dubai/","Technician on a ladder removing a damaged sign panel from a building fascia","Temporary stock","Yuriy Vertikov (Unsplash eiwqefChddQ)","Realistic commercial photograph of a technician in a hi-vis vest on an A-frame ladder unscrewing a damaged ACP sign panel from a low-rise building fascia in Dubai, tools on belt, bright daylight, low angle looking up. Fictional brand name, no real logos, no Flash Print Solution branding.","p:signage-replacement-dubai:application"
"1040","assets/images/products/signage-replacement-dubai/signage-replacement-dubai-production-640.webp","640","480","4:3","Product page – production / finishing (gallery 4)","/signage-replacement-dubai/","Wide-format inkjet printer printing a large graphic onto roll media","Temporary stock (shared production photo)","Geri Sakti (Unsplash CYrYxz-uvE4)","Photorealistic commercial photograph of damage replacement printing production: Wide-format inkjet printer printing a large graphic onto roll media. Clean, well-lit Dubai print workshop, 4:3 landscape. Fictional brand names only, no real logos, no Flash Print Solution branding.","p:signage-replacement-dubai:production"
"1041","assets/images/products/signage-replacement-dubai/signage-replacement-dubai-production-1200.webp","1200","900","4:3","Product page – production / finishing (gallery 4)","/signage-replacement-dubai/","Wide-format inkjet printer printing a large graphic onto roll media","Temporary stock (shared production photo)","Geri Sakti (Unsplash CYrYxz-uvE4)","Photorealistic commercial photograph of damage replacement printing production: Wide-format inkjet printer printing a large graphic onto roll media. Clean, well-lit Dubai print workshop, 4:3 landscape. Fictional brand names only, no real logos, no Flash Print Solution branding.","p:signage-replacement-dubai:production"
"1042","assets/images/products/print-ready-file-setup-dubai/print-ready-file-setup-dubai-hero-640.webp","640","480","4:3","Product page – main photo (gallery 1)","/print-ready-file-setup-dubai/","Designer's monitor showing a business card layout with bleed and crop marks","Temporary stock","Faizur Rehman (Unsplash yapBRdPWxik)","Realistic commercial photograph of a large desktop monitor in a design studio displaying a business card layout with visible bleed guides, crop marks and colour swatch panel, printed proof and colour fan deck on the desk, soft daylight, over-the-shoulder angle. Fictional brand name, no real logos, no Flash Print Solution branding.","p:print-ready-file-setup-dubai:hero"
"1043","assets/images/products/print-ready-file-setup-dubai/print-ready-file-setup-dubai-hero-1200.webp","1200","900","4:3","Product page – main photo (gallery 1)","/print-ready-file-setup-dubai/","Designer's monitor showing a business card layout with bleed and crop marks","Temporary stock","Faizur Rehman (Unsplash yapBRdPWxik)","Realistic commercial photograph of a large desktop monitor in a design studio displaying a business card layout with visible bleed guides, crop marks and colour swatch panel, printed proof and colour fan deck on the desk, soft daylight, over-the-shoulder angle. Fictional brand name, no real logos, no Flash Print Solution branding.","p:print-ready-file-setup-dubai:hero"
"1044","assets/images/og/print-ready-file-setup-dubai-hero.jpg","1200","630","1.91:1","Social share preview (Facebook, WhatsApp, LinkedIn…) – JPG","/print-ready-file-setup-dubai/","Designer's monitor showing a business card layout with bleed and crop marks","Temporary stock","Faizur Rehman (Unsplash yapBRdPWxik)","Same photo as above, cropped to 1200 × 630","p:print-ready-file-setup-dubai:hero"
"1045","assets/images/products/print-ready-file-setup-dubai/print-ready-file-setup-dubai-detail-640.webp","640","480","4:3","Product page – material / finish close-up (gallery 2)","/print-ready-file-setup-dubai/","Close-up of a printed proof sheet with crop marks and colour bars","Temporary stock","jason hu (Unsplash AwhkKMdTVNA)","Macro photograph of the corner of a printed proof sheet showing crisp crop marks, registration targets and a CMYK colour bar, with a loupe resting on the paper, neutral daylight-balanced lighting, shallow depth of field. Fictional brand name, no real logos, no Flash Print Solution branding.","p:print-ready-file-setup-dubai:detail"
"1046","assets/images/products/print-ready-file-setup-dubai/print-ready-file-setup-dubai-detail-1200.webp","1200","900","4:3","Product page – material / finish close-up (gallery 2)","/print-ready-file-setup-dubai/","Close-up of a printed proof sheet with crop marks and colour bars","Temporary stock","jason hu (Unsplash AwhkKMdTVNA)","Macro photograph of the corner of a printed proof sheet showing crisp crop marks, registration targets and a CMYK colour bar, with a loupe resting on the paper, neutral daylight-balanced lighting, shallow depth of field. Fictional brand name, no real logos, no Flash Print Solution branding.","p:print-ready-file-setup-dubai:detail"
"1047","assets/images/products/print-ready-file-setup-dubai/print-ready-file-setup-dubai-application-640.webp","640","480","4:3","Product page – product in use (gallery 3 + “Where it’s used”)","/print-ready-file-setup-dubai/","Packaging dieline printout beside a folded carton prototype on a studio desk","Temporary stock","Mildlee (Unsplash 7KKy7-TeeVs)","Realistic commercial photograph of a flat printed packaging dieline with fold and cut lines beside a white folded carton prototype, cutting mat, steel ruler and pencil on a studio desk, soft overhead light, top-down angle. Fictional brand name, no real logos, no Flash Print Solution branding.","p:print-ready-file-setup-dubai:application"
"1048","assets/images/products/print-ready-file-setup-dubai/print-ready-file-setup-dubai-application-1200.webp","1200","900","4:3","Product page – product in use (gallery 3 + “Where it’s used”)","/print-ready-file-setup-dubai/","Packaging dieline printout beside a folded carton prototype on a studio desk","Temporary stock","Mildlee (Unsplash 7KKy7-TeeVs)","Realistic commercial photograph of a flat printed packaging dieline with fold and cut lines beside a white folded carton prototype, cutting mat, steel ruler and pencil on a studio desk, soft overhead light, top-down angle. Fictional brand name, no real logos, no Flash Print Solution branding.","p:print-ready-file-setup-dubai:application"
"1049","assets/images/products/print-ready-file-setup-dubai/print-ready-file-setup-dubai-production-640.webp","640","480","4:3","Product page – production / finishing (gallery 4)","/print-ready-file-setup-dubai/","Designer preparing print artwork on a large monitor with colour swatches nearby","Temporary stock (shared production photo)","Theme Photos (Unsplash CGpifH3FjOA)","Photorealistic commercial photograph of print-ready file setup production: Designer preparing print artwork on a large monitor with colour swatches nearby. Clean, well-lit Dubai print workshop, 4:3 landscape. Fictional brand names only, no real logos, no Flash Print Solution branding.","p:print-ready-file-setup-dubai:production"
"1050","assets/images/products/print-ready-file-setup-dubai/print-ready-file-setup-dubai-production-1200.webp","1200","900","4:3","Product page – production / finishing (gallery 4)","/print-ready-file-setup-dubai/","Designer preparing print artwork on a large monitor with colour swatches nearby","Temporary stock (shared production photo)","Theme Photos (Unsplash CGpifH3FjOA)","Photorealistic commercial photograph of print-ready file setup production: Designer preparing print artwork on a large monitor with colour swatches nearby. Clean, well-lit Dubai print workshop, 4:3 landscape. Fictional brand names only, no real logos, no Flash Print Solution branding.","p:print-ready-file-setup-dubai:production"
"1051","assets/images/products/rebranding-services-dubai/rebranding-services-dubai-hero-640.webp","640","480","4:3","Product page – main photo (gallery 1)","/rebranding-services-dubai/","New illuminated letter sign being fitted to a shopfront after the old sign was removed","Temporary stock","Simon Ray (Unsplash XXGMfoJfGnk)","Realistic commercial photograph of installers fitting new illuminated letters to a freshly cleaned shopfront fascia in Dubai, faint outline of the removed old sign still visible on the wall, bright daylight, medium-wide low angle. Fictional brand name, no real logos, no Flash Print Solution branding.","p:rebranding-services-dubai:hero"
"1052","assets/images/products/rebranding-services-dubai/rebranding-services-dubai-hero-1200.webp","1200","900","4:3","Product page – main photo (gallery 1)","/rebranding-services-dubai/","New illuminated letter sign being fitted to a shopfront after the old sign was removed","Temporary stock","Simon Ray (Unsplash XXGMfoJfGnk)","Realistic commercial photograph of installers fitting new illuminated letters to a freshly cleaned shopfront fascia in Dubai, faint outline of the removed old sign still visible on the wall, bright daylight, medium-wide low angle. Fictional brand name, no real logos, no Flash Print Solution branding.","p:rebranding-services-dubai:hero"
"1053","assets/images/og/rebranding-services-dubai-hero.jpg","1200","630","1.91:1","Social share preview (Facebook, WhatsApp, LinkedIn…) – JPG","/rebranding-services-dubai/","New illuminated letter sign being fitted to a shopfront after the old sign was removed","Temporary stock","Simon Ray (Unsplash XXGMfoJfGnk)","Same photo as above, cropped to 1200 × 630","p:rebranding-services-dubai:hero"
"1054","assets/images/products/rebranding-services-dubai/rebranding-services-dubai-detail-640.webp","640","480","4:3","Product page – material / finish close-up (gallery 2)","/rebranding-services-dubai/","Old and new business cards and letterheads laid side by side on a desk","Temporary stock","Jess Bailey (Unsplash UHqfUTDmdC4)","Commercial flat-lay photograph of an old set of business cards and letterheads in muted colours beside a new set in a fresh colour palette, arranged on a pale desk, soft even daylight, top-down angle. Fictional brand name, no real logos, no Flash Print Solution branding.","p:rebranding-services-dubai:detail"
"1055","assets/images/products/rebranding-services-dubai/rebranding-services-dubai-detail-1200.webp","1200","900","4:3","Product page – material / finish close-up (gallery 2)","/rebranding-services-dubai/","Old and new business cards and letterheads laid side by side on a desk","Temporary stock","Jess Bailey (Unsplash UHqfUTDmdC4)","Commercial flat-lay photograph of an old set of business cards and letterheads in muted colours beside a new set in a fresh colour palette, arranged on a pale desk, soft even daylight, top-down angle. Fictional brand name, no real logos, no Flash Print Solution branding.","p:rebranding-services-dubai:detail"
"1056","assets/images/products/rebranding-services-dubai/rebranding-services-dubai-application-640.webp","640","480","4:3","Product page – product in use (gallery 3 + “Where it’s used”)","/rebranding-services-dubai/","Row of company vans in a depot showing matching new livery graphics","Temporary stock","Pascal Meier (Unsplash HfYk04kY0ZQ)","Realistic commercial photograph of a row of white company vans in a Dubai depot, all wearing matching new livery graphics in a bold colour palette, morning sunlight, clean concrete yard, wide eye-level shot. Fictional brand name, no real logos, no Flash Print Solution branding.","p:rebranding-services-dubai:application"
"1057","assets/images/products/rebranding-services-dubai/rebranding-services-dubai-application-1200.webp","1200","900","4:3","Product page – product in use (gallery 3 + “Where it’s used”)","/rebranding-services-dubai/","Row of company vans in a depot showing matching new livery graphics","Temporary stock","Pascal Meier (Unsplash HfYk04kY0ZQ)","Realistic commercial photograph of a row of white company vans in a Dubai depot, all wearing matching new livery graphics in a bold colour palette, morning sunlight, clean concrete yard, wide eye-level shot. Fictional brand name, no real logos, no Flash Print Solution branding.","p:rebranding-services-dubai:application"
"1058","assets/images/products/rebranding-services-dubai/rebranding-services-dubai-production-640.webp","640","480","4:3","Product page – production / finishing (gallery 4)","/rebranding-services-dubai/","Workshop fabrication of signage","Temporary stock (shared production photo)","Syd Mills (Unsplash kLeczQMR55Y)","Photorealistic commercial photograph of rebranding services production: Workshop fabrication of signage — acrylic, aluminium composite panels and letters. Clean, well-lit Dubai print workshop, 4:3 landscape. Fictional brand names only, no real logos, no Flash Print Solution branding.","p:rebranding-services-dubai:production"
"1059","assets/images/products/rebranding-services-dubai/rebranding-services-dubai-production-1200.webp","1200","900","4:3","Product page – production / finishing (gallery 4)","/rebranding-services-dubai/","Workshop fabrication of signage","Temporary stock (shared production photo)","Syd Mills (Unsplash kLeczQMR55Y)","Photorealistic commercial photograph of rebranding services production: Workshop fabrication of signage — acrylic, aluminium composite panels and letters. Clean, well-lit Dubai print workshop, 4:3 landscape. Fictional brand names only, no real logos, no Flash Print Solution branding.","p:rebranding-services-dubai:production"
"1060","assets/images/products/sticker-removal-dubai/sticker-removal-dubai-hero-640.webp","640","480","4:3","Product page – main photo (gallery 1)","/sticker-removal-dubai/","Worker peeling old white vinyl lettering from a shop window with a scraper","Temporary stock","Nik (Unsplash Ytkh_pqyf2Y)","Realistic commercial photograph of a worker peeling old, cracked white vinyl lettering from a large shop window using a plastic scraper, flakes of vinyl on the sill, empty retail interior behind the glass, bright daylight, medium close-up at eye level. Fictional brand name, no real logos, no Flash Print Solution branding.","p:sticker-removal-dubai:hero"
"1061","assets/images/products/sticker-removal-dubai/sticker-removal-dubai-hero-1200.webp","1200","900","4:3","Product page – main photo (gallery 1)","/sticker-removal-dubai/","Worker peeling old white vinyl lettering from a shop window with a scraper","Temporary stock","Nik (Unsplash Ytkh_pqyf2Y)","Realistic commercial photograph of a worker peeling old, cracked white vinyl lettering from a large shop window using a plastic scraper, flakes of vinyl on the sill, empty retail interior behind the glass, bright daylight, medium close-up at eye level. Fictional brand name, no real logos, no Flash Print Solution branding.","p:sticker-removal-dubai:hero"
"1062","assets/images/og/sticker-removal-dubai-hero.jpg","1200","630","1.91:1","Social share preview (Facebook, WhatsApp, LinkedIn…) – JPG","/sticker-removal-dubai/","Worker peeling old white vinyl lettering from a shop window with a scraper","Temporary stock","Nik (Unsplash Ytkh_pqyf2Y)","Same photo as above, cropped to 1200 × 630","p:sticker-removal-dubai:hero"
"1063","assets/images/products/sticker-removal-dubai/sticker-removal-dubai-detail-640.webp","640","480","4:3","Product page – material / finish close-up (gallery 2)","/sticker-removal-dubai/","Close-up of a heat gun warming an old decal on a car door panel","Temporary stock","David Glessner | Photographer & Director (Unsplash SMzLA15pdzc)","Macro commercial photograph of a heat gun warming a faded vinyl decal on a white car door while a gloved hand peels the edge back at a low angle, visible adhesive strands, workshop lighting, shallow depth of field. Fictional brand name, no real logos, no Flash Print Solution branding.","p:sticker-removal-dubai:detail"
"1064","assets/images/products/sticker-removal-dubai/sticker-removal-dubai-detail-1200.webp","1200","900","4:3","Product page – material / finish close-up (gallery 2)","/sticker-removal-dubai/","Close-up of a heat gun warming an old decal on a car door panel","Temporary stock","David Glessner | Photographer & Director (Unsplash SMzLA15pdzc)","Macro commercial photograph of a heat gun warming a faded vinyl decal on a white car door while a gloved hand peels the edge back at a low angle, visible adhesive strands, workshop lighting, shallow depth of field. Fictional brand name, no real logos, no Flash Print Solution branding.","p:sticker-removal-dubai:detail"
"1065","assets/images/products/sticker-removal-dubai/sticker-removal-dubai-application-640.webp","640","480","4:3","Product page – product in use (gallery 3 + “Where it’s used”)","/sticker-removal-dubai/","Clean empty shopfront glass ready for new graphics after sticker removal","Temporary stock","Maria Lupan (Unsplash x2SdB_gN6wo)","Realistic architectural photograph of a spotless, empty glass shopfront in a Dubai mall corridor after old graphics were removed, reflections of the corridor lights, installer's toolbox and folded new graphics at the base, straight-on view. Fictional brand name, no real logos, no Flash Print Solution branding.","p:sticker-removal-dubai:application"
"1066","assets/images/products/sticker-removal-dubai/sticker-removal-dubai-application-1200.webp","1200","900","4:3","Product page – product in use (gallery 3 + “Where it’s used”)","/sticker-removal-dubai/","Clean empty shopfront glass ready for new graphics after sticker removal","Temporary stock","Maria Lupan (Unsplash x2SdB_gN6wo)","Realistic architectural photograph of a spotless, empty glass shopfront in a Dubai mall corridor after old graphics were removed, reflections of the corridor lights, installer's toolbox and folded new graphics at the base, straight-on view. Fictional brand name, no real logos, no Flash Print Solution branding.","p:sticker-removal-dubai:application"
"1067","assets/images/products/sticker-removal-dubai/sticker-removal-dubai-production-640.webp","640","480","4:3","Product page – production / finishing (gallery 4)","/sticker-removal-dubai/","Installer applying wrap film to a vehicle panel with a heat gun and squeegee","Temporary stock (shared production photo)","Clarity Coat (Unsplash rsaYn6mq2qo)","Photorealistic commercial photograph of sticker removal production: Installer applying wrap film to a vehicle panel with a heat gun and squeegee. Clean, well-lit Dubai print workshop, 4:3 landscape. Fictional brand names only, no real logos, no Flash Print Solution branding.","p:sticker-removal-dubai:production"
"1068","assets/images/products/sticker-removal-dubai/sticker-removal-dubai-production-1200.webp","1200","900","4:3","Product page – production / finishing (gallery 4)","/sticker-removal-dubai/","Installer applying wrap film to a vehicle panel with a heat gun and squeegee","Temporary stock (shared production photo)","Clarity Coat (Unsplash rsaYn6mq2qo)","Photorealistic commercial photograph of sticker removal production: Installer applying wrap film to a vehicle panel with a heat gun and squeegee. Clean, well-lit Dubai print workshop, 4:3 landscape. Fictional brand names only, no real logos, no Flash Print Solution branding.","p:sticker-removal-dubai:production"
"1069","assets/images/products/letterhead-printing-dubai/letterhead-printing-dubai-hero-640.webp","640","480","4:3","Product page – main photo (gallery 1)","/letterhead-printing-dubai/","Stack of A4 letterheads with a teal logo and footer on a white desk","Temporary stock","ron dyar (Unsplash V29UWcALNko)","Realistic commercial photograph of a neat stack of A4 company letterheads with a teal logo at the top and a slim footer, on a clean white desk beside a pen and a coffee cup, soft window light, overhead angle, fictional brand name, no real logos, no Flash Print Solution branding.","p:letterhead-printing-dubai:hero"
"1070","assets/images/products/letterhead-printing-dubai/letterhead-printing-dubai-hero-1200.webp","1200","900","4:3","Product page – main photo (gallery 1)","/letterhead-printing-dubai/","Stack of A4 letterheads with a teal logo and footer on a white desk","Temporary stock","ron dyar (Unsplash V29UWcALNko)","Realistic commercial photograph of a neat stack of A4 company letterheads with a teal logo at the top and a slim footer, on a clean white desk beside a pen and a coffee cup, soft window light, overhead angle, fictional brand name, no real logos, no Flash Print Solution branding.","p:letterhead-printing-dubai:hero"
"1071","assets/images/og/letterhead-printing-dubai-hero.jpg","1200","630","1.91:1","Social share preview (Facebook, WhatsApp, LinkedIn…) – JPG","/letterhead-printing-dubai/","Stack of A4 letterheads with a teal logo and footer on a white desk","Temporary stock","ron dyar (Unsplash V29UWcALNko)","Same photo as above, cropped to 1200 × 630","p:letterhead-printing-dubai:hero"
"1072","assets/images/products/letterhead-printing-dubai/letterhead-printing-dubai-detail-640.webp","640","480","4:3","Product page – material / finish close-up (gallery 2)","/letterhead-printing-dubai/","Close-up of textured laid paper letterhead showing a blind embossed logo","Temporary stock","Jennifer Martin (Unsplash 4Rt3UmitYUA)","Macro commercial photograph of a cream laid-paper letterhead corner with a blind embossed logo, raking side light revealing the raised impression and fine paper lines, neutral background, shallow depth of field, fictional brand name, no real logos, no Flash Print Solution branding.","p:letterhead-printing-dubai:detail"
"1073","assets/images/products/letterhead-printing-dubai/letterhead-printing-dubai-detail-1200.webp","1200","900","4:3","Product page – material / finish close-up (gallery 2)","/letterhead-printing-dubai/","Close-up of textured laid paper letterhead showing a blind embossed logo","Temporary stock","Jennifer Martin (Unsplash 4Rt3UmitYUA)","Macro commercial photograph of a cream laid-paper letterhead corner with a blind embossed logo, raking side light revealing the raised impression and fine paper lines, neutral background, shallow depth of field, fictional brand name, no real logos, no Flash Print Solution branding.","p:letterhead-printing-dubai:detail"
"1074","assets/images/products/letterhead-printing-dubai/letterhead-printing-dubai-application-640.webp","640","480","4:3","Product page – product in use (gallery 3 + “Where it’s used”)","/letterhead-printing-dubai/","Office worker taking a letter printed on company letterhead from a laser printer","Temporary stock","Centre for Ageing Better (Unsplash q4-N9h6vx8w)","Realistic photograph of an office worker lifting a freshly printed letter on branded company letterhead from a laser printer tray in a modern Dubai office, natural light, medium close-up on hands and paper, fictional brand name, no real logos, no Flash Print Solution branding.","p:letterhead-printing-dubai:application"
"1075","assets/images/products/letterhead-printing-dubai/letterhead-printing-dubai-application-1200.webp","1200","900","4:3","Product page – product in use (gallery 3 + “Where it’s used”)","/letterhead-printing-dubai/","Office worker taking a letter printed on company letterhead from a laser printer","Temporary stock","Centre for Ageing Better (Unsplash q4-N9h6vx8w)","Realistic photograph of an office worker lifting a freshly printed letter on branded company letterhead from a laser printer tray in a modern Dubai office, natural light, medium close-up on hands and paper, fictional brand name, no real logos, no Flash Print Solution branding.","p:letterhead-printing-dubai:application"
"1076","assets/images/products/letterhead-printing-dubai/letterhead-printing-dubai-production-640.webp","640","480","4:3","Product page – production / finishing (gallery 4)","/letterhead-printing-dubai/","Offset press run","Temporary stock (shared production photo)","NOAA (Unsplash HFYczZkqCoE)","Photorealistic commercial photograph of letterheads production: Offset press run — operator checking a sheet at an offset printing press. Clean, well-lit Dubai print workshop, 4:3 landscape. Fictional brand names only, no real logos, no Flash Print Solution branding.","p:letterhead-printing-dubai:production"
"1077","assets/images/products/letterhead-printing-dubai/letterhead-printing-dubai-production-1200.webp","1200","900","4:3","Product page – production / finishing (gallery 4)","/letterhead-printing-dubai/","Offset press run","Temporary stock (shared production photo)","NOAA (Unsplash HFYczZkqCoE)","Photorealistic commercial photograph of letterheads production: Offset press run — operator checking a sheet at an offset printing press. Clean, well-lit Dubai print workshop, 4:3 landscape. Fictional brand names only, no real logos, no Flash Print Solution branding.","p:letterhead-printing-dubai:production"
"1078","assets/images/products/catalogue-printing-dubai/catalogue-printing-dubai-hero-640.webp","640","480","4:3","Product page – main photo (gallery 1)","/catalogue-printing-dubai/","Perfect-bound product catalogue with a matt cover lying on a showroom table","Temporary stock – SHARED with marketing-promotional category (replace first)","Mockup Free (Unsplash Ue7ttHJXf2o)","Realistic commercial product photograph of a perfect-bound A4 product catalogue with a matt laminated cover showing furniture photography, a second copy open to a product grid page, on a wooden showroom table, soft daylight, three-quarter angle, fictional brand name, no real logos, no Flash Print Solution branding.","p:catalogue-printing-dubai:hero"
"1079","assets/images/products/catalogue-printing-dubai/catalogue-printing-dubai-hero-1200.webp","1200","900","4:3","Product page – main photo (gallery 1)","/catalogue-printing-dubai/","Perfect-bound product catalogue with a matt cover lying on a showroom table","Temporary stock – SHARED with marketing-promotional category (replace first)","Mockup Free (Unsplash Ue7ttHJXf2o)","Realistic commercial product photograph of a perfect-bound A4 product catalogue with a matt laminated cover showing furniture photography, a second copy open to a product grid page, on a wooden showroom table, soft daylight, three-quarter angle, fictional brand name, no real logos, no Flash Print Solution branding.","p:catalogue-printing-dubai:hero"
"1080","assets/images/og/catalogue-printing-dubai-hero.jpg","1200","630","1.91:1","Social share preview (Facebook, WhatsApp, LinkedIn…) – JPG","/catalogue-printing-dubai/","Perfect-bound product catalogue with a matt cover lying on a showroom table","Temporary stock – SHARED with marketing-promotional category (replace first)","Mockup Free (Unsplash Ue7ttHJXf2o)","Same photo as above, cropped to 1200 × 630","p:catalogue-printing-dubai:hero"
"1081","assets/images/products/catalogue-printing-dubai/catalogue-printing-dubai-detail-640.webp","640","480","4:3","Product page – material / finish close-up (gallery 2)","/catalogue-printing-dubai/","Close-up of a catalogue spine showing glued binding and a printed title","Temporary stock","Robert Koorenny (Unsplash jUnTd0qYy8E)","Macro commercial photograph of the square spine of a perfect-bound catalogue showing the printed title, neat glued binding and stacked page edges, soft directional light, shallow depth of field, neutral background, fictional brand name, no real logos, no Flash Print Solution branding.","p:catalogue-printing-dubai:detail"
"1082","assets/images/products/catalogue-printing-dubai/catalogue-printing-dubai-detail-1200.webp","1200","900","4:3","Product page – material / finish close-up (gallery 2)","/catalogue-printing-dubai/","Close-up of a catalogue spine showing glued binding and a printed title","Temporary stock","Robert Koorenny (Unsplash jUnTd0qYy8E)","Macro commercial photograph of the square spine of a perfect-bound catalogue showing the printed title, neat glued binding and stacked page edges, soft directional light, shallow depth of field, neutral background, fictional brand name, no real logos, no Flash Print Solution branding.","p:catalogue-printing-dubai:detail"
"1083","assets/images/products/catalogue-printing-dubai/catalogue-printing-dubai-application-640.webp","640","480","4:3","Product page – product in use (gallery 3 + “Where it’s used”)","/catalogue-printing-dubai/","Sales representative showing a product catalogue to a buyer at a trade counter","Temporary stock","Paul White (Unsplash pQsNnR-U6zU)","Realistic photograph of a sales representative showing an open product catalogue to a buyer at a trade counter in a Dubai showroom, product samples on shelves behind, natural light, medium shot focused on the catalogue pages, fictional brand name, no real logos, no Flash Print Solution branding.","p:catalogue-printing-dubai:application"
"1084","assets/images/products/catalogue-printing-dubai/catalogue-printing-dubai-application-1200.webp","1200","900","4:3","Product page – product in use (gallery 3 + “Where it’s used”)","/catalogue-printing-dubai/","Sales representative showing a product catalogue to a buyer at a trade counter","Temporary stock","Paul White (Unsplash pQsNnR-U6zU)","Realistic photograph of a sales representative showing an open product catalogue to a buyer at a trade counter in a Dubai showroom, product samples on shelves behind, natural light, medium shot focused on the catalogue pages, fictional brand name, no real logos, no Flash Print Solution branding.","p:catalogue-printing-dubai:application"
"1085","assets/images/products/catalogue-printing-dubai/catalogue-printing-dubai-production-640.webp","640","480","4:3","Product page – production / finishing (gallery 4)","/catalogue-printing-dubai/","Booklet binding / stitching and folding of multi-page printed documents","Temporary stock (shared production photo)","Christopher Bill (Unsplash AmvUqBtvXpA)","Photorealistic commercial photograph of catalogues production: Booklet binding / stitching and folding of multi-page printed documents. Clean, well-lit Dubai print workshop, 4:3 landscape. Fictional brand names only, no real logos, no Flash Print Solution branding.","p:catalogue-printing-dubai:production"
"1086","assets/images/products/catalogue-printing-dubai/catalogue-printing-dubai-production-1200.webp","1200","900","4:3","Product page – production / finishing (gallery 4)","/catalogue-printing-dubai/","Booklet binding / stitching and folding of multi-page printed documents","Temporary stock (shared production photo)","Christopher Bill (Unsplash AmvUqBtvXpA)","Photorealistic commercial photograph of catalogues production: Booklet binding / stitching and folding of multi-page printed documents. Clean, well-lit Dubai print workshop, 4:3 landscape. Fictional brand names only, no real logos, no Flash Print Solution branding.","p:catalogue-printing-dubai:production"
"1087","assets/images/products/invitation-printing-dubai/invitation-printing-dubai-hero-640.webp","640","480","4:3","Product page – main photo (gallery 1)","/invitation-printing-dubai/","Cream invitation card with gold foil script and a matching lined envelope on linen","Temporary stock","Micah & Sammie Chaffin (Unsplash BiT7NBELhTg)","Realistic commercial product photograph of a cream cotton-textured invitation card with gold foil script and border, beside a matching envelope with a patterned liner and a small RSVP card, on natural linen fabric, soft window light, top-down angle, fictional brand name, no real logos, no Flash Print Solution branding.","p:invitation-printing-dubai:hero"
"1088","assets/images/products/invitation-printing-dubai/invitation-printing-dubai-hero-1200.webp","1200","900","4:3","Product page – main photo (gallery 1)","/invitation-printing-dubai/","Cream invitation card with gold foil script and a matching lined envelope on linen","Temporary stock","Micah & Sammie Chaffin (Unsplash BiT7NBELhTg)","Realistic commercial product photograph of a cream cotton-textured invitation card with gold foil script and border, beside a matching envelope with a patterned liner and a small RSVP card, on natural linen fabric, soft window light, top-down angle, fictional brand name, no real logos, no Flash Print Solution branding.","p:invitation-printing-dubai:hero"
"1089","assets/images/og/invitation-printing-dubai-hero.jpg","1200","630","1.91:1","Social share preview (Facebook, WhatsApp, LinkedIn…) – JPG","/invitation-printing-dubai/","Cream invitation card with gold foil script and a matching lined envelope on linen","Temporary stock","Micah & Sammie Chaffin (Unsplash BiT7NBELhTg)","Same photo as above, cropped to 1200 × 630","p:invitation-printing-dubai:hero"
"1090","assets/images/products/invitation-printing-dubai/invitation-printing-dubai-detail-640.webp","640","480","4:3","Product page – material / finish close-up (gallery 2)","/invitation-printing-dubai/","Close-up of blind embossed pattern and gold foil on textured invitation board","Temporary stock","Bret Lama (Unsplash G-vD2Cm5_CY)","Macro commercial photograph of a thick textured invitation card showing a blind embossed geometric pattern alongside gold foil lettering, raking light emphasising the raised texture, shallow depth of field, fictional brand name, no real logos, no Flash Print Solution branding.","p:invitation-printing-dubai:detail"
"1091","assets/images/products/invitation-printing-dubai/invitation-printing-dubai-detail-1200.webp","1200","900","4:3","Product page – material / finish close-up (gallery 2)","/invitation-printing-dubai/","Close-up of blind embossed pattern and gold foil on textured invitation board","Temporary stock","Bret Lama (Unsplash G-vD2Cm5_CY)","Macro commercial photograph of a thick textured invitation card showing a blind embossed geometric pattern alongside gold foil lettering, raking light emphasising the raised texture, shallow depth of field, fictional brand name, no real logos, no Flash Print Solution branding.","p:invitation-printing-dubai:detail"
"1092","assets/images/products/invitation-printing-dubai/invitation-printing-dubai-application-640.webp","640","480","4:3","Product page – product in use (gallery 3 + “Where it’s used”)","/invitation-printing-dubai/","Guest holding an invitation card at the entrance of an evening event venue","Temporary stock","Lisandro Garcia (Unsplash UR_SbilElPs)","Realistic photograph of a guest holding a printed invitation card at the softly lit entrance of an evening gala venue in Dubai, warm lighting and blurred décor behind, focus on hands and card, elegant atmosphere, fictional brand name, no real logos, no Flash Print Solution branding.","p:invitation-printing-dubai:application"
"1093","assets/images/products/invitation-printing-dubai/invitation-printing-dubai-application-1200.webp","1200","900","4:3","Product page – product in use (gallery 3 + “Where it’s used”)","/invitation-printing-dubai/","Guest holding an invitation card at the entrance of an evening event venue","Temporary stock","Lisandro Garcia (Unsplash UR_SbilElPs)","Realistic photograph of a guest holding a printed invitation card at the softly lit entrance of an evening gala venue in Dubai, warm lighting and blurred décor behind, focus on hands and card, elegant atmosphere, fictional brand name, no real logos, no Flash Print Solution branding.","p:invitation-printing-dubai:application"
"1094","assets/images/products/invitation-printing-dubai/invitation-printing-dubai-production-640.webp","640","480","4:3","Product page – production / finishing (gallery 4)","/invitation-printing-dubai/","Hot-foil stamping or embossing detail being applied to card stock","Temporary stock (shared production photo)","Brett Jordan (Unsplash dTmzpaE5Uis)","Photorealistic commercial photograph of invitations production: Hot-foil stamping or embossing detail being applied to card stock. Clean, well-lit Dubai print workshop, 4:3 landscape. Fictional brand names only, no real logos, no Flash Print Solution branding.","p:invitation-printing-dubai:production"
"1095","assets/images/products/invitation-printing-dubai/invitation-printing-dubai-production-1200.webp","1200","900","4:3","Product page – production / finishing (gallery 4)","/invitation-printing-dubai/","Hot-foil stamping or embossing detail being applied to card stock","Temporary stock (shared production photo)","Brett Jordan (Unsplash dTmzpaE5Uis)","Photorealistic commercial photograph of invitations production: Hot-foil stamping or embossing detail being applied to card stock. Clean, well-lit Dubai print workshop, 4:3 landscape. Fictional brand names only, no real logos, no Flash Print Solution branding.","p:invitation-printing-dubai:production"
"1096","assets/images/products/banner-printing-dubai/banner-printing-dubai-hero-640.webp","640","480","4:3","Product page – main photo (gallery 1)","/banner-printing-dubai/","Full-colour promotional banner with eyelets hanging across a modern shopfront in daylight","Temporary stock","Tim Mossholder (Unsplash Cg7xHNo0ur0)","Realistic commercial photograph of a long printed PVC promotional banner with metal eyelets fixed across the front of a modern retail unit in Dubai, bright late-afternoon sun, straight-on eye-level view, clean pavement, sharp vivid colours, fictional brand name, no real logos, no Flash Print Solution branding.","p:banner-printing-dubai:hero"
"1097","assets/images/products/banner-printing-dubai/banner-printing-dubai-hero-1200.webp","1200","900","4:3","Product page – main photo (gallery 1)","/banner-printing-dubai/","Full-colour promotional banner with eyelets hanging across a modern shopfront in daylight","Temporary stock","Tim Mossholder (Unsplash Cg7xHNo0ur0)","Realistic commercial photograph of a long printed PVC promotional banner with metal eyelets fixed across the front of a modern retail unit in Dubai, bright late-afternoon sun, straight-on eye-level view, clean pavement, sharp vivid colours, fictional brand name, no real logos, no Flash Print Solution branding.","p:banner-printing-dubai:hero"
"1098","assets/images/og/banner-printing-dubai-hero.jpg","1200","630","1.91:1","Social share preview (Facebook, WhatsApp, LinkedIn…) – JPG","/banner-printing-dubai/","Full-colour promotional banner with eyelets hanging across a modern shopfront in daylight","Temporary stock","Tim Mossholder (Unsplash Cg7xHNo0ur0)","Same photo as above, cropped to 1200 × 630","p:banner-printing-dubai:hero"
"1099","assets/images/products/banner-printing-dubai/banner-printing-dubai-detail-640.webp","640","480","4:3","Product page – material / finish close-up (gallery 2)","/banner-printing-dubai/","Close-up of a welded PVC banner hem with a metal eyelet and cable tie","Temporary stock – SHARED with large-format category (replace first)","Pawel Czerwinski (Unsplash _9dSF0Hwitw)","Macro commercial photograph of the corner of a printed PVC banner showing a heat-welded hem, a brass eyelet and a black cable tie, soft natural daylight, shallow depth of field, visible material texture, neutral background, fictional brand name, no real logos, no Flash Print Solution branding.","p:banner-printing-dubai:detail"
"1100","assets/images/products/banner-printing-dubai/banner-printing-dubai-detail-1200.webp","1200","900","4:3","Product page – material / finish close-up (gallery 2)","/banner-printing-dubai/","Close-up of a welded PVC banner hem with a metal eyelet and cable tie","Temporary stock – SHARED with large-format category (replace first)","Pawel Czerwinski (Unsplash _9dSF0Hwitw)","Macro commercial photograph of the corner of a printed PVC banner showing a heat-welded hem, a brass eyelet and a black cable tie, soft natural daylight, shallow depth of field, visible material texture, neutral background, fictional brand name, no real logos, no Flash Print Solution branding.","p:banner-printing-dubai:detail"
"1101","assets/images/products/banner-printing-dubai/banner-printing-dubai-application-640.webp","640","480","4:3","Product page – product in use (gallery 3 + “Where it’s used”)","/banner-printing-dubai/","Printed mesh banner fixed along a construction site fence beside a city road","Temporary stock","John Cardamone (Unsplash p_Q4pUuip6U)","Realistic commercial photograph of a long printed mesh banner cable-tied along a temporary construction site fence on a Dubai street, cranes and a building under construction behind, clear blue sky, wide three-quarter angle, fictional brand name, no real logos, no Flash Print Solution branding.","p:banner-printing-dubai:application"
"1102","assets/images/products/banner-printing-dubai/banner-printing-dubai-application-1200.webp","1200","900","4:3","Product page – product in use (gallery 3 + “Where it’s used”)","/banner-printing-dubai/","Printed mesh banner fixed along a construction site fence beside a city road","Temporary stock","John Cardamone (Unsplash p_Q4pUuip6U)","Realistic commercial photograph of a long printed mesh banner cable-tied along a temporary construction site fence on a Dubai street, cranes and a building under construction behind, clear blue sky, wide three-quarter angle, fictional brand name, no real logos, no Flash Print Solution branding.","p:banner-printing-dubai:application"
"1103","assets/images/products/banner-printing-dubai/banner-printing-dubai-production-640.webp","640","480","4:3","Product page – production / finishing (gallery 4)","/banner-printing-dubai/","Wide-format inkjet printer printing a large graphic onto roll media","Temporary stock (shared production photo)","Geri Sakti (Unsplash CYrYxz-uvE4)","Photorealistic commercial photograph of banners production: Wide-format inkjet printer printing a large graphic onto roll media. Clean, well-lit Dubai print workshop, 4:3 landscape. Fictional brand names only, no real logos, no Flash Print Solution branding.","p:banner-printing-dubai:production"
"1104","assets/images/products/banner-printing-dubai/banner-printing-dubai-production-1200.webp","1200","900","4:3","Product page – production / finishing (gallery 4)","/banner-printing-dubai/","Wide-format inkjet printer printing a large graphic onto roll media","Temporary stock (shared production photo)","Geri Sakti (Unsplash CYrYxz-uvE4)","Photorealistic commercial photograph of banners production: Wide-format inkjet printer printing a large graphic onto roll media. Clean, well-lit Dubai print workshop, 4:3 landscape. Fictional brand names only, no real logos, no Flash Print Solution branding.","p:banner-printing-dubai:production"
"1105","assets/images/products/office-signage-dubai/office-signage-dubai-hero-640.webp","640","480","4:3","Product page – main photo (gallery 1)","/office-signage-dubai/","Modern office corridor with matching acrylic room signs, frosted glass and logo wall","Temporary stock","Craig Lovelidge (Unsplash ePvb1-79bV0)","Realistic commercial photograph of a modern Dubai office corridor with matching grey acrylic room signs, frosted glass meeting rooms with cut-out logo bands and a logo wall at the far end, clean daylight, one-point perspective, fictional brand name, no real logos, no Flash Print Solution branding","p:office-signage-dubai:hero"
"1106","assets/images/products/office-signage-dubai/office-signage-dubai-hero-1200.webp","1200","900","4:3","Product page – main photo (gallery 1)","/office-signage-dubai/","Modern office corridor with matching acrylic room signs, frosted glass and logo wall","Temporary stock","Craig Lovelidge (Unsplash ePvb1-79bV0)","Realistic commercial photograph of a modern Dubai office corridor with matching grey acrylic room signs, frosted glass meeting rooms with cut-out logo bands and a logo wall at the far end, clean daylight, one-point perspective, fictional brand name, no real logos, no Flash Print Solution branding","p:office-signage-dubai:hero"
"1107","assets/images/og/office-signage-dubai-hero.jpg","1200","630","1.91:1","Social share preview (Facebook, WhatsApp, LinkedIn…) – JPG","/office-signage-dubai/","Modern office corridor with matching acrylic room signs, frosted glass and logo wall","Temporary stock","Craig Lovelidge (Unsplash ePvb1-79bV0)","Same photo as above, cropped to 1200 × 630","p:office-signage-dubai:hero"
"1108","assets/images/products/office-signage-dubai/office-signage-dubai-detail-640.webp","640","480","4:3","Product page – material / finish close-up (gallery 2)","/office-signage-dubai/","Close-up of a grey acrylic meeting room sign with white lettering and pictogram","Temporary stock","2H Media (Unsplash w8WIK6TuQFc)","Close-up product photograph of a matt grey acrylic meeting room sign with white room name, number and a small pictogram, mounted on a white wall beside a door frame, soft even lighting, straight-on view, fictional brand name, no real logos, no Flash Print Solution branding","p:office-signage-dubai:detail"
"1109","assets/images/products/office-signage-dubai/office-signage-dubai-detail-1200.webp","1200","900","4:3","Product page – material / finish close-up (gallery 2)","/office-signage-dubai/","Close-up of a grey acrylic meeting room sign with white lettering and pictogram","Temporary stock","2H Media (Unsplash w8WIK6TuQFc)","Close-up product photograph of a matt grey acrylic meeting room sign with white room name, number and a small pictogram, mounted on a white wall beside a door frame, soft even lighting, straight-on view, fictional brand name, no real logos, no Flash Print Solution branding","p:office-signage-dubai:detail"
"1110","assets/images/products/office-signage-dubai/office-signage-dubai-application-640.webp","640","480","4:3","Product page – product in use (gallery 3 + “Where it’s used”)","/office-signage-dubai/","Office manager reviewing a signage floor plan beside a frosted glass meeting room","Temporary stock","LinkedIn Sales Solutions (Unsplash Z4BTpfQx_q4)","Realistic photograph of an office manager and a signage consultant reviewing a printed floor plan with numbered sign locations on a table beside a frosted glass meeting room in a Dubai office, natural light, candid three-quarter angle, fictional brand name, no real logos, no Flash Print Solution branding","p:office-signage-dubai:application"
"1111","assets/images/products/office-signage-dubai/office-signage-dubai-application-1200.webp","1200","900","4:3","Product page – product in use (gallery 3 + “Where it’s used”)","/office-signage-dubai/","Office manager reviewing a signage floor plan beside a frosted glass meeting room","Temporary stock","LinkedIn Sales Solutions (Unsplash Z4BTpfQx_q4)","Realistic photograph of an office manager and a signage consultant reviewing a printed floor plan with numbered sign locations on a table beside a frosted glass meeting room in a Dubai office, natural light, candid three-quarter angle, fictional brand name, no real logos, no Flash Print Solution branding","p:office-signage-dubai:application"
"1112","assets/images/products/office-signage-dubai/office-signage-dubai-production-640.webp","640","480","4:3","Product page – production / finishing (gallery 4)","/office-signage-dubai/","Designer preparing print artwork on a large monitor with colour swatches nearby","Temporary stock (shared production photo)","Theme Photos (Unsplash CGpifH3FjOA)","Photorealistic commercial photograph of office signage production: Designer preparing print artwork on a large monitor with colour swatches nearby. Clean, well-lit Dubai print workshop, 4:3 landscape. Fictional brand names only, no real logos, no Flash Print Solution branding.","p:office-signage-dubai:production"
"1113","assets/images/products/office-signage-dubai/office-signage-dubai-production-1200.webp","1200","900","4:3","Product page – production / finishing (gallery 4)","/office-signage-dubai/","Designer preparing print artwork on a large monitor with colour swatches nearby","Temporary stock (shared production photo)","Theme Photos (Unsplash CGpifH3FjOA)","Photorealistic commercial photograph of office signage production: Designer preparing print artwork on a large monitor with colour swatches nearby. Clean, well-lit Dubai print workshop, 4:3 landscape. Fictional brand names only, no real logos, no Flash Print Solution branding.","p:office-signage-dubai:production"
"1114","assets/images/products/shop-signage-dubai/shop-signage-dubai-hero-640.webp","640","480","4:3","Product page – main photo (gallery 1)","/shop-signage-dubai/","Modern boutique storefront with illuminated fascia letters and branded window graphics","Temporary stock","Osarugue Igbinoba (Unsplash nlfOuHQlO7c)","Realistic commercial photograph of a modern boutique storefront in a Dubai shopping street at early evening, lit 3D fascia letters on a dark ACP band, small projecting light box, frosted window band with opening hours, warm interior glow, straight-on view, fictional brand name, no real logos, no Flash Print Solution branding.","p:shop-signage-dubai:hero"
"1115","assets/images/products/shop-signage-dubai/shop-signage-dubai-hero-1200.webp","1200","900","4:3","Product page – main photo (gallery 1)","/shop-signage-dubai/","Modern boutique storefront with illuminated fascia letters and branded window graphics","Temporary stock","Osarugue Igbinoba (Unsplash nlfOuHQlO7c)","Realistic commercial photograph of a modern boutique storefront in a Dubai shopping street at early evening, lit 3D fascia letters on a dark ACP band, small projecting light box, frosted window band with opening hours, warm interior glow, straight-on view, fictional brand name, no real logos, no Flash Print Solution branding.","p:shop-signage-dubai:hero"
"1116","assets/images/og/shop-signage-dubai-hero.jpg","1200","630","1.91:1","Social share preview (Facebook, WhatsApp, LinkedIn…) – JPG","/shop-signage-dubai/","Modern boutique storefront with illuminated fascia letters and branded window graphics","Temporary stock","Osarugue Igbinoba (Unsplash nlfOuHQlO7c)","Same photo as above, cropped to 1200 × 630","p:shop-signage-dubai:hero"
"1117","assets/images/products/shop-signage-dubai/shop-signage-dubai-detail-640.webp","640","480","4:3","Product page – material / finish close-up (gallery 2)","/shop-signage-dubai/","Opening hours and frosted privacy band vinyl applied to a shop glass door","Temporary stock","Jean-Luc Picard (Unsplash iPH11Q8Uhq8)","Close-up commercial photograph of a shop glass door with white cut-vinyl opening hours in English and Arabic and a frosted privacy band at eye level, reflections of the street softly visible, daylight, fictional brand name, no real logos, no Flash Print Solution branding.","p:shop-signage-dubai:detail"
"1118","assets/images/products/shop-signage-dubai/shop-signage-dubai-detail-1200.webp","1200","900","4:3","Product page – material / finish close-up (gallery 2)","/shop-signage-dubai/","Opening hours and frosted privacy band vinyl applied to a shop glass door","Temporary stock","Jean-Luc Picard (Unsplash iPH11Q8Uhq8)","Close-up commercial photograph of a shop glass door with white cut-vinyl opening hours in English and Arabic and a frosted privacy band at eye level, reflections of the street softly visible, daylight, fictional brand name, no real logos, no Flash Print Solution branding.","p:shop-signage-dubai:detail"
"1119","assets/images/products/shop-signage-dubai/shop-signage-dubai-application-640.webp","640","480","4:3","Product page – product in use (gallery 3 + “Where it’s used”)","/shop-signage-dubai/","Installer on a ladder fitting fascia letters above a mall shop unit","Temporary stock","T (Unsplash qDdItWiaKBc)","Realistic commercial photograph of an installer on a stepladder fitting individual fascia letters above a shop unit in a quiet Dubai shopping mall before opening hours, protective sheeting on the floor, bright even mall lighting, three-quarter view, fictional brand name, no real logos, no Flash Print Solution branding.","p:shop-signage-dubai:application"
"1120","assets/images/products/shop-signage-dubai/shop-signage-dubai-application-1200.webp","1200","900","4:3","Product page – product in use (gallery 3 + “Where it’s used”)","/shop-signage-dubai/","Installer on a ladder fitting fascia letters above a mall shop unit","Temporary stock","T (Unsplash qDdItWiaKBc)","Realistic commercial photograph of an installer on a stepladder fitting individual fascia letters above a shop unit in a quiet Dubai shopping mall before opening hours, protective sheeting on the floor, bright even mall lighting, three-quarter view, fictional brand name, no real logos, no Flash Print Solution branding.","p:shop-signage-dubai:application"
"1121","assets/images/products/shop-signage-dubai/shop-signage-dubai-production-640.webp","640","480","4:3","Product page – production / finishing (gallery 4)","/shop-signage-dubai/","Installation team fixing a sign board on a building facade using ladders/lift","Temporary stock (shared production photo)","Miikka Luotio (Unsplash 5_IDEJpj4Ag)","Photorealistic commercial photograph of shop signage production: Installation team fixing a sign board on a building facade using ladders/lift. Clean, well-lit Dubai print workshop, 4:3 landscape. Fictional brand names only, no real logos, no Flash Print Solution branding.","p:shop-signage-dubai:production"
"1122","assets/images/products/shop-signage-dubai/shop-signage-dubai-production-1200.webp","1200","900","4:3","Product page – production / finishing (gallery 4)","/shop-signage-dubai/","Installation team fixing a sign board on a building facade using ladders/lift","Temporary stock (shared production photo)","Miikka Luotio (Unsplash 5_IDEJpj4Ag)","Photorealistic commercial photograph of shop signage production: Installation team fixing a sign board on a building facade using ladders/lift. Clean, well-lit Dubai print workshop, 4:3 landscape. Fictional brand names only, no real logos, no Flash Print Solution branding.","p:shop-signage-dubai:production"
"1123","assets/images/products/exhibition-booth-building-dubai/exhibition-booth-building-dubai-hero-640.webp","640","480","4:3","Product page – main photo (gallery 1)","/exhibition-booth-building-dubai/","Custom-built exhibition booth with timber walls, raised floor, lit logo and reception counter","Temporary stock – SHARED with p:exhibition-stand-printing-dubai:application category (replace first)","Jonny Gios (Unsplash IzLatgY17Hs)","Realistic photograph of a custom-built exhibition booth for a fictional engineering company in a Dubai exhibition hall: white and walnut timber walls, raised platform floor, illuminated built-up lettering on a feature wall, reception counter, product plinths and track spotlights, hall lighting overhead, wide three-quarter angle, fictional brand name, no real logos, no Flash Print Solution branding.","p:exhibition-booth-building-dubai:hero"
"1124","assets/images/products/exhibition-booth-building-dubai/exhibition-booth-building-dubai-hero-1200.webp","1200","900","4:3","Product page – main photo (gallery 1)","/exhibition-booth-building-dubai/","Custom-built exhibition booth with timber walls, raised floor, lit logo and reception counter","Temporary stock – SHARED with p:exhibition-stand-printing-dubai:application category (replace first)","Jonny Gios (Unsplash IzLatgY17Hs)","Realistic photograph of a custom-built exhibition booth for a fictional engineering company in a Dubai exhibition hall: white and walnut timber walls, raised platform floor, illuminated built-up lettering on a feature wall, reception counter, product plinths and track spotlights, hall lighting overhead, wide three-quarter angle, fictional brand name, no real logos, no Flash Print Solution branding.","p:exhibition-booth-building-dubai:hero"
"1125","assets/images/og/exhibition-booth-building-dubai-hero.jpg","1200","630","1.91:1","Social share preview (Facebook, WhatsApp, LinkedIn…) – JPG","/exhibition-booth-building-dubai/","Custom-built exhibition booth with timber walls, raised floor, lit logo and reception counter","Temporary stock – SHARED with p:exhibition-stand-printing-dubai:application category (replace first)","Jonny Gios (Unsplash IzLatgY17Hs)","Same photo as above, cropped to 1200 × 630","p:exhibition-booth-building-dubai:hero"
"1126","assets/images/products/exhibition-booth-building-dubai/exhibition-booth-building-dubai-detail-640.webp","640","480","4:3","Product page – material / finish close-up (gallery 2)","/exhibition-booth-building-dubai/","Aluminium stand frame being bolted together with an infill panel during build-up","Temporary stock – SHARED with p:pop-up-display-dubai:detail category (replace first)","Oleg (Unsplash vQpEzAS6_bY)","Realistic close-up photograph of a modular aluminium exhibition stand frame being bolted together during build-up, an infill panel half-fitted, hex key and fixings in the installer's gloved hands, bare hall floor and crates blurred behind, industrial lighting, three-quarter angle, fictional brand name, no real logos, no Flash Print Solution branding.","p:exhibition-booth-building-dubai:detail"
"1127","assets/images/products/exhibition-booth-building-dubai/exhibition-booth-building-dubai-detail-1200.webp","1200","900","4:3","Product page – material / finish close-up (gallery 2)","/exhibition-booth-building-dubai/","Aluminium stand frame being bolted together with an infill panel during build-up","Temporary stock – SHARED with p:pop-up-display-dubai:detail category (replace first)","Oleg (Unsplash vQpEzAS6_bY)","Realistic close-up photograph of a modular aluminium exhibition stand frame being bolted together during build-up, an infill panel half-fitted, hex key and fixings in the installer's gloved hands, bare hall floor and crates blurred behind, industrial lighting, three-quarter angle, fictional brand name, no real logos, no Flash Print Solution branding.","p:exhibition-booth-building-dubai:detail"
"1128","assets/images/products/exhibition-booth-building-dubai/exhibition-booth-building-dubai-application-640.webp","640","480","4:3","Product page – product in use (gallery 3 + “Where it’s used”)","/exhibition-booth-building-dubai/","Staff meeting visitors inside a finished exhibition booth during a trade show","Temporary stock – SHARED with event-exhibition category (replace first)","Euronewsweek Media (Unsplash KVvEpFVq_-U)","Realistic photograph of exhibitors meeting visitors inside a finished custom booth at a busy Dubai trade show, seated meeting table, lit product display wall and branded counter in shot, aisle crowd softly blurred behind, natural hall lighting, eye-level wide angle, fictional brand name, no real logos, no Flash Print Solution branding.","p:exhibition-booth-building-dubai:application"
"1129","assets/images/products/exhibition-booth-building-dubai/exhibition-booth-building-dubai-application-1200.webp","1200","900","4:3","Product page – product in use (gallery 3 + “Where it’s used”)","/exhibition-booth-building-dubai/","Staff meeting visitors inside a finished exhibition booth during a trade show","Temporary stock – SHARED with event-exhibition category (replace first)","Euronewsweek Media (Unsplash KVvEpFVq_-U)","Realistic photograph of exhibitors meeting visitors inside a finished custom booth at a busy Dubai trade show, seated meeting table, lit product display wall and branded counter in shot, aisle crowd softly blurred behind, natural hall lighting, eye-level wide angle, fictional brand name, no real logos, no Flash Print Solution branding.","p:exhibition-booth-building-dubai:application"
"1130","assets/images/products/exhibition-booth-building-dubai/exhibition-booth-building-dubai-production-640.webp","640","480","4:3","Product page – production / finishing (gallery 4)","/exhibition-booth-building-dubai/","Workshop fabrication of signage","Temporary stock (shared production photo)","Syd Mills (Unsplash kLeczQMR55Y)","Photorealistic commercial photograph of exhibition booth building production: Workshop fabrication of signage — acrylic, aluminium composite panels and letters. Clean, well-lit Dubai print workshop, 4:3 landscape. Fictional brand names only, no real logos, no Flash Print Solution branding.","p:exhibition-booth-building-dubai:production"
"1131","assets/images/products/exhibition-booth-building-dubai/exhibition-booth-building-dubai-production-1200.webp","1200","900","4:3","Product page – production / finishing (gallery 4)","/exhibition-booth-building-dubai/","Workshop fabrication of signage","Temporary stock (shared production photo)","Syd Mills (Unsplash kLeczQMR55Y)","Photorealistic commercial photograph of exhibition booth building production: Workshop fabrication of signage — acrylic, aluminium composite panels and letters. Clean, well-lit Dubai print workshop, 4:3 landscape. Fictional brand names only, no real logos, no Flash Print Solution branding.","p:exhibition-booth-building-dubai:production"
"1132","assets/images/services/printing-services-dubai-hero-640.webp","640","480","4:3","Service page – top banner","/printing-services-dubai/","Print finishing table with stacks of trimmed brochures, business cards and rolled banners","Temporary stock","Refat Ul Islam (Unsplash GAIfcyT6cxs)","Realistic commercial photograph of a tidy print production area in a Dubai workshop, stacks of trimmed brochures and business cards on a finishing table, rolled banners and acrylic sign panels in the background, soft overhead daylight, eye-level three-quarter angle, fictional brand name, no real logos, no Flash Print Solution branding.","svc:printing-services-dubai"
"1133","assets/images/services/printing-services-dubai-hero-1200.webp","1200","900","4:3","Service page – top banner","/printing-services-dubai/","Print finishing table with stacks of trimmed brochures, business cards and rolled banners","Temporary stock","Refat Ul Islam (Unsplash GAIfcyT6cxs)","Realistic commercial photograph of a tidy print production area in a Dubai workshop, stacks of trimmed brochures and business cards on a finishing table, rolled banners and acrylic sign panels in the background, soft overhead daylight, eye-level three-quarter angle, fictional brand name, no real logos, no Flash Print Solution branding.","svc:printing-services-dubai"
"1134","assets/images/og/printing-services-dubai-hero.jpg","1200","630","1.91:1","Social share preview (Facebook, WhatsApp, LinkedIn…) – JPG","/printing-services-dubai/","Print finishing table with stacks of trimmed brochures, business cards and rolled banners","Temporary stock","Refat Ul Islam (Unsplash GAIfcyT6cxs)","Same photo as above, cropped to 1200 × 630","svc:printing-services-dubai"
"1135","assets/images/services/printing-services-dubai-secondary-640.webp","640","800","4:5","Service page – side photo","/printing-services-dubai/","Hands holding a printed colour proof beside an open swatch fan under a desk lamp","Temporary stock","Markus Spiske (Unsplash hqCEQTc5gZA)","Realistic editorial portrait-format photograph of a print specialist's hands holding a colour proof next to an open swatch fan under a daylight-balanced lamp, printed sheets on a light grey desk, shallow depth of field, calm studio lighting, fictional brand name, no real logos, no Flash Print Solution branding.","svc:printing-services-dubai:2"
"1136","assets/images/services/printing-services-dubai-secondary-1000.webp","1000","1250","4:5","Service page – side photo","/printing-services-dubai/","Hands holding a printed colour proof beside an open swatch fan under a desk lamp","Temporary stock","Markus Spiske (Unsplash hqCEQTc5gZA)","Realistic editorial portrait-format photograph of a print specialist's hands holding a colour proof next to an open swatch fan under a daylight-balanced lamp, printed sheets on a light grey desk, shallow depth of field, calm studio lighting, fictional brand name, no real logos, no Flash Print Solution branding.","svc:printing-services-dubai:2"
"1137","assets/images/services/digital-printing-dubai-hero-640.webp","640","480","4:3","Service page – top banner","/digital-printing-dubai/","Freshly printed full-colour flyers stacking at the output tray of a digital press","Temporary stock","Geri Sakti (Unsplash g9_KP2fvFII)","Realistic commercial photograph of freshly printed full-colour A5 flyers stacking at the output tray of an unbranded production digital press in a clean print room, crisp saturated colours, soft cool lighting, close three-quarter angle with shallow depth of field, fictional brand name, no real logos, no Flash Print Solution branding.","svc:digital-printing-dubai"
"1138","assets/images/services/digital-printing-dubai-hero-1200.webp","1200","900","4:3","Service page – top banner","/digital-printing-dubai/","Freshly printed full-colour flyers stacking at the output tray of a digital press","Temporary stock","Geri Sakti (Unsplash g9_KP2fvFII)","Realistic commercial photograph of freshly printed full-colour A5 flyers stacking at the output tray of an unbranded production digital press in a clean print room, crisp saturated colours, soft cool lighting, close three-quarter angle with shallow depth of field, fictional brand name, no real logos, no Flash Print Solution branding.","svc:digital-printing-dubai"
"1139","assets/images/og/digital-printing-dubai-hero.jpg","1200","630","1.91:1","Social share preview (Facebook, WhatsApp, LinkedIn…) – JPG","/digital-printing-dubai/","Freshly printed full-colour flyers stacking at the output tray of a digital press","Temporary stock","Geri Sakti (Unsplash g9_KP2fvFII)","Same photo as above, cropped to 1200 × 630","svc:digital-printing-dubai"
"1140","assets/images/services/digital-printing-dubai-secondary-640.webp","640","800","4:5","Service page – side photo","/digital-printing-dubai/","Personalised name badges and certificates laid out beside a laptop showing a spreadsheet","Temporary stock","Jelly Marketing (Unsplash Eot2s-vadG0)","Realistic portrait-format photograph of personalised event name badges, numbered tickets and certificates arranged on an office desk beside a laptop displaying a spreadsheet, natural side light from a window, top-down angle slightly tilted, crisp print detail, fictional brand name, no real logos, no Flash Print Solution branding.","svc:digital-printing-dubai:2"
"1141","assets/images/services/digital-printing-dubai-secondary-1000.webp","1000","1250","4:5","Service page – side photo","/digital-printing-dubai/","Personalised name badges and certificates laid out beside a laptop showing a spreadsheet","Temporary stock","Jelly Marketing (Unsplash Eot2s-vadG0)","Realistic portrait-format photograph of personalised event name badges, numbered tickets and certificates arranged on an office desk beside a laptop displaying a spreadsheet, natural side light from a window, top-down angle slightly tilted, crisp print detail, fictional brand name, no real logos, no Flash Print Solution branding.","svc:digital-printing-dubai:2"
"1142","assets/images/services/offset-printing-dubai-hero-640.webp","640","480","4:3","Service page – top banner","/offset-printing-dubai/","Printed catalogue sheets with colour bars stacked at the delivery end of an offset press","Temporary stock","Bank Phrom (Unsplash Tzm3Oyu_6sk)","Realistic commercial photograph of an operator's hands lifting a printed catalogue sheet with colour bars from the delivery of an unbranded sheet-fed offset press, spacious print room, even industrial lighting, low three-quarter angle, rich ink colours, fictional brand name, no real logos, no Flash Print Solution branding.","svc:offset-printing-dubai"
"1143","assets/images/services/offset-printing-dubai-hero-1200.webp","1200","900","4:3","Service page – top banner","/offset-printing-dubai/","Printed catalogue sheets with colour bars stacked at the delivery end of an offset press","Temporary stock","Bank Phrom (Unsplash Tzm3Oyu_6sk)","Realistic commercial photograph of an operator's hands lifting a printed catalogue sheet with colour bars from the delivery of an unbranded sheet-fed offset press, spacious print room, even industrial lighting, low three-quarter angle, rich ink colours, fictional brand name, no real logos, no Flash Print Solution branding.","svc:offset-printing-dubai"
"1144","assets/images/og/offset-printing-dubai-hero.jpg","1200","630","1.91:1","Social share preview (Facebook, WhatsApp, LinkedIn…) – JPG","/offset-printing-dubai/","Printed catalogue sheets with colour bars stacked at the delivery end of an offset press","Temporary stock","Bank Phrom (Unsplash Tzm3Oyu_6sk)","Same photo as above, cropped to 1200 × 630","svc:offset-printing-dubai"
"1145","assets/images/services/offset-printing-dubai-secondary-640.webp","640","800","4:5","Service page – side photo","/offset-printing-dubai/","Colour swatch fan and loupe resting on printed brochure pages on a light table","Temporary stock","stefano manzini (Unsplash B81670AyocM)","Realistic portrait-format photograph of a colour swatch fan spread across printed brochure pages with a small loupe on a white light table, colour-accurate daylight lighting, overhead angle, fine paper texture visible, fictional brand name, no real logos, no Flash Print Solution branding.","svc:offset-printing-dubai:2"
"1146","assets/images/services/offset-printing-dubai-secondary-1000.webp","1000","1250","4:5","Service page – side photo","/offset-printing-dubai/","Colour swatch fan and loupe resting on printed brochure pages on a light table","Temporary stock","stefano manzini (Unsplash B81670AyocM)","Realistic portrait-format photograph of a colour swatch fan spread across printed brochure pages with a small loupe on a white light table, colour-accurate daylight lighting, overhead angle, fine paper texture visible, fictional brand name, no real logos, no Flash Print Solution branding.","svc:offset-printing-dubai:2"
"1147","assets/images/services/signage-dubai-hero-640.webp","640","480","4:3","Service page – top banner","/signage-dubai/","Halo-lit brushed metal 3D letters on a dark aluminium composite shopfront fascia at dusk","Temporary stock","Rapha Wilde (Unsplash VIAaCisVe04)","Realistic commercial photograph of a modern retail shopfront in Dubai at dusk with halo-lit brushed aluminium 3D letters on a dark grey aluminium composite fascia, glass frontage below, warm interior glow, eye-level angle from across the walkway, fictional brand name, no real logos, no Flash Print Solution branding.","svc:signage-dubai"
"1148","assets/images/services/signage-dubai-hero-1200.webp","1200","900","4:3","Service page – top banner","/signage-dubai/","Halo-lit brushed metal 3D letters on a dark aluminium composite shopfront fascia at dusk","Temporary stock","Rapha Wilde (Unsplash VIAaCisVe04)","Realistic commercial photograph of a modern retail shopfront in Dubai at dusk with halo-lit brushed aluminium 3D letters on a dark grey aluminium composite fascia, glass frontage below, warm interior glow, eye-level angle from across the walkway, fictional brand name, no real logos, no Flash Print Solution branding.","svc:signage-dubai"
"1149","assets/images/og/signage-dubai-hero.jpg","1200","630","1.91:1","Social share preview (Facebook, WhatsApp, LinkedIn…) – JPG","/signage-dubai/","Halo-lit brushed metal 3D letters on a dark aluminium composite shopfront fascia at dusk","Temporary stock","Rapha Wilde (Unsplash VIAaCisVe04)","Same photo as above, cropped to 1200 × 630","svc:signage-dubai"
"1150","assets/images/services/signage-dubai-secondary-640.webp","640","800","4:5","Service page – side photo","/signage-dubai/","Installer on a step ladder fixing a frosted acrylic reception sign to a feature wall","Temporary stock","Anne Nygård (Unsplash FS2DgXB1Ap0)","Realistic portrait-format photograph of an installer on a step ladder fixing a frosted acrylic reception sign with stand-off fittings to a feature wall in a bright Dubai office, spirit level in hand, natural daylight, slight low angle, fictional brand name, no real logos, no Flash Print Solution branding.","svc:signage-dubai:2"
"1151","assets/images/services/signage-dubai-secondary-1000.webp","1000","1250","4:5","Service page – side photo","/signage-dubai/","Installer on a step ladder fixing a frosted acrylic reception sign to a feature wall","Temporary stock","Anne Nygård (Unsplash FS2DgXB1Ap0)","Realistic portrait-format photograph of an installer on a step ladder fixing a frosted acrylic reception sign with stand-off fittings to a feature wall in a bright Dubai office, spirit level in hand, natural daylight, slight low angle, fictional brand name, no real logos, no Flash Print Solution branding.","svc:signage-dubai:2"
"1152","assets/images/services/corporate-printing-dubai-hero-640.webp","640","480","4:3","Service page – top banner","/corporate-printing-dubai/","Matching navy stationery set with business cards, letterhead, envelope and pocket folder on a desk","Temporary stock","Jess Bailey (Unsplash Bg3qkPDpopY)","Realistic commercial photograph of a matching corporate stationery set, business cards, A4 letterhead, DL envelope and pocket folder in navy and white with subtle gold foil detail, arranged on a pale stone desk, soft window light, overhead three-quarter angle, fictional brand name, no real logos, no Flash Print Solution branding.","svc:corporate-printing-dubai"
"1153","assets/images/services/corporate-printing-dubai-hero-1200.webp","1200","900","4:3","Service page – top banner","/corporate-printing-dubai/","Matching navy stationery set with business cards, letterhead, envelope and pocket folder on a desk","Temporary stock","Jess Bailey (Unsplash Bg3qkPDpopY)","Realistic commercial photograph of a matching corporate stationery set, business cards, A4 letterhead, DL envelope and pocket folder in navy and white with subtle gold foil detail, arranged on a pale stone desk, soft window light, overhead three-quarter angle, fictional brand name, no real logos, no Flash Print Solution branding.","svc:corporate-printing-dubai"
"1154","assets/images/og/corporate-printing-dubai-hero.jpg","1200","630","1.91:1","Social share preview (Facebook, WhatsApp, LinkedIn…) – JPG","/corporate-printing-dubai/","Matching navy stationery set with business cards, letterhead, envelope and pocket folder on a desk","Temporary stock","Jess Bailey (Unsplash Bg3qkPDpopY)","Same photo as above, cropped to 1200 × 630","svc:corporate-printing-dubai"
"1155","assets/images/services/corporate-printing-dubai-secondary-640.webp","640","800","4:5","Service page – side photo","/corporate-printing-dubai/","Professional turning the pages of a printed A4 company profile beside a laptop","Temporary stock","Rodrigo Rodrigues | WOLF Λ R T (Unsplash JhyFdSsZBPY)","Realistic portrait-format photograph of a professional in a bright Dubai office turning the pages of a printed A4 company profile with a soft-touch cover, laptop and coffee cup nearby, natural daylight, shallow depth of field, eye-level angle, fictional brand name, no real logos, no Flash Print Solution branding.","svc:corporate-printing-dubai:2"
"1156","assets/images/services/corporate-printing-dubai-secondary-1000.webp","1000","1250","4:5","Service page – side photo","/corporate-printing-dubai/","Professional turning the pages of a printed A4 company profile beside a laptop","Temporary stock","Rodrigo Rodrigues | WOLF Λ R T (Unsplash JhyFdSsZBPY)","Realistic portrait-format photograph of a professional in a bright Dubai office turning the pages of a printed A4 company profile with a soft-touch cover, laptop and coffee cup nearby, natural daylight, shallow depth of field, eye-level angle, fictional brand name, no real logos, no Flash Print Solution branding.","svc:corporate-printing-dubai:2"
"1157","assets/images/industries/restaurants-printing-dubai-768.webp","768","512","3:2","Industry page – top banner (also industry lists)","/industries/restaurants/","Café table with printed menus, a tent card and a paper place mat beside coffee","Temporary stock","Clay Banks (Unsplash 1Uj0HmqQFGk)","Realistic commercial photograph, 3:2 landscape, of a bright Dubai café interior with a wooden table set with laminated menus, an A6 tent card and a printed paper place mat, coffee cups and pastries, warm natural window light, eye-level angle, shallow depth of field, fictional brand name, no real logos, no Flash Print Solution branding.","ind:restaurants"
"1158","assets/images/industries/restaurants-printing-dubai-1280.webp","1280","853","3:2","Industry page – top banner (also industry lists)","/industries/restaurants/","Café table with printed menus, a tent card and a paper place mat beside coffee","Temporary stock","Clay Banks (Unsplash 1Uj0HmqQFGk)","Realistic commercial photograph, 3:2 landscape, of a bright Dubai café interior with a wooden table set with laminated menus, an A6 tent card and a printed paper place mat, coffee cups and pastries, warm natural window light, eye-level angle, shallow depth of field, fictional brand name, no real logos, no Flash Print Solution branding.","ind:restaurants"
"1159","assets/images/og/restaurants-printing-dubai.jpg","1200","630","1.91:1","Social share preview (Facebook, WhatsApp, LinkedIn…) – JPG","/industries/restaurants/","Café table with printed menus, a tent card and a paper place mat beside coffee","Temporary stock","Clay Banks (Unsplash 1Uj0HmqQFGk)","Same photo as above, cropped to 1200 × 630","ind:restaurants"
"1160","assets/images/industries/restaurants-application-640.webp","640","800","4:5","Industry page – side photo","/industries/restaurants/","Waiter presenting an open bilingual menu with matt laminated pages at a restaurant table","Temporary stock","Martin Baron (Unsplash OLU4q7o01Dk)","Realistic commercial photograph, 4:5 portrait, of a waiter's hands presenting an open bilingual Arabic and English menu with matt laminated pages to a seated guest in a modern Dubai restaurant, warm evening lighting, close-up at table height, fictional brand name, no real logos, no Flash Print Solution branding.","ind:restaurants:app"
"1161","assets/images/industries/restaurants-application-1000.webp","1000","1250","4:5","Industry page – side photo","/industries/restaurants/","Waiter presenting an open bilingual menu with matt laminated pages at a restaurant table","Temporary stock","Martin Baron (Unsplash OLU4q7o01Dk)","Realistic commercial photograph, 4:5 portrait, of a waiter's hands presenting an open bilingual Arabic and English menu with matt laminated pages to a seated guest in a modern Dubai restaurant, warm evening lighting, close-up at table height, fictional brand name, no real logos, no Flash Print Solution branding.","ind:restaurants:app"
"1162","assets/images/industries/real-estate-printing-dubai-768.webp","768","512","3:2","Industry page – top banner (also industry lists)","/industries/real-estate/","Property sales gallery with brochures on a table, floor-plan boards and a large wall render","Temporary stock","A65 Design (Unsplash f3QterYFO-o)","Realistic commercial photograph, 3:2 landscape, of a modern Dubai property sales gallery with square launch brochures and floor-plan inserts fanned on a marble table, acrylic unit boards and a large printed wall render of a waterfront tower behind, soft daylight, wide eye-level view, fictional brand name, no real logos, no Flash Print Solution branding.","ind:real-estate"
"1163","assets/images/industries/real-estate-printing-dubai-1280.webp","1280","853","3:2","Industry page – top banner (also industry lists)","/industries/real-estate/","Property sales gallery with brochures on a table, floor-plan boards and a large wall render","Temporary stock","A65 Design (Unsplash f3QterYFO-o)","Realistic commercial photograph, 3:2 landscape, of a modern Dubai property sales gallery with square launch brochures and floor-plan inserts fanned on a marble table, acrylic unit boards and a large printed wall render of a waterfront tower behind, soft daylight, wide eye-level view, fictional brand name, no real logos, no Flash Print Solution branding.","ind:real-estate"
"1164","assets/images/og/real-estate-printing-dubai.jpg","1200","630","1.91:1","Social share preview (Facebook, WhatsApp, LinkedIn…) – JPG","/industries/real-estate/","Property sales gallery with brochures on a table, floor-plan boards and a large wall render","Temporary stock","A65 Design (Unsplash f3QterYFO-o)","Same photo as above, cropped to 1200 × 630","ind:real-estate"
"1165","assets/images/industries/real-estate-application-640.webp","640","800","4:5","Industry page – side photo","/industries/real-estate/","Hands opening a square property brochure with a soft-touch cover and floor-plan insert","Temporary stock","Compagnons (Unsplash f4grplcxTjQ)","Realistic commercial photograph, 4:5 portrait, of a buyer's hands opening a square off-plan property brochure with a matt soft-touch cover and gold foil title, a loose A4 floor-plan insert sliding from a pocket folder, marble desk, soft window light, close-up, fictional brand name, no real logos, no Flash Print Solution branding.","ind:real-estate:app"
"1166","assets/images/industries/real-estate-application-1000.webp","1000","1250","4:5","Industry page – side photo","/industries/real-estate/","Hands opening a square property brochure with a soft-touch cover and floor-plan insert","Temporary stock","Compagnons (Unsplash f4grplcxTjQ)","Realistic commercial photograph, 4:5 portrait, of a buyer's hands opening a square off-plan property brochure with a matt soft-touch cover and gold foil title, a loose A4 floor-plan insert sliding from a pocket folder, marble desk, soft window light, close-up, fictional brand name, no real logos, no Flash Print Solution branding.","ind:real-estate:app"
"1167","assets/images/industries/hospitality-printing-dubai-768.webp","768","512","3:2","Industry page – top banner (also industry lists)","/industries/hospitality/","Hotel room desk with an in-room directory and tent card, door hanger on the handle","Temporary stock","Antonio Araujo (Unsplash xQbmc2FnK3Y)","Realistic commercial photograph, 3:2 landscape, of an elegant Dubai hotel room with a writing desk holding a bound in-room directory and a room-service tent card, a printed door hanger on the door handle in the foreground, warm evening lamp light, wide eye-level view, fictional brand name, no real logos, no Flash Print Solution branding.","ind:hospitality"
"1168","assets/images/industries/hospitality-printing-dubai-1280.webp","1280","853","3:2","Industry page – top banner (also industry lists)","/industries/hospitality/","Hotel room desk with an in-room directory and tent card, door hanger on the handle","Temporary stock","Antonio Araujo (Unsplash xQbmc2FnK3Y)","Realistic commercial photograph, 3:2 landscape, of an elegant Dubai hotel room with a writing desk holding a bound in-room directory and a room-service tent card, a printed door hanger on the door handle in the foreground, warm evening lamp light, wide eye-level view, fictional brand name, no real logos, no Flash Print Solution branding.","ind:hospitality"
"1169","assets/images/og/hospitality-printing-dubai.jpg","1200","630","1.91:1","Social share preview (Facebook, WhatsApp, LinkedIn…) – JPG","/industries/hospitality/","Hotel room desk with an in-room directory and tent card, door hanger on the handle","Temporary stock","Antonio Araujo (Unsplash xQbmc2FnK3Y)","Same photo as above, cropped to 1200 × 630","ind:hospitality"
"1170","assets/images/industries/hospitality-application-640.webp","640","800","4:5","Industry page – side photo","/industries/hospitality/","Laminated card door hanger with bilingual Do Not Disturb text on a hotel door handle","Temporary stock","visuals (Unsplash zh0TlY18OjE)","Realistic commercial photograph, 4:5 portrait, close-up of a matt laminated card door hanger with a die-cut hook on a brushed steel hotel door handle, bilingual Arabic and English 'Do not disturb' text, dark wood door, soft corridor lighting, fictional brand name, no real logos, no Flash Print Solution branding.","ind:hospitality:app"
"1171","assets/images/industries/hospitality-application-1000.webp","1000","1250","4:5","Industry page – side photo","/industries/hospitality/","Laminated card door hanger with bilingual Do Not Disturb text on a hotel door handle","Temporary stock","visuals (Unsplash zh0TlY18OjE)","Realistic commercial photograph, 4:5 portrait, close-up of a matt laminated card door hanger with a die-cut hook on a brushed steel hotel door handle, bilingual Arabic and English 'Do not disturb' text, dark wood door, soft corridor lighting, fictional brand name, no real logos, no Flash Print Solution branding.","ind:hospitality:app"
"1172","assets/images/industries/retail-printing-dubai-768.webp","768","512","3:2","Industry page – top banner (also industry lists)","/industries/retail/","Boutique shopfront in a mall with sale graphics on the glass and illuminated fascia letters","Temporary stock","krisna azie (Unsplash 73G3F3VHLQk)","Realistic commercial photograph, 3:2 landscape, of a fashion boutique shopfront inside a bright Dubai mall, illuminated 3D fascia letters above, seasonal sale graphics on the glass, a printed standee at the entrance and shoppers passing, even ambient light, straight-on view, fictional brand name, no real logos, no Flash Print Solution branding.","ind:retail"
"1173","assets/images/industries/retail-printing-dubai-1280.webp","1280","853","3:2","Industry page – top banner (also industry lists)","/industries/retail/","Boutique shopfront in a mall with sale graphics on the glass and illuminated fascia letters","Temporary stock","krisna azie (Unsplash 73G3F3VHLQk)","Realistic commercial photograph, 3:2 landscape, of a fashion boutique shopfront inside a bright Dubai mall, illuminated 3D fascia letters above, seasonal sale graphics on the glass, a printed standee at the entrance and shoppers passing, even ambient light, straight-on view, fictional brand name, no real logos, no Flash Print Solution branding.","ind:retail"
"1174","assets/images/og/retail-printing-dubai.jpg","1200","630","1.91:1","Social share preview (Facebook, WhatsApp, LinkedIn…) – JPG","/industries/retail/","Boutique shopfront in a mall with sale graphics on the glass and illuminated fascia letters","Temporary stock","krisna azie (Unsplash 73G3F3VHLQk)","Same photo as above, cropped to 1200 × 630","ind:retail"
"1175","assets/images/industries/retail-application-640.webp","640","800","4:5","Industry page – side photo","/industries/retail/","Round promotional shelf wobbler and shelf talker on a supermarket shelf edge","Temporary stock","T (Unsplash PuTuY_TDM7g)","Realistic commercial photograph, 4:5 portrait, close-up of a printed round shelf wobbler and a matching shelf talker on a supermarket shelf edge among neatly stocked unbranded products, bright store lighting, slight low angle, fictional brand name, no real logos, no Flash Print Solution branding.","ind:retail:app"
"1176","assets/images/industries/retail-application-1000.webp","1000","1250","4:5","Industry page – side photo","/industries/retail/","Round promotional shelf wobbler and shelf talker on a supermarket shelf edge","Temporary stock","T (Unsplash PuTuY_TDM7g)","Realistic commercial photograph, 4:5 portrait, close-up of a printed round shelf wobbler and a matching shelf talker on a supermarket shelf edge among neatly stocked unbranded products, bright store lighting, slight low angle, fictional brand name, no real logos, no Flash Print Solution branding.","ind:retail:app"
"1177","assets/images/industries/healthcare-printing-dubai-768.webp","768","512","3:2","Industry page – top banner (also industry lists)","/industries/healthcare/","Clinic reception with bilingual directory sign, frosted glass doors and patient information board","Temporary stock","Martha Dominguez de Gouveia (Unsplash nMyM7fxpokE)","Realistic commercial photograph, 3:2 landscape, of a clean modern Dubai clinic reception with a bilingual Arabic and English acrylic directory sign, frosted glass film on consultation room doors and a patient information board in the waiting area, soft even daylight, wide eye-level view, fictional brand name, no real logos, no Flash Print Solution branding.","ind:healthcare"
"1178","assets/images/industries/healthcare-printing-dubai-1280.webp","1280","853","3:2","Industry page – top banner (also industry lists)","/industries/healthcare/","Clinic reception with bilingual directory sign, frosted glass doors and patient information board","Temporary stock","Martha Dominguez de Gouveia (Unsplash nMyM7fxpokE)","Realistic commercial photograph, 3:2 landscape, of a clean modern Dubai clinic reception with a bilingual Arabic and English acrylic directory sign, frosted glass film on consultation room doors and a patient information board in the waiting area, soft even daylight, wide eye-level view, fictional brand name, no real logos, no Flash Print Solution branding.","ind:healthcare"
"1179","assets/images/og/healthcare-printing-dubai.jpg","1200","630","1.91:1","Social share preview (Facebook, WhatsApp, LinkedIn…) – JPG","/industries/healthcare/","Clinic reception with bilingual directory sign, frosted glass doors and patient information board","Temporary stock","Martha Dominguez de Gouveia (Unsplash nMyM7fxpokE)","Same photo as above, cropped to 1200 × 630","ind:healthcare"
"1180","assets/images/industries/healthcare-application-640.webp","640","800","4:5","Industry page – side photo","/industries/healthcare/","Doctor's hand writing on a printed prescription pad on a white clinic desk","Temporary stock","Nelson Jolivet (Unsplash 5KPA4nFtHbU)","Realistic commercial photograph, 4:5 portrait, close-up of a doctor's hand writing on a printed prescription pad with a clean blue header and ruled fields, stethoscope and tablet on a white clinic desk, soft window light, shallow depth of field, fictional brand name, no real logos, no Flash Print Solution branding.","ind:healthcare:app"
"1181","assets/images/industries/healthcare-application-1000.webp","1000","1250","4:5","Industry page – side photo","/industries/healthcare/","Doctor's hand writing on a printed prescription pad on a white clinic desk","Temporary stock","Nelson Jolivet (Unsplash 5KPA4nFtHbU)","Realistic commercial photograph, 4:5 portrait, close-up of a doctor's hand writing on a printed prescription pad with a clean blue header and ruled fields, stethoscope and tablet on a white clinic desk, soft window light, shallow depth of field, fictional brand name, no real logos, no Flash Print Solution branding.","ind:healthcare:app"
"1182","assets/images/industries/education-printing-dubai-768.webp","768","512","3:2","Industry page – top banner (also industry lists)","/industries/education/","Bright school corridor with colourful wall graphics, a wayfinding sign and a notice board","Temporary stock","Kim Ukill (Unsplash g8s1NJqptEk)","Realistic commercial photograph, 3:2 landscape, of a bright modern Dubai school corridor with colourful printed wall graphics in house colours, a bilingual wayfinding sign and a notice board of student work, pupils in uniform walking past slightly blurred, natural daylight, fictional brand name, no real logos, no Flash Print Solution branding.","ind:education"
"1183","assets/images/industries/education-printing-dubai-1280.webp","1280","853","3:2","Industry page – top banner (also industry lists)","/industries/education/","Bright school corridor with colourful wall graphics, a wayfinding sign and a notice board","Temporary stock","Kim Ukill (Unsplash g8s1NJqptEk)","Realistic commercial photograph, 3:2 landscape, of a bright modern Dubai school corridor with colourful printed wall graphics in house colours, a bilingual wayfinding sign and a notice board of student work, pupils in uniform walking past slightly blurred, natural daylight, fictional brand name, no real logos, no Flash Print Solution branding.","ind:education"
"1184","assets/images/og/education-printing-dubai.jpg","1200","630","1.91:1","Social share preview (Facebook, WhatsApp, LinkedIn…) – JPG","/industries/education/","Bright school corridor with colourful wall graphics, a wayfinding sign and a notice board","Temporary stock","Kim Ukill (Unsplash g8s1NJqptEk)","Same photo as above, cropped to 1200 × 630","ind:education"
"1185","assets/images/industries/education-application-640.webp","640","800","4:5","Industry page – side photo","/industries/education/","Student wearing a printed PVC photo ID card on a blue lanyard in a corridor","Temporary stock","jim (Unsplash WNRNIZOP29s)","Realistic commercial photograph, 4:5 portrait, of a secondary school student's printed PVC photo ID card hanging on a blue lanyard, the card showing a fictional school crest and name, school corridor softly blurred behind, natural light, chest-height close-up, fictional brand name, no real logos, no Flash Print Solution branding.","ind:education:app"
"1186","assets/images/industries/education-application-1000.webp","1000","1250","4:5","Industry page – side photo","/industries/education/","Student wearing a printed PVC photo ID card on a blue lanyard in a corridor","Temporary stock","jim (Unsplash WNRNIZOP29s)","Realistic commercial photograph, 4:5 portrait, of a secondary school student's printed PVC photo ID card hanging on a blue lanyard, the card showing a fictional school crest and name, school corridor softly blurred behind, natural light, chest-height close-up, fictional brand name, no real logos, no Flash Print Solution branding.","ind:education:app"
"1187","assets/images/industries/construction-printing-dubai-768.webp","768","512","3:2","Industry page – top banner (also industry lists)","/industries/construction/","Construction site hoarding with printed project graphics and a project sign board at the gate","Temporary stock","Troy Mortier (Unsplash IH8207N-7tI)","Realistic commercial photograph, 3:2 landscape, of a Dubai construction site perimeter with long printed hoarding panels showing tower renders, a project sign board beside the site gate and safety signs, tower crane and partly built structure behind, bright midday sun, wide street-level view, fictional brand name, no real logos, no Flash Print Solution branding.","ind:construction"
"1188","assets/images/industries/construction-printing-dubai-1280.webp","1280","853","3:2","Industry page – top banner (also industry lists)","/industries/construction/","Construction site hoarding with printed project graphics and a project sign board at the gate","Temporary stock","Troy Mortier (Unsplash IH8207N-7tI)","Realistic commercial photograph, 3:2 landscape, of a Dubai construction site perimeter with long printed hoarding panels showing tower renders, a project sign board beside the site gate and safety signs, tower crane and partly built structure behind, bright midday sun, wide street-level view, fictional brand name, no real logos, no Flash Print Solution branding.","ind:construction"
"1189","assets/images/og/construction-printing-dubai.jpg","1200","630","1.91:1","Social share preview (Facebook, WhatsApp, LinkedIn…) – JPG","/industries/construction/","Construction site hoarding with printed project graphics and a project sign board at the gate","Temporary stock","Troy Mortier (Unsplash IH8207N-7tI)","Same photo as above, cropped to 1200 × 630","ind:construction"
"1190","assets/images/industries/construction-application-640.webp","640","800","4:5","Industry page – side photo","/industries/construction/","Site worker in a printed hi-vis vest next to a mandatory PPE safety board","Temporary stock","John Kakuk (Unsplash hfj5CG9dvuU)","Realistic commercial photograph, 4:5 portrait, of a construction worker in a white helmet and an orange hi-vis vest printed with a fictional company name, standing beside a mandatory PPE safety board at a Dubai site entrance, dusty daylight, waist-up framing, fictional brand name, no real logos, no Flash Print Solution branding.","ind:construction:app"
"1191","assets/images/industries/construction-application-1000.webp","1000","1250","4:5","Industry page – side photo","/industries/construction/","Site worker in a printed hi-vis vest next to a mandatory PPE safety board","Temporary stock","John Kakuk (Unsplash hfj5CG9dvuU)","Realistic commercial photograph, 4:5 portrait, of a construction worker in a white helmet and an orange hi-vis vest printed with a fictional company name, standing beside a mandatory PPE safety board at a Dubai site entrance, dusty daylight, waist-up framing, fictional brand name, no real logos, no Flash Print Solution branding.","ind:construction:app"
"1192","assets/images/blog/business-card-printing-cost-dubai-768.webp","768","512","3:2","Blog article – top image (also article cards)","/blog/business-card-printing-cost-dubai/","Stacks of business cards in different paper stocks and finishes fanned across an office desk","Temporary stock","Julian Tong (Unsplash 6nEQKmu0tFo)","Realistic commercial photograph of several stacks of business cards in different stocks and finishes, matte white, natural kraft and black with gold foil, fanned across a light oak desk in a bright Dubai office, soft window light, 45-degree angle, shallow depth of field, fictional brand name, no real logos, no Flash Print Solution branding.","blog:business-card-printing-cost-dubai"
"1193","assets/images/blog/business-card-printing-cost-dubai-1280.webp","1280","853","3:2","Blog article – top image (also article cards)","/blog/business-card-printing-cost-dubai/","Stacks of business cards in different paper stocks and finishes fanned across an office desk","Temporary stock","Julian Tong (Unsplash 6nEQKmu0tFo)","Realistic commercial photograph of several stacks of business cards in different stocks and finishes, matte white, natural kraft and black with gold foil, fanned across a light oak desk in a bright Dubai office, soft window light, 45-degree angle, shallow depth of field, fictional brand name, no real logos, no Flash Print Solution branding.","blog:business-card-printing-cost-dubai"
"1194","assets/images/og/business-card-printing-cost-dubai.jpg","1200","630","1.91:1","Social share preview (Facebook, WhatsApp, LinkedIn…) – JPG","/blog/business-card-printing-cost-dubai/","Stacks of business cards in different paper stocks and finishes fanned across an office desk","Temporary stock","Julian Tong (Unsplash 6nEQKmu0tFo)","Same photo as above, cropped to 1200 × 630","blog:business-card-printing-cost-dubai"
"1195","assets/images/blog/digital-vs-offset-printing-768.webp","768","512","3:2","Blog article – top image (also article cards)","/blog/digital-vs-offset-printing/","Freshly printed colour sheets stacked at the delivery end of a printing press","Temporary stock","omid roshan (Unsplash RDFuXgo2mzE)","Realistic commercial photograph inside a clean print production area, freshly printed full-colour brochure sheets stacked at the delivery end of a sheet-fed press, operator's hand checking a sheet, cool industrial lighting with warm accents, eye-level three-quarter angle, sharp detail on ink and paper, fictional brand name, no real logos, no Flash Print Solution branding.","blog:digital-vs-offset-printing"
"1196","assets/images/blog/digital-vs-offset-printing-1280.webp","1280","853","3:2","Blog article – top image (also article cards)","/blog/digital-vs-offset-printing/","Freshly printed colour sheets stacked at the delivery end of a printing press","Temporary stock","omid roshan (Unsplash RDFuXgo2mzE)","Realistic commercial photograph inside a clean print production area, freshly printed full-colour brochure sheets stacked at the delivery end of a sheet-fed press, operator's hand checking a sheet, cool industrial lighting with warm accents, eye-level three-quarter angle, sharp detail on ink and paper, fictional brand name, no real logos, no Flash Print Solution branding.","blog:digital-vs-offset-printing"
"1197","assets/images/og/digital-vs-offset-printing.jpg","1200","630","1.91:1","Social share preview (Facebook, WhatsApp, LinkedIn…) – JPG","/blog/digital-vs-offset-printing/","Freshly printed colour sheets stacked at the delivery end of a printing press","Temporary stock","omid roshan (Unsplash RDFuXgo2mzE)","Same photo as above, cropped to 1200 × 630","blog:digital-vs-offset-printing"
"1198","assets/images/blog/best-paper-for-business-cards-768.webp","768","512","3:2","Blog article – top image (also article cards)","/blog/best-paper-for-business-cards/","Business card paper samples in white, cream, kraft and black arranged in a fan","Temporary stock","Annie Spratt (Unsplash 6csRRDksb8k)","Realistic close-up commercial photograph of business card stock samples fanned out, bright white coated, cream cotton, textured linen, natural kraft and black duplexed board with a visible coloured core, on a pale stone surface, soft diffused daylight, top-down angle with slight tilt, crisp paper texture detail, fictional brand name, no real logos, no Flash Print Solution branding.","blog:best-paper-for-business-cards"
"1199","assets/images/blog/best-paper-for-business-cards-1280.webp","1280","853","3:2","Blog article – top image (also article cards)","/blog/best-paper-for-business-cards/","Business card paper samples in white, cream, kraft and black arranged in a fan","Temporary stock","Annie Spratt (Unsplash 6csRRDksb8k)","Realistic close-up commercial photograph of business card stock samples fanned out, bright white coated, cream cotton, textured linen, natural kraft and black duplexed board with a visible coloured core, on a pale stone surface, soft diffused daylight, top-down angle with slight tilt, crisp paper texture detail, fictional brand name, no real logos, no Flash Print Solution branding.","blog:best-paper-for-business-cards"
"1200","assets/images/og/best-paper-for-business-cards.jpg","1200","630","1.91:1","Social share preview (Facebook, WhatsApp, LinkedIn…) – JPG","/blog/best-paper-for-business-cards/","Business card paper samples in white, cream, kraft and black arranged in a fan","Temporary stock","Annie Spratt (Unsplash 6csRRDksb8k)","Same photo as above, cropped to 1200 × 630","blog:best-paper-for-business-cards"
"1201","assets/images/blog/350gsm-vs-400gsm-business-cards-768.webp","768","512","3:2","Blog article – top image (also article cards)","/blog/350gsm-vs-400gsm-business-cards/","Two stacks of white business cards of different thicknesses side by side on a desk","Temporary stock","Brando Makes Branding (Unsplash jmSbZZzRfvU)","Realistic commercial macro photograph of two neat stacks of plain white business cards side by side, one slightly thicker, edges facing the camera to show board thickness, on a dark walnut desk in a modern Dubai office, soft side lighting revealing paper edges, low eye-level angle, fictional brand name, no real logos, no Flash Print Solution branding.","blog:350gsm-vs-400gsm-business-cards"
"1202","assets/images/blog/350gsm-vs-400gsm-business-cards-1280.webp","1280","853","3:2","Blog article – top image (also article cards)","/blog/350gsm-vs-400gsm-business-cards/","Two stacks of white business cards of different thicknesses side by side on a desk","Temporary stock","Brando Makes Branding (Unsplash jmSbZZzRfvU)","Realistic commercial macro photograph of two neat stacks of plain white business cards side by side, one slightly thicker, edges facing the camera to show board thickness, on a dark walnut desk in a modern Dubai office, soft side lighting revealing paper edges, low eye-level angle, fictional brand name, no real logos, no Flash Print Solution branding.","blog:350gsm-vs-400gsm-business-cards"
"1203","assets/images/og/350gsm-vs-400gsm-business-cards.jpg","1200","630","1.91:1","Social share preview (Facebook, WhatsApp, LinkedIn…) – JPG","/blog/350gsm-vs-400gsm-business-cards/","Two stacks of white business cards of different thicknesses side by side on a desk","Temporary stock","Brando Makes Branding (Unsplash jmSbZZzRfvU)","Same photo as above, cropped to 1200 × 630","blog:350gsm-vs-400gsm-business-cards"
"1204","assets/images/blog/matte-vs-glossy-printing-768.webp","768","512","3:2","Blog article – top image (also article cards)","/blog/matte-vs-glossy-printing/","Matte and glossy printed brochures side by side showing contrast in shine and colour","Temporary stock","Erik Mclean (Unsplash 29n7XP1K2B0)","Realistic commercial photograph of two identical fictional brochures side by side, one with a glossy finish reflecting a window highlight, one matte with soft even colour, on a white desk in a bright Dubai studio, raking daylight to show surface sheen, 30-degree angle, fictional brand name, no real logos, no Flash Print Solution branding.","blog:matte-vs-glossy-printing"
"1205","assets/images/blog/matte-vs-glossy-printing-1280.webp","1280","853","3:2","Blog article – top image (also article cards)","/blog/matte-vs-glossy-printing/","Matte and glossy printed brochures side by side showing contrast in shine and colour","Temporary stock","Erik Mclean (Unsplash 29n7XP1K2B0)","Realistic commercial photograph of two identical fictional brochures side by side, one with a glossy finish reflecting a window highlight, one matte with soft even colour, on a white desk in a bright Dubai studio, raking daylight to show surface sheen, 30-degree angle, fictional brand name, no real logos, no Flash Print Solution branding.","blog:matte-vs-glossy-printing"
"1206","assets/images/og/matte-vs-glossy-printing.jpg","1200","630","1.91:1","Social share preview (Facebook, WhatsApp, LinkedIn…) – JPG","/blog/matte-vs-glossy-printing/","Matte and glossy printed brochures side by side showing contrast in shine and colour","Temporary stock","Erik Mclean (Unsplash 29n7XP1K2B0)","Same photo as above, cropped to 1200 × 630","blog:matte-vs-glossy-printing"
"1207","assets/images/blog/what-is-spot-uv-printing-768.webp","768","512","3:2","Blog article – top image (also article cards)","/blog/what-is-spot-uv-printing/","Black business card with a glossy spot UV logo pattern catching the light","Temporary stock","Giorgio Trovato (Unsplash qlNNYxkKoDc)","Realistic macro commercial photograph of a black matte laminated business card with a glossy raised spot UV geometric pattern and logo catching a soft light reflection, resting on a dark slate surface in a Dubai design studio, low raking light to show the gloss contrast, shallow depth of field, fictional brand name, no real logos, no Flash Print Solution branding.","blog:what-is-spot-uv-printing"
"1208","assets/images/blog/what-is-spot-uv-printing-1280.webp","1280","853","3:2","Blog article – top image (also article cards)","/blog/what-is-spot-uv-printing/","Black business card with a glossy spot UV logo pattern catching the light","Temporary stock","Giorgio Trovato (Unsplash qlNNYxkKoDc)","Realistic macro commercial photograph of a black matte laminated business card with a glossy raised spot UV geometric pattern and logo catching a soft light reflection, resting on a dark slate surface in a Dubai design studio, low raking light to show the gloss contrast, shallow depth of field, fictional brand name, no real logos, no Flash Print Solution branding.","blog:what-is-spot-uv-printing"
"1209","assets/images/og/what-is-spot-uv-printing.jpg","1200","630","1.91:1","Social share preview (Facebook, WhatsApp, LinkedIn…) – JPG","/blog/what-is-spot-uv-printing/","Black business card with a glossy spot UV logo pattern catching the light","Temporary stock","Giorgio Trovato (Unsplash qlNNYxkKoDc)","Same photo as above, cropped to 1200 × 630","blog:what-is-spot-uv-printing"
"1210","assets/images/blog/foil-printing-guide-768.webp","768","512","3:2","Blog article – top image (also article cards)","/blog/foil-printing-guide/","Navy business cards and a gift box decorated with gold foil lettering","Temporary stock","Katie Harp (Unsplash Em96eDRJPD8)","Realistic commercial photograph of navy blue business cards and a matching rigid gift box with crisp gold foil lettering and a foil border, arranged on a cream marble surface in a softly lit Dubai boutique setting, warm directional light making the foil glint, 45-degree angle, fictional brand name, no real logos, no Flash Print Solution branding.","blog:foil-printing-guide"
"1211","assets/images/blog/foil-printing-guide-1280.webp","1280","853","3:2","Blog article – top image (also article cards)","/blog/foil-printing-guide/","Navy business cards and a gift box decorated with gold foil lettering","Temporary stock","Katie Harp (Unsplash Em96eDRJPD8)","Realistic commercial photograph of navy blue business cards and a matching rigid gift box with crisp gold foil lettering and a foil border, arranged on a cream marble surface in a softly lit Dubai boutique setting, warm directional light making the foil glint, 45-degree angle, fictional brand name, no real logos, no Flash Print Solution branding.","blog:foil-printing-guide"
"1212","assets/images/og/foil-printing-guide.jpg","1200","630","1.91:1","Social share preview (Facebook, WhatsApp, LinkedIn…) – JPG","/blog/foil-printing-guide/","Navy business cards and a gift box decorated with gold foil lettering","Temporary stock","Katie Harp (Unsplash Em96eDRJPD8)","Same photo as above, cropped to 1200 × 630","blog:foil-printing-guide"
"1213","assets/images/blog/a4-vs-a5-flyers-768.webp","768","512","3:2","Blog article – top image (also article cards)","/blog/a4-vs-a5-flyers/","A4 and A5 printed promotional flyers laid side by side on a café counter","Temporary stock","Trần Văn Sơn (Unsplash wdhMxzy_wB4)","Realistic commercial photograph of an A4 flyer and a smaller A5 flyer for a fictional café laid side by side on a light wooden counter, with a neat stack of A5 flyers beside them, bright natural light in a modern Dubai café, slightly elevated angle, crisp print detail, fictional brand name, no real logos, no Flash Print Solution branding.","blog:a4-vs-a5-flyers"
"1214","assets/images/blog/a4-vs-a5-flyers-1280.webp","1280","853","3:2","Blog article – top image (also article cards)","/blog/a4-vs-a5-flyers/","A4 and A5 printed promotional flyers laid side by side on a café counter","Temporary stock","Trần Văn Sơn (Unsplash wdhMxzy_wB4)","Realistic commercial photograph of an A4 flyer and a smaller A5 flyer for a fictional café laid side by side on a light wooden counter, with a neat stack of A5 flyers beside them, bright natural light in a modern Dubai café, slightly elevated angle, crisp print detail, fictional brand name, no real logos, no Flash Print Solution branding.","blog:a4-vs-a5-flyers"
"1215","assets/images/og/a4-vs-a5-flyers.jpg","1200","630","1.91:1","Social share preview (Facebook, WhatsApp, LinkedIn…) – JPG","/blog/a4-vs-a5-flyers/","A4 and A5 printed promotional flyers laid side by side on a café counter","Temporary stock","Trần Văn Sơn (Unsplash wdhMxzy_wB4)","Same photo as above, cropped to 1200 × 630","blog:a4-vs-a5-flyers"
"1216","assets/images/blog/how-to-choose-sticker-material-768.webp","768","512","3:2","Blog article – top image (also article cards)","/blog/how-to-choose-sticker-material/","Assorted printed stickers on paper, clear film, vinyl and reflective material on a workbench","Temporary stock","Sticker Mule (Unsplash rxv8P843Bco)","Realistic commercial photograph of assorted printed stickers for fictional brands, matte paper labels, glossy vinyl die-cut shapes, clear window stickers and a silver reflective sticker, spread across a light grey workbench in a Dubai print studio, soft overhead daylight, top-down angle, crisp edge detail, fictional brand name, no real logos, no Flash Print Solution branding.","blog:how-to-choose-sticker-material"
"1217","assets/images/blog/how-to-choose-sticker-material-1280.webp","1280","853","3:2","Blog article – top image (also article cards)","/blog/how-to-choose-sticker-material/","Assorted printed stickers on paper, clear film, vinyl and reflective material on a workbench","Temporary stock","Sticker Mule (Unsplash rxv8P843Bco)","Realistic commercial photograph of assorted printed stickers for fictional brands, matte paper labels, glossy vinyl die-cut shapes, clear window stickers and a silver reflective sticker, spread across a light grey workbench in a Dubai print studio, soft overhead daylight, top-down angle, crisp edge detail, fictional brand name, no real logos, no Flash Print Solution branding.","blog:how-to-choose-sticker-material"
"1218","assets/images/og/how-to-choose-sticker-material.jpg","1200","630","1.91:1","Social share preview (Facebook, WhatsApp, LinkedIn…) – JPG","/blog/how-to-choose-sticker-material/","Assorted printed stickers on paper, clear film, vinyl and reflective material on a workbench","Temporary stock","Sticker Mule (Unsplash rxv8P843Bco)","Same photo as above, cropped to 1200 × 630","blog:how-to-choose-sticker-material"
"1219","assets/images/blog/vinyl-vs-paper-stickers-768.webp","768","512","3:2","Blog article – top image (also article cards)","/blog/vinyl-vs-paper-stickers/","Assorted kraft paper and glossy vinyl stickers spread across a white worktable","Temporary stock","AllSticker Printing (Unsplash -L7nlpJDUo8)","Realistic commercial photograph of kraft paper stickers beside glossy white vinyl stickers on a light studio worktable, one vinyl label on a chilled glass bottle with condensation, soft natural daylight, shallow depth of field, 45-degree angle, fictional brand name, no real logos, no Flash Print Solution branding.","blog:vinyl-vs-paper-stickers"
"1220","assets/images/blog/vinyl-vs-paper-stickers-1280.webp","1280","853","3:2","Blog article – top image (also article cards)","/blog/vinyl-vs-paper-stickers/","Assorted kraft paper and glossy vinyl stickers spread across a white worktable","Temporary stock","AllSticker Printing (Unsplash -L7nlpJDUo8)","Realistic commercial photograph of kraft paper stickers beside glossy white vinyl stickers on a light studio worktable, one vinyl label on a chilled glass bottle with condensation, soft natural daylight, shallow depth of field, 45-degree angle, fictional brand name, no real logos, no Flash Print Solution branding.","blog:vinyl-vs-paper-stickers"
"1221","assets/images/og/vinyl-vs-paper-stickers.jpg","1200","630","1.91:1","Social share preview (Facebook, WhatsApp, LinkedIn…) – JPG","/blog/vinyl-vs-paper-stickers/","Assorted kraft paper and glossy vinyl stickers spread across a white worktable","Temporary stock","AllSticker Printing (Unsplash -L7nlpJDUo8)","Same photo as above, cropped to 1200 × 630","blog:vinyl-vs-paper-stickers"
"1222","assets/images/blog/what-makes-packaging-look-premium-768.webp","768","512","3:2","Blog article – top image (also article cards)","/blog/what-makes-packaging-look-premium/","Matte black rigid gift box with gold foil monogram and cream tissue on marble","Temporary stock","Tarah Dane (Unsplash xudcDDtjY2c)","Realistic commercial product photograph of an open matte black rigid gift box with soft-touch finish, gold foil monogram on the lid, cream tissue paper and a small fragrance bottle inside, on a marble surface in a bright Dubai boutique, soft diffused light, three-quarter angle, fictional brand name, no real logos, no Flash Print Solution branding.","blog:what-makes-packaging-look-premium"
"1223","assets/images/blog/what-makes-packaging-look-premium-1280.webp","1280","853","3:2","Blog article – top image (also article cards)","/blog/what-makes-packaging-look-premium/","Matte black rigid gift box with gold foil monogram and cream tissue on marble","Temporary stock","Tarah Dane (Unsplash xudcDDtjY2c)","Realistic commercial product photograph of an open matte black rigid gift box with soft-touch finish, gold foil monogram on the lid, cream tissue paper and a small fragrance bottle inside, on a marble surface in a bright Dubai boutique, soft diffused light, three-quarter angle, fictional brand name, no real logos, no Flash Print Solution branding.","blog:what-makes-packaging-look-premium"
"1224","assets/images/og/what-makes-packaging-look-premium.jpg","1200","630","1.91:1","Social share preview (Facebook, WhatsApp, LinkedIn…) – JPG","/blog/what-makes-packaging-look-premium/","Matte black rigid gift box with gold foil monogram and cream tissue on marble","Temporary stock","Tarah Dane (Unsplash xudcDDtjY2c)","Same photo as above, cropped to 1200 × 630","blog:what-makes-packaging-look-premium"
"1225","assets/images/blog/printing-turnaround-dubai-768.webp","768","512","3:2","Blog article – top image (also article cards)","/blog/printing-turnaround-dubai/","Freshly printed flyers and brochures stacked on a production table beside a paper guillotine","Temporary stock","Daulet Turubayev (Unsplash Di1e1Hnr1Us)","Realistic commercial photograph inside a clean print production area, freshly printed brochures and flyers stacked on a worktable, a production planner holding a printed schedule and proof sheet, paper guillotine in the background, bright overhead lighting, eye-level angle, fictional brand name, no real logos, no Flash Print Solution branding.","blog:printing-turnaround-dubai"
"1226","assets/images/blog/printing-turnaround-dubai-1280.webp","1280","853","3:2","Blog article – top image (also article cards)","/blog/printing-turnaround-dubai/","Freshly printed flyers and brochures stacked on a production table beside a paper guillotine","Temporary stock","Daulet Turubayev (Unsplash Di1e1Hnr1Us)","Realistic commercial photograph inside a clean print production area, freshly printed brochures and flyers stacked on a worktable, a production planner holding a printed schedule and proof sheet, paper guillotine in the background, bright overhead lighting, eye-level angle, fictional brand name, no real logos, no Flash Print Solution branding.","blog:printing-turnaround-dubai"
"1227","assets/images/og/printing-turnaround-dubai.jpg","1200","630","1.91:1","Social share preview (Facebook, WhatsApp, LinkedIn…) – JPG","/blog/printing-turnaround-dubai/","Freshly printed flyers and brochures stacked on a production table beside a paper guillotine","Temporary stock","Daulet Turubayev (Unsplash Di1e1Hnr1Us)","Same photo as above, cropped to 1200 × 630","blog:printing-turnaround-dubai"
"1228","assets/images/blog/print-ready-file-requirements-768.webp","768","512","3:2","Blog article – top image (also article cards)","/blog/print-ready-file-requirements/","Designer's monitor showing a print layout with bleed guides beside a colour swatch fan","Temporary stock","Tran Mau Tri Tam ✪ (Unsplash g-pKprPg5yw)","Realistic commercial photograph of a designer's desk with a large monitor displaying a flyer layout with visible bleed and trim guides, a printed colour swatch fan and test prints beside the keyboard, modern Dubai office, soft daylight from a window, over-the-shoulder angle, fictional brand name, no real logos, no Flash Print Solution branding.","blog:print-ready-file-requirements"
"1229","assets/images/blog/print-ready-file-requirements-1280.webp","1280","853","3:2","Blog article – top image (also article cards)","/blog/print-ready-file-requirements/","Designer's monitor showing a print layout with bleed guides beside a colour swatch fan","Temporary stock","Tran Mau Tri Tam ✪ (Unsplash g-pKprPg5yw)","Realistic commercial photograph of a designer's desk with a large monitor displaying a flyer layout with visible bleed and trim guides, a printed colour swatch fan and test prints beside the keyboard, modern Dubai office, soft daylight from a window, over-the-shoulder angle, fictional brand name, no real logos, no Flash Print Solution branding.","blog:print-ready-file-requirements"
"1230","assets/images/og/print-ready-file-requirements.jpg","1200","630","1.91:1","Social share preview (Facebook, WhatsApp, LinkedIn…) – JPG","/blog/print-ready-file-requirements/","Designer's monitor showing a print layout with bleed guides beside a colour swatch fan","Temporary stock","Tran Mau Tri Tam ✪ (Unsplash g-pKprPg5yw)","Same photo as above, cropped to 1200 × 630","blog:print-ready-file-requirements"
"1231","assets/images/blog/how-to-prepare-artwork-for-print-768.webp","768","512","3:2","Blog article – top image (also article cards)","/blog/how-to-prepare-artwork-for-print/","Designer reviewing a printed proof of a folded leaflet at a desk with a laptop","Temporary stock","Kelly Sikkema (Unsplash v9FQR4tbIq8)","Realistic commercial photograph of a designer at a bright studio desk holding a printed proof of a tri-fold leaflet with bilingual English and Arabic text, a laptop showing the same layout, pencil and ruler nearby, natural window light in a Dubai office, close medium shot, fictional brand name, no real logos, no Flash Print Solution branding.","blog:how-to-prepare-artwork-for-print"
"1232","assets/images/blog/how-to-prepare-artwork-for-print-1280.webp","1280","853","3:2","Blog article – top image (also article cards)","/blog/how-to-prepare-artwork-for-print/","Designer reviewing a printed proof of a folded leaflet at a desk with a laptop","Temporary stock","Kelly Sikkema (Unsplash v9FQR4tbIq8)","Realistic commercial photograph of a designer at a bright studio desk holding a printed proof of a tri-fold leaflet with bilingual English and Arabic text, a laptop showing the same layout, pencil and ruler nearby, natural window light in a Dubai office, close medium shot, fictional brand name, no real logos, no Flash Print Solution branding.","blog:how-to-prepare-artwork-for-print"
"1233","assets/images/og/how-to-prepare-artwork-for-print.jpg","1200","630","1.91:1","Social share preview (Facebook, WhatsApp, LinkedIn…) – JPG","/blog/how-to-prepare-artwork-for-print/","Designer reviewing a printed proof of a folded leaflet at a desk with a laptop","Temporary stock","Kelly Sikkema (Unsplash v9FQR4tbIq8)","Same photo as above, cropped to 1200 × 630","blog:how-to-prepare-artwork-for-print"
"1234","assets/images/blog/restaurant-menu-printing-materials-768.webp","768","512","3:2","Blog article – top image (also article cards)","/blog/restaurant-menu-printing-materials/","Matte laminated bilingual menu and table tent card on a wooden café table","Temporary stock","Louis Hansel (Unsplash lXLct9D-ARE)","Realistic commercial photograph of a matte laminated bilingual English and Arabic restaurant menu with rounded corners lying on a wooden table beside a tent card and a glass of iced drink, warm ambient lighting in a modern Dubai café, shallow depth of field, 45-degree angle, fictional brand name, no real logos, no Flash Print Solution branding.","blog:restaurant-menu-printing-materials"
"1235","assets/images/blog/restaurant-menu-printing-materials-1280.webp","1280","853","3:2","Blog article – top image (also article cards)","/blog/restaurant-menu-printing-materials/","Matte laminated bilingual menu and table tent card on a wooden café table","Temporary stock","Louis Hansel (Unsplash lXLct9D-ARE)","Realistic commercial photograph of a matte laminated bilingual English and Arabic restaurant menu with rounded corners lying on a wooden table beside a tent card and a glass of iced drink, warm ambient lighting in a modern Dubai café, shallow depth of field, 45-degree angle, fictional brand name, no real logos, no Flash Print Solution branding.","blog:restaurant-menu-printing-materials"
"1236","assets/images/og/restaurant-menu-printing-materials.jpg","1200","630","1.91:1","Social share preview (Facebook, WhatsApp, LinkedIn…) – JPG","/blog/restaurant-menu-printing-materials/","Matte laminated bilingual menu and table tent card on a wooden café table","Temporary stock","Louis Hansel (Unsplash lXLct9D-ARE)","Same photo as above, cropped to 1200 × 630","blog:restaurant-menu-printing-materials"
"1237","assets/images/blog/printing-checklist-new-business-dubai-768.webp","768","512","3:2","Blog article – top image (also article cards)","/blog/printing-checklist-new-business-dubai/","Coordinated set of business cards, letterhead, envelope and folder on a new office desk","Temporary stock","Marianne Krohn (Unsplash QSIMj4AySMs)","Realistic commercial photograph of a coordinated stationery set of business cards, letterhead, envelope and presentation folder in a navy and white fictional brand, arranged on a desk in a newly fitted Dubai office with a frosted glass partition behind, bright natural light, top-down three-quarter angle, fictional brand name, no real logos, no Flash Print Solution branding.","blog:printing-checklist-new-business-dubai"
"1238","assets/images/blog/printing-checklist-new-business-dubai-1280.webp","1280","853","3:2","Blog article – top image (also article cards)","/blog/printing-checklist-new-business-dubai/","Coordinated set of business cards, letterhead, envelope and folder on a new office desk","Temporary stock","Marianne Krohn (Unsplash QSIMj4AySMs)","Realistic commercial photograph of a coordinated stationery set of business cards, letterhead, envelope and presentation folder in a navy and white fictional brand, arranged on a desk in a newly fitted Dubai office with a frosted glass partition behind, bright natural light, top-down three-quarter angle, fictional brand name, no real logos, no Flash Print Solution branding.","blog:printing-checklist-new-business-dubai"
"1239","assets/images/og/printing-checklist-new-business-dubai.jpg","1200","630","1.91:1","Social share preview (Facebook, WhatsApp, LinkedIn…) – JPG","/blog/printing-checklist-new-business-dubai/","Coordinated set of business cards, letterhead, envelope and folder on a new office desk","Temporary stock","Marianne Krohn (Unsplash QSIMj4AySMs)","Same photo as above, cropped to 1200 × 630","blog:printing-checklist-new-business-dubai"
"1240","assets/images/blog/how-to-choose-printing-company-dubai-768.webp","768","512","3:2","Blog article – top image (also article cards)","/blog/how-to-choose-printing-company-dubai/","Client and print consultant comparing paper swatches and printed samples at an office table","Temporary stock","NMG Network (Unsplash Gla1mlyGvS0)","Realistic commercial photograph of a client and a print consultant at a meeting table reviewing paper swatch books, printed business card samples and a colour proof, bright modern Dubai office with a softly blurred city view, natural daylight, eye-level medium shot, fictional brand name, no real logos, no Flash Print Solution branding.","blog:how-to-choose-printing-company-dubai"
"1241","assets/images/blog/how-to-choose-printing-company-dubai-1280.webp","1280","853","3:2","Blog article – top image (also article cards)","/blog/how-to-choose-printing-company-dubai/","Client and print consultant comparing paper swatches and printed samples at an office table","Temporary stock","NMG Network (Unsplash Gla1mlyGvS0)","Realistic commercial photograph of a client and a print consultant at a meeting table reviewing paper swatch books, printed business card samples and a colour proof, bright modern Dubai office with a softly blurred city view, natural daylight, eye-level medium shot, fictional brand name, no real logos, no Flash Print Solution branding.","blog:how-to-choose-printing-company-dubai"
"1242","assets/images/og/how-to-choose-printing-company-dubai.jpg","1200","630","1.91:1","Social share preview (Facebook, WhatsApp, LinkedIn…) – JPG","/blog/how-to-choose-printing-company-dubai/","Client and print consultant comparing paper swatches and printed samples at an office table","Temporary stock","NMG Network (Unsplash Gla1mlyGvS0)","Same photo as above, cropped to 1200 × 630","blog:how-to-choose-printing-company-dubai"
"1243","assets/images/home/home-hero-640.webp","640","800","4:5","Homepage hero – slide 1 (also the main social share image)","/","Black corporate gift box tied with a ribbon, packed for client gifting in Dubai","Temporary stock – SHARED with p:branded-usb-flash-drives-dubai:application category (replace first)","Sufyan (Unsplash 5YFuIflyNwg)","Photorealistic commercial photograph of a corporate gift set being opened in a Dubai office: a rigid navy box with a fitted insert holding a white logo mug, a debossed PU diary, a metal pen and an engraved USB drive, hands lifting the lid, soft window light, 4:5 vertical, shallow depth of field. Fictional brand names only, no real logos, no Flash Print Solution branding.","static:home-hero"
"1244","assets/images/home/home-hero-1000.webp","1000","1250","4:5","Homepage hero – slide 1 (also the main social share image)","/","Black corporate gift box tied with a ribbon, packed for client gifting in Dubai","Temporary stock – SHARED with p:branded-usb-flash-drives-dubai:application category (replace first)","Sufyan (Unsplash 5YFuIflyNwg)","Photorealistic commercial photograph of a corporate gift set being opened in a Dubai office: a rigid navy box with a fitted insert holding a white logo mug, a debossed PU diary, a metal pen and an engraved USB drive, hands lifting the lid, soft window light, 4:5 vertical, shallow depth of field. Fictional brand names only, no real logos, no Flash Print Solution branding.","static:home-hero"
"1245","assets/images/og/home-hero.jpg","1200","630","1.91:1","Social share preview (Facebook, WhatsApp, LinkedIn…) – JPG","/","Black corporate gift box tied with a ribbon, packed for client gifting in Dubai","Temporary stock – SHARED with p:branded-usb-flash-drives-dubai:application category (replace first)","Sufyan (Unsplash 5YFuIflyNwg)","Same photo as above, cropped to 1200 × 630","static:home-hero"
"1246","assets/images/home/home-hero-inset-480.webp","480","480","1:1","Homepage hero – small inset photo (desktop)","/","Branded diary with a metal pen resting on the cover, part of a corporate gift set","Temporary stock – SHARED with p:custom-diary-printing-dubai:hero category (replace first)","Pavel Polívka (Unsplash 7lS8ChNKsFs)","Macro commercial photograph of a dark PU corporate diary with a debossed fictional logo and a brushed metal pen lying on the cover, light stone desk, soft side light, square crop. Fictional brand names only, no real logos, no Flash Print Solution branding.","static:home-hero-inset"
"1247","assets/images/home/home-hero-inset-800.webp","800","800","1:1","Homepage hero – small inset photo (desktop)","/","Branded diary with a metal pen resting on the cover, part of a corporate gift set","Temporary stock – SHARED with p:custom-diary-printing-dubai:hero category (replace first)","Pavel Polívka (Unsplash 7lS8ChNKsFs)","Macro commercial photograph of a dark PU corporate diary with a debossed fictional logo and a brushed metal pen lying on the cover, light stone desk, soft side light, square crop. Fictional brand names only, no real logos, no Flash Print Solution branding.","static:home-hero-inset"
"1248","assets/images/og/home-hero-inset.jpg","1200","630","1.91:1","Social share preview (Facebook, WhatsApp, LinkedIn…) – JPG","/","Branded diary with a metal pen resting on the cover, part of a corporate gift set","Temporary stock – SHARED with p:custom-diary-printing-dubai:hero category (replace first)","Pavel Polívka (Unsplash 7lS8ChNKsFs)","Same photo as above, cropped to 1200 × 630","static:home-hero-inset"
"1249","assets/images/home/home-why-640.webp","640","800","4:5","Homepage – “Why Flash Print” photo","/","Close-up of a logo being debossed onto a dark corporate diary cover","Temporary stock – SHARED with p:custom-diary-printing-dubai:detail category (replace first)","Shahrukh Shoaib (Unsplash AdzcD2rastg)","Photorealistic macro photograph of a fictional logo pressed into a dark PU diary cover, the debossed edges catching a low raking light, a branded pen and colour swatch out of focus behind, 4:5 vertical, calm professional mood. Fictional brand names only, no real logos, no Flash Print Solution branding.","static:home-why"
"1250","assets/images/home/home-why-1000.webp","1000","1250","4:5","Homepage – “Why Flash Print” photo","/","Close-up of a logo being debossed onto a dark corporate diary cover","Temporary stock – SHARED with p:custom-diary-printing-dubai:detail category (replace first)","Shahrukh Shoaib (Unsplash AdzcD2rastg)","Photorealistic macro photograph of a fictional logo pressed into a dark PU diary cover, the debossed edges catching a low raking light, a branded pen and colour swatch out of focus behind, 4:5 vertical, calm professional mood. Fictional brand names only, no real logos, no Flash Print Solution branding.","static:home-why"
"1251","assets/images/og/home-why.jpg","1200","630","1.91:1","Social share preview (Facebook, WhatsApp, LinkedIn…) – JPG","/","Close-up of a logo being debossed onto a dark corporate diary cover","Temporary stock – SHARED with p:custom-diary-printing-dubai:detail category (replace first)","Shahrukh Shoaib (Unsplash AdzcD2rastg)","Same photo as above, cropped to 1200 × 630","static:home-why"
"1252","assets/images/company/about-hero-768.webp","768","512","3:2","About page – top banner","/about/","Print finishing area with trimmed stacks of printed materials ready for packing","Temporary stock","Samia Liamani (Unsplash yZMbGeJwGL4)","Photorealistic wide shot of a clean, well-organised print finishing area in Dubai: trimmed stacks of printed materials, cutting table, shelving with paper stocks, natural light, 3:2 landscape. Fictional brand names only, no real logos, no Flash Print Solution branding.","static:about-hero"
"1253","assets/images/company/about-hero-1280.webp","1280","853","3:2","About page – top banner","/about/","Print finishing area with trimmed stacks of printed materials ready for packing","Temporary stock","Samia Liamani (Unsplash yZMbGeJwGL4)","Photorealistic wide shot of a clean, well-organised print finishing area in Dubai: trimmed stacks of printed materials, cutting table, shelving with paper stocks, natural light, 3:2 landscape. Fictional brand names only, no real logos, no Flash Print Solution branding.","static:about-hero"
"1254","assets/images/og/about-hero.jpg","1200","630","1.91:1","Social share preview (Facebook, WhatsApp, LinkedIn…) – JPG","/about/","Print finishing area with trimmed stacks of printed materials ready for packing","Temporary stock","Samia Liamani (Unsplash yZMbGeJwGL4)","Same photo as above, cropped to 1200 × 630","static:about-hero"
"1255","assets/images/company/about-studio-640.webp","640","800","4:5","About page – “Who we are” photo","/about/","Designer preparing print artwork on a large monitor with paper samples beside the keyboard","Temporary stock","Magnus Andersson (Unsplash KAzgxInZXMo)","Photorealistic image of a designer at a large monitor preparing print artwork (fictional brand layout on screen), paper samples and swatches beside the keyboard, modern Business Bay office, 4:5 vertical. Fictional brand names only, no real logos, no Flash Print Solution branding.","static:about-studio"
"1256","assets/images/company/about-studio-1000.webp","1000","1250","4:5","About page – “Who we are” photo","/about/","Designer preparing print artwork on a large monitor with paper samples beside the keyboard","Temporary stock","Magnus Andersson (Unsplash KAzgxInZXMo)","Photorealistic image of a designer at a large monitor preparing print artwork (fictional brand layout on screen), paper samples and swatches beside the keyboard, modern Business Bay office, 4:5 vertical. Fictional brand names only, no real logos, no Flash Print Solution branding.","static:about-studio"
"1257","assets/images/og/about-studio.jpg","1200","630","1.91:1","Social share preview (Facebook, WhatsApp, LinkedIn…) – JPG","/about/","Designer preparing print artwork on a large monitor with paper samples beside the keyboard","Temporary stock","Magnus Andersson (Unsplash KAzgxInZXMo)","Same photo as above, cropped to 1200 × 630","static:about-studio"
"1258","assets/images/company/contact-office-768.webp","768","512","3:2","Contact page – office photo","/contact/","Modern office towers in Business Bay, Dubai, at dusk","Temporary stock","David Rodrigo (Unsplash Fr6zexbmjmc)","Photorealistic dusk photograph of glass office towers along Marasi Drive, Business Bay, Dubai, canal reflections, warm city lights, 3:2 landscape, no visible company signage.","static:contact-office"
"1259","assets/images/company/contact-office-1280.webp","1280","853","3:2","Contact page – office photo","/contact/","Modern office towers in Business Bay, Dubai, at dusk","Temporary stock","David Rodrigo (Unsplash Fr6zexbmjmc)","Photorealistic dusk photograph of glass office towers along Marasi Drive, Business Bay, Dubai, canal reflections, warm city lights, 3:2 landscape, no visible company signage.","static:contact-office"
"1260","assets/images/og/contact-office.jpg","1200","630","1.91:1","Social share preview (Facebook, WhatsApp, LinkedIn…) – JPG","/contact/","Modern office towers in Business Bay, Dubai, at dusk","Temporary stock","David Rodrigo (Unsplash Fr6zexbmjmc)","Same photo as above, cropped to 1200 × 630","static:contact-office"
"1261","assets/images/company/process-hero-768.webp","768","512","3:2","How It Works – top banner","/how-it-works/","Printed proofs laid out on a table for review before production","Temporary stock","Andre William (Unsplash NDGIibZRa_0)","Photorealistic overhead photograph of printed proofs, a marked-up PDF proof on a tablet and paper samples laid out on a meeting table for client approval, 3:2 landscape. Fictional brand names only, no real logos, no Flash Print Solution branding.","static:process-hero"
"1262","assets/images/company/process-hero-1280.webp","1280","853","3:2","How It Works – top banner","/how-it-works/","Printed proofs laid out on a table for review before production","Temporary stock","Andre William (Unsplash NDGIibZRa_0)","Photorealistic overhead photograph of printed proofs, a marked-up PDF proof on a tablet and paper samples laid out on a meeting table for client approval, 3:2 landscape. Fictional brand names only, no real logos, no Flash Print Solution branding.","static:process-hero"
"1263","assets/images/og/process-hero.jpg","1200","630","1.91:1","Social share preview (Facebook, WhatsApp, LinkedIn…) – JPG","/how-it-works/","Printed proofs laid out on a table for review before production","Temporary stock","Andre William (Unsplash NDGIibZRa_0)","Same photo as above, cropped to 1200 × 630","static:process-hero"
"1264","assets/images/company/industries-hero-768.webp","768","512","3:2","Industries overview – top banner","/industries/","Assorted printed business materials including menus, brochures and signage samples","Temporary stock","Brands&People (Unsplash 0adHvNJu-Zo)","Photorealistic flat-lay of printed materials for several industries: a restaurant menu, property brochure, clinic appointment card, school certificate and retail swing tags, each with fictional branding, 3:2 landscape. Fictional brand names only, no real logos, no Flash Print Solution branding.","static:industries-hero"
"1265","assets/images/company/industries-hero-1280.webp","1280","853","3:2","Industries overview – top banner","/industries/","Assorted printed business materials including menus, brochures and signage samples","Temporary stock","Brands&People (Unsplash 0adHvNJu-Zo)","Photorealistic flat-lay of printed materials for several industries: a restaurant menu, property brochure, clinic appointment card, school certificate and retail swing tags, each with fictional branding, 3:2 landscape. Fictional brand names only, no real logos, no Flash Print Solution branding.","static:industries-hero"
"1266","assets/images/og/industries-hero.jpg","1200","630","1.91:1","Social share preview (Facebook, WhatsApp, LinkedIn…) – JPG","/industries/","Assorted printed business materials including menus, brochures and signage samples","Temporary stock","Brands&People (Unsplash 0adHvNJu-Zo)","Same photo as above, cropped to 1200 × 630","static:industries-hero"
"1267","assets/images/company/blog-hero-768.webp","768","512","3:2","Blog – social share image","/blog/","Paper stocks, a colour guide and a printed brochure arranged on a desk","Temporary stock","Andy Brown (Unsplash 8dgFq8Vbelo)","Photorealistic editorial desk scene with paper stocks, a colour guide, pencil and an open printed brochure (fictional brand), soft daylight, 3:2 landscape. Fictional brand names only, no real logos, no Flash Print Solution branding.","static:blog-hero"
"1268","assets/images/company/blog-hero-1280.webp","1280","853","3:2","Blog – social share image","/blog/","Paper stocks, a colour guide and a printed brochure arranged on a desk","Temporary stock","Andy Brown (Unsplash 8dgFq8Vbelo)","Photorealistic editorial desk scene with paper stocks, a colour guide, pencil and an open printed brochure (fictional brand), soft daylight, 3:2 landscape. Fictional brand names only, no real logos, no Flash Print Solution branding.","static:blog-hero"
"1269","assets/images/og/blog-hero.jpg","1200","630","1.91:1","Social share preview (Facebook, WhatsApp, LinkedIn…) – JPG","/blog/","Paper stocks, a colour guide and a printed brochure arranged on a desk","Temporary stock","Andy Brown (Unsplash 8dgFq8Vbelo)","Same photo as above, cropped to 1200 × 630","static:blog-hero"
"1270","assets/images/portfolio/storefront-signage-640.webp","640","800","4:5","Portfolio – project photo (homepage + portfolio)","/portfolio/","Illuminated shopfront sign with 3D letters above a boutique entrance","Temporary stock","Scott Webb (Unsplash WZpNVE-oFbg)","Photorealistic commercial photograph: Illuminated 3D letters on an ACP fascia with vinyl window graphics. Dubai setting where relevant, natural lighting, 4:5 crop. Fictional brand names only, no real logos, no Flash Print Solution branding.","work:storefront-signage"
"1271","assets/images/portfolio/storefront-signage-1000.webp","1000","1250","4:5","Portfolio – project photo (homepage + portfolio)","/portfolio/","Illuminated shopfront sign with 3D letters above a boutique entrance","Temporary stock","Scott Webb (Unsplash WZpNVE-oFbg)","Photorealistic commercial photograph: Illuminated 3D letters on an ACP fascia with vinyl window graphics. Dubai setting where relevant, natural lighting, 4:5 crop. Fictional brand names only, no real logos, no Flash Print Solution branding.","work:storefront-signage"
"1272","assets/images/og/storefront-signage.jpg","1200","630","1.91:1","Social share preview (Facebook, WhatsApp, LinkedIn…) – JPG","/portfolio/","Illuminated shopfront sign with 3D letters above a boutique entrance","Temporary stock","Scott Webb (Unsplash WZpNVE-oFbg)","Same photo as above, cropped to 1200 × 630","work:storefront-signage"
"1273","assets/images/portfolio/packaging-suite-960.webp","960","540","16:9","Portfolio – project photo (homepage + portfolio)","/portfolio/","Branded gift boxes and kraft carrier bags arranged on a table","Temporary stock","Mildlee (Unsplash fMveBTz2qWw)","Photorealistic commercial photograph: Rigid gift boxes, tissue wrap and kraft carrier bags in a matching finish. Dubai setting where relevant, natural lighting, 16:9 crop. Fictional brand names only, no real logos, no Flash Print Solution branding.","work:packaging-suite"
"1274","assets/images/portfolio/packaging-suite-1600.webp","1600","900","16:9","Portfolio – project photo (homepage + portfolio)","/portfolio/","Branded gift boxes and kraft carrier bags arranged on a table","Temporary stock","Mildlee (Unsplash fMveBTz2qWw)","Photorealistic commercial photograph: Rigid gift boxes, tissue wrap and kraft carrier bags in a matching finish. Dubai setting where relevant, natural lighting, 16:9 crop. Fictional brand names only, no real logos, no Flash Print Solution branding.","work:packaging-suite"
"1275","assets/images/og/packaging-suite.jpg","1200","630","1.91:1","Social share preview (Facebook, WhatsApp, LinkedIn…) – JPG","/portfolio/","Branded gift boxes and kraft carrier bags arranged on a table","Temporary stock","Mildlee (Unsplash fMveBTz2qWw)","Same photo as above, cropped to 1200 × 630","work:packaging-suite"
"1276","assets/images/portfolio/delivery-van-livery-640.webp","640","480","4:3","Portfolio – project photo (homepage + portfolio)","/portfolio/","White delivery van with printed side graphics parked on a city street","Temporary stock","Łukasz Mrowiec (Unsplash IsvZEgPkehk)","Photorealistic commercial photograph: Partial wrap graphics applied consistently across a small fleet. Dubai setting where relevant, natural lighting, 4:3 crop. Fictional brand names only, no real logos, no Flash Print Solution branding.","work:delivery-van-livery"
"1277","assets/images/portfolio/delivery-van-livery-1200.webp","1200","900","4:3","Portfolio – project photo (homepage + portfolio)","/portfolio/","White delivery van with printed side graphics parked on a city street","Temporary stock","Łukasz Mrowiec (Unsplash IsvZEgPkehk)","Photorealistic commercial photograph: Partial wrap graphics applied consistently across a small fleet. Dubai setting where relevant, natural lighting, 4:3 crop. Fictional brand names only, no real logos, no Flash Print Solution branding.","work:delivery-van-livery"
"1278","assets/images/og/delivery-van-livery.jpg","1200","630","1.91:1","Social share preview (Facebook, WhatsApp, LinkedIn…) – JPG","/portfolio/","White delivery van with printed side graphics parked on a city street","Temporary stock","Łukasz Mrowiec (Unsplash IsvZEgPkehk)","Same photo as above, cropped to 1200 × 630","work:delivery-van-livery"
"1279","assets/images/portfolio/corporate-stationery-640.webp","640","480","4:3","Portfolio – project photo (homepage + portfolio)","/portfolio/","Matching business cards, letterhead and folder laid out on a desk","Temporary stock","Mockup Free (Unsplash X1ld4znbBpo)","Photorealistic commercial photograph: Business cards, letterheads and presentation folders with foil details. Dubai setting where relevant, natural lighting, 4:3 crop. Fictional brand names only, no real logos, no Flash Print Solution branding.","work:corporate-stationery"
"1280","assets/images/portfolio/corporate-stationery-1200.webp","1200","900","4:3","Portfolio – project photo (homepage + portfolio)","/portfolio/","Matching business cards, letterhead and folder laid out on a desk","Temporary stock","Mockup Free (Unsplash X1ld4znbBpo)","Photorealistic commercial photograph: Business cards, letterheads and presentation folders with foil details. Dubai setting where relevant, natural lighting, 4:3 crop. Fictional brand names only, no real logos, no Flash Print Solution branding.","work:corporate-stationery"
"1281","assets/images/og/corporate-stationery.jpg","1200","630","1.91:1","Social share preview (Facebook, WhatsApp, LinkedIn…) – JPG","/portfolio/","Matching business cards, letterhead and folder laid out on a desk","Temporary stock","Mockup Free (Unsplash X1ld4znbBpo)","Same photo as above, cropped to 1200 × 630","work:corporate-stationery"
"1282","assets/images/portfolio/exhibition-stand-960.webp","960","540","16:9","Portfolio – project photo (homepage + portfolio)","/portfolio/","Exhibition booth with large printed backwall graphics at a trade show","Temporary stock","maxine guo (Unsplash zABKkmNQGMU)","Photorealistic commercial photograph: Fabric backwall, counter wrap and roll-up banners for a trade exhibition. Dubai setting where relevant, natural lighting, 16:9 crop. Fictional brand names only, no real logos, no Flash Print Solution branding.","work:exhibition-stand"
"1283","assets/images/portfolio/exhibition-stand-1600.webp","1600","900","16:9","Portfolio – project photo (homepage + portfolio)","/portfolio/","Exhibition booth with large printed backwall graphics at a trade show","Temporary stock","maxine guo (Unsplash zABKkmNQGMU)","Photorealistic commercial photograph: Fabric backwall, counter wrap and roll-up banners for a trade exhibition. Dubai setting where relevant, natural lighting, 16:9 crop. Fictional brand names only, no real logos, no Flash Print Solution branding.","work:exhibition-stand"
"1284","assets/images/og/exhibition-stand.jpg","1200","630","1.91:1","Social share preview (Facebook, WhatsApp, LinkedIn…) – JPG","/portfolio/","Exhibition booth with large printed backwall graphics at a trade show","Temporary stock","maxine guo (Unsplash zABKkmNQGMU)","Same photo as above, cropped to 1200 × 630","work:exhibition-stand"
"1285","assets/images/portfolio/counter-display-640.webp","640","480","4:3","Portfolio – project photo (homepage + portfolio)","/portfolio/","Retail shelf with promotional display cards and product units","Temporary stock","Vishnu Kalanad (Unsplash YDde9egYzhw)","Photorealistic commercial photograph: Counter display units and shelf talkers for an in-store promotion. Dubai setting where relevant, natural lighting, 4:3 crop. Fictional brand names only, no real logos, no Flash Print Solution branding.","work:counter-display"
"1286","assets/images/portfolio/counter-display-1200.webp","1200","900","4:3","Portfolio – project photo (homepage + portfolio)","/portfolio/","Retail shelf with promotional display cards and product units","Temporary stock","Vishnu Kalanad (Unsplash YDde9egYzhw)","Photorealistic commercial photograph: Counter display units and shelf talkers for an in-store promotion. Dubai setting where relevant, natural lighting, 4:3 crop. Fictional brand names only, no real logos, no Flash Print Solution branding.","work:counter-display"
"1287","assets/images/og/counter-display.jpg","1200","630","1.91:1","Social share preview (Facebook, WhatsApp, LinkedIn…) – JPG","/portfolio/","Retail shelf with promotional display cards and product units","Temporary stock","Vishnu Kalanad (Unsplash YDde9egYzhw)","Same photo as above, cropped to 1200 × 630","work:counter-display"
"1288","assets/images/portfolio/office-wall-graphics-640.webp","640","800","4:5","Portfolio – project photo (homepage + portfolio)","/portfolio/","Modern office interior with a large printed wall graphic","Temporary stock","byhome work (Unsplash p_TQxkyyroE)","Photorealistic commercial photograph: Printed wall mural paired with frosted glass manifestation. Dubai setting where relevant, natural lighting, 4:5 crop. Fictional brand names only, no real logos, no Flash Print Solution branding.","work:office-wall-graphics"
"1289","assets/images/portfolio/office-wall-graphics-1000.webp","1000","1250","4:5","Portfolio – project photo (homepage + portfolio)","/portfolio/","Modern office interior with a large printed wall graphic","Temporary stock","byhome work (Unsplash p_TQxkyyroE)","Photorealistic commercial photograph: Printed wall mural paired with frosted glass manifestation. Dubai setting where relevant, natural lighting, 4:5 crop. Fictional brand names only, no real logos, no Flash Print Solution branding.","work:office-wall-graphics"
"1290","assets/images/og/office-wall-graphics.jpg","1200","630","1.91:1","Social share preview (Facebook, WhatsApp, LinkedIn…) – JPG","/portfolio/","Modern office interior with a large printed wall graphic","Temporary stock","byhome work (Unsplash p_TQxkyyroE)","Same photo as above, cropped to 1200 × 630","work:office-wall-graphics"
"1291","assets/images/portfolio/event-stage-960.webp","960","540","16:9","Portfolio – project photo (homepage + portfolio)","/portfolio/","Conference stage with large printed backdrop and podium","Temporary stock","Teemu Paananen (Unsplash bzdhc5b3Bxs)","Photorealistic commercial photograph: Stage backdrop, podium wrap and lectern panels for a corporate event. Dubai setting where relevant, natural lighting, 16:9 crop. Fictional brand names only, no real logos, no Flash Print Solution branding.","work:event-stage"
"1292","assets/images/portfolio/event-stage-1600.webp","1600","900","16:9","Portfolio – project photo (homepage + portfolio)","/portfolio/","Conference stage with large printed backdrop and podium","Temporary stock","Teemu Paananen (Unsplash bzdhc5b3Bxs)","Photorealistic commercial photograph: Stage backdrop, podium wrap and lectern panels for a corporate event. Dubai setting where relevant, natural lighting, 16:9 crop. Fictional brand names only, no real logos, no Flash Print Solution branding.","work:event-stage"
"1293","assets/images/og/event-stage.jpg","1200","630","1.91:1","Social share preview (Facebook, WhatsApp, LinkedIn…) – JPG","/portfolio/","Conference stage with large printed backdrop and podium","Temporary stock","Teemu Paananen (Unsplash bzdhc5b3Bxs)","Same photo as above, cropped to 1200 × 630","work:event-stage"
"1294","assets/images/portfolio/reception-sign-640.webp","640","480","4:3","Portfolio – project photo (homepage + portfolio)","/portfolio/","Office reception area with lettering on the wall behind the desk","Temporary stock","Random Institute (Unsplash FDcydLvV7Io)","Photorealistic commercial photograph: Stand-off acrylic lettering on a feature wall behind the front desk. Dubai setting where relevant, natural lighting, 4:3 crop. Fictional brand names only, no real logos, no Flash Print Solution branding.","work:reception-sign"
"1295","assets/images/portfolio/reception-sign-1200.webp","1200","900","4:3","Portfolio – project photo (homepage + portfolio)","/portfolio/","Office reception area with lettering on the wall behind the desk","Temporary stock","Random Institute (Unsplash FDcydLvV7Io)","Photorealistic commercial photograph: Stand-off acrylic lettering on a feature wall behind the front desk. Dubai setting where relevant, natural lighting, 4:3 crop. Fictional brand names only, no real logos, no Flash Print Solution branding.","work:reception-sign"
"1296","assets/images/og/reception-sign.jpg","1200","630","1.91:1","Social share preview (Facebook, WhatsApp, LinkedIn…) – JPG","/portfolio/","Office reception area with lettering on the wall behind the desk","Temporary stock","Random Institute (Unsplash FDcydLvV7Io)","Same photo as above, cropped to 1200 × 630","work:reception-sign"
"1297","assets/images/portfolio/roll-labels-640.webp","640","480","4:3","Portfolio – project photo (homepage + portfolio)","/portfolio/","Skincare bottles with minimal printed labels on a neutral background","Temporary stock","pmv chamara (Unsplash inMtJzduxIg)","Photorealistic commercial photograph: Roll labels with a soft-touch laminate for a skincare range. Dubai setting where relevant, natural lighting, 4:3 crop. Fictional brand names only, no real logos, no Flash Print Solution branding.","work:roll-labels"
"1298","assets/images/portfolio/roll-labels-1200.webp","1200","900","4:3","Portfolio – project photo (homepage + portfolio)","/portfolio/","Skincare bottles with minimal printed labels on a neutral background","Temporary stock","pmv chamara (Unsplash inMtJzduxIg)","Photorealistic commercial photograph: Roll labels with a soft-touch laminate for a skincare range. Dubai setting where relevant, natural lighting, 4:3 crop. Fictional brand names only, no real logos, no Flash Print Solution branding.","work:roll-labels"
"1299","assets/images/og/roll-labels.jpg","1200","630","1.91:1","Social share preview (Facebook, WhatsApp, LinkedIn…) – JPG","/portfolio/","Skincare bottles with minimal printed labels on a neutral background","Temporary stock","pmv chamara (Unsplash inMtJzduxIg)","Same photo as above, cropped to 1200 × 630","work:roll-labels"
"1300","assets/images/portfolio/window-campaign-960.webp","960","540","16:9","Portfolio – project photo (homepage + portfolio)","/portfolio/","Retail store window with printed promotional graphics","Temporary stock","Eris Marasigan (Unsplash rgTvdYnlMBA)","Photorealistic commercial photograph: Printed window vinyl and hanging graphics for a retail unit. Dubai setting where relevant, natural lighting, 16:9 crop. Fictional brand names only, no real logos, no Flash Print Solution branding.","work:window-campaign"
"1301","assets/images/portfolio/window-campaign-1600.webp","1600","900","16:9","Portfolio – project photo (homepage + portfolio)","/portfolio/","Retail store window with printed promotional graphics","Temporary stock","Eris Marasigan (Unsplash rgTvdYnlMBA)","Photorealistic commercial photograph: Printed window vinyl and hanging graphics for a retail unit. Dubai setting where relevant, natural lighting, 16:9 crop. Fictional brand names only, no real logos, no Flash Print Solution branding.","work:window-campaign"
"1302","assets/images/og/window-campaign.jpg","1200","630","1.91:1","Social share preview (Facebook, WhatsApp, LinkedIn…) – JPG","/portfolio/","Retail store window with printed promotional graphics","Temporary stock","Eris Marasigan (Unsplash rgTvdYnlMBA)","Same photo as above, cropped to 1200 × 630","work:window-campaign"
"1303","assets/images/portfolio/company-profile-640.webp","640","480","4:3","Portfolio – project photo (homepage + portfolio)","/portfolio/","Printed company brochures and booklet spread open on a table","Temporary stock","Brando Makes Branding (Unsplash PjhOkwN0ruY)","Photorealistic commercial photograph: Perfect-bound company profile with matching tri-fold brochures. Dubai setting where relevant, natural lighting, 4:3 crop. Fictional brand names only, no real logos, no Flash Print Solution branding.","work:company-profile"
"1304","assets/images/portfolio/company-profile-1200.webp","1200","900","4:3","Portfolio – project photo (homepage + portfolio)","/portfolio/","Printed company brochures and booklet spread open on a table","Temporary stock","Brando Makes Branding (Unsplash PjhOkwN0ruY)","Photorealistic commercial photograph: Perfect-bound company profile with matching tri-fold brochures. Dubai setting where relevant, natural lighting, 4:3 crop. Fictional brand names only, no real logos, no Flash Print Solution branding.","work:company-profile"
"1305","assets/images/og/company-profile.jpg","1200","630","1.91:1","Social share preview (Facebook, WhatsApp, LinkedIn…) – JPG","/portfolio/","Printed company brochures and booklet spread open on a table","Temporary stock","Brando Makes Branding (Unsplash PjhOkwN0ruY)","Same photo as above, cropped to 1200 × 630","work:company-profile"
"1306","assets/images/portfolio/standee-promo-640.webp","640","800","4:5","Portfolio – project photo (homepage + portfolio)","/portfolio/","Free-standing promotional display near the entrance of a shop","Temporary stock","Chris Weiher (Unsplash MMYtcyI38O4)","Photorealistic commercial photograph: Free-standing printed display at the entrance of a store. Dubai setting where relevant, natural lighting, 4:5 crop. Fictional brand names only, no real logos, no Flash Print Solution branding.","work:standee-promo"
"1307","assets/images/portfolio/standee-promo-1000.webp","1000","1250","4:5","Portfolio – project photo (homepage + portfolio)","/portfolio/","Free-standing promotional display near the entrance of a shop","Temporary stock","Chris Weiher (Unsplash MMYtcyI38O4)","Photorealistic commercial photograph: Free-standing printed display at the entrance of a store. Dubai setting where relevant, natural lighting, 4:5 crop. Fictional brand names only, no real logos, no Flash Print Solution branding.","work:standee-promo"
"1308","assets/images/og/standee-promo.jpg","1200","630","1.91:1","Social share preview (Facebook, WhatsApp, LinkedIn…) – JPG","/portfolio/","Free-standing promotional display near the entrance of a shop","Temporary stock","Chris Weiher (Unsplash MMYtcyI38O4)","Same photo as above, cropped to 1200 × 630","work:standee-promo"
"1309","assets/images/portfolio/car-wrap-960.webp","960","540","16:9","Portfolio – project photo (homepage + portfolio)","/portfolio/","Car with a satin colour-change wrap parked in a studio","Temporary stock","Deniz Demirci (Unsplash 0UeHGWsFyHM)","Photorealistic commercial photograph: Satin wrap film applied panel by panel with trimmed edges. Dubai setting where relevant, natural lighting, 16:9 crop. Fictional brand names only, no real logos, no Flash Print Solution branding.","work:car-wrap"
"1310","assets/images/portfolio/car-wrap-1600.webp","1600","900","16:9","Portfolio – project photo (homepage + portfolio)","/portfolio/","Car with a satin colour-change wrap parked in a studio","Temporary stock","Deniz Demirci (Unsplash 0UeHGWsFyHM)","Photorealistic commercial photograph: Satin wrap film applied panel by panel with trimmed edges. Dubai setting where relevant, natural lighting, 16:9 crop. Fictional brand names only, no real logos, no Flash Print Solution branding.","work:car-wrap"
"1311","assets/images/og/car-wrap.jpg","1200","630","1.91:1","Social share preview (Facebook, WhatsApp, LinkedIn…) – JPG","/portfolio/","Car with a satin colour-change wrap parked in a studio","Temporary stock","Deniz Demirci (Unsplash 0UeHGWsFyHM)","Same photo as above, cropped to 1200 × 630","work:car-wrap"
"1312","assets/images/portfolio/wayfinding-640.webp","640","480","4:3","Portfolio – project photo (homepage + portfolio)","/portfolio/","Directional wayfinding sign on a wall in a modern building corridor","Temporary stock","Filipe Lourenço Marques (Unsplash pAoOSyIHoNA)","Photorealistic commercial photograph: Directional signs and level markers across a commercial building. Dubai setting where relevant, natural lighting, 4:3 crop. Fictional brand names only, no real logos, no Flash Print Solution branding.","work:wayfinding"
"1313","assets/images/portfolio/wayfinding-1200.webp","1200","900","4:3","Portfolio – project photo (homepage + portfolio)","/portfolio/","Directional wayfinding sign on a wall in a modern building corridor","Temporary stock","Filipe Lourenço Marques (Unsplash pAoOSyIHoNA)","Photorealistic commercial photograph: Directional signs and level markers across a commercial building. Dubai setting where relevant, natural lighting, 4:3 crop. Fictional brand names only, no real logos, no Flash Print Solution branding.","work:wayfinding"
"1314","assets/images/og/wayfinding.jpg","1200","630","1.91:1","Social share preview (Facebook, WhatsApp, LinkedIn…) – JPG","/portfolio/","Directional wayfinding sign on a wall in a modern building corridor","Temporary stock","Filipe Lourenço Marques (Unsplash pAoOSyIHoNA)","Same photo as above, cropped to 1200 × 630","work:wayfinding"
"1315","assets/images/portfolio/menu-set-640.webp","640","480","4:3","Portfolio – project photo (homepage + portfolio)","/portfolio/","Printed menu card on a café table beside a coffee cup","Temporary stock","Hyoshin Choi (Unsplash eIgwkkVW53o)","Photorealistic commercial photograph: Laminated menus, table tents and takeaway inserts for a café. Dubai setting where relevant, natural lighting, 4:3 crop. Fictional brand names only, no real logos, no Flash Print Solution branding.","work:menu-set"
"1316","assets/images/portfolio/menu-set-1200.webp","1200","900","4:3","Portfolio – project photo (homepage + portfolio)","/portfolio/","Printed menu card on a café table beside a coffee cup","Temporary stock","Hyoshin Choi (Unsplash eIgwkkVW53o)","Photorealistic commercial photograph: Laminated menus, table tents and takeaway inserts for a café. Dubai setting where relevant, natural lighting, 4:3 crop. Fictional brand names only, no real logos, no Flash Print Solution branding.","work:menu-set"
"1317","assets/images/og/menu-set.jpg","1200","630","1.91:1","Social share preview (Facebook, WhatsApp, LinkedIn…) – JPG","/portfolio/","Printed menu card on a café table beside a coffee cup","Temporary stock","Hyoshin Choi (Unsplash eIgwkkVW53o)","Same photo as above, cropped to 1200 × 630","work:menu-set"
"1318","assets/images/og/default.jpg","1200","630","","Default social share image (hero photo + white logo panel)","All pages without their own share image","","Official brand file","","",""
"1319","assets/brand/logo-horizontal-light.png","340","106","","Logo – header (for light backgrounds). Official logo – do not redesign","All pages","","Official brand file","","",""
"1320","assets/brand/logo-horizontal-dark.png","340","106","","Logo – footer (for dark backgrounds). Official logo – do not redesign","All pages","","Official brand file","","",""
"1321","assets/brand/logo-vertical-light.png","232","217","","Logo – vertical, light version (used in structured data)","—","","Official brand file","","",""
"1322","assets/brand/logo-vertical-dark.png","232","217","","Logo – vertical, dark version","—","","Official brand file","","",""
"1323","favicon.ico","32","32","1:1","Browser tab icon (light version)","All pages","","Official brand file","","",""
"1324","assets/brand/favicon-32.png","32","32","1:1","Browser tab icon (light version)","All pages","","Official brand file","","",""
"1325","assets/brand/favicon-48.png","48","48","1:1","Browser tab icon, larger (light version)","All pages","","Official brand file","","",""
"1326","assets/brand/apple-touch-icon.png","180","180","1:1","iPhone / iPad home-screen icon (light logo)","All pages","","Official brand file","","",""
"1327","assets/brand/favicon-192.png","192","192","1:1","Android home-screen icon (light logo)","All pages","","Official brand file","","",""
"1328","assets/brand/favicon-512.png","512","512","1:1","App / install icon (light logo)","All pages","","Official brand file","","",""
