Slot,Folder,File name pattern,Aspect ratio,Sizes (px wide),Role,Current source,Alt text,Used on,Custom image prompt
"pool:digital-press","website/assets/images/production/","digital-press-{width}.webp","4:3","640 + 1200","production","temporary stock (Unsplash)","Digital press output","","Photorealistic commercial photograph: Digital press output — freshly printed sheets leaving a production digital press. Clean, well-lit Dubai print workshop, 4:3 landscape. Fictional brand names only, no real logos, no Flash Print Solution branding."
"pool:offset-press","website/assets/images/production/","offset-press-{width}.webp","4:3","640 + 1200","production","temporary stock (Unsplash)","Offset press run","","Photorealistic commercial photograph: Offset press run — operator checking a sheet at an offset printing press. Clean, well-lit Dubai print workshop, 4:3 landscape. Fictional brand names only, no real logos, no Flash Print Solution branding."
"pool:large-format-printer","website/assets/images/production/","large-format-printer-{width}.webp","4:3","640 + 1200","production","temporary stock (Unsplash)","Wide-format inkjet printer printing a large graphic onto roll media","","Photorealistic commercial photograph: Wide-format inkjet printer printing a large graphic onto roll media. Clean, well-lit Dubai print workshop, 4:3 landscape. Fictional brand names only, no real logos, no Flash Print Solution branding."
"pool:finishing-cutting","website/assets/images/production/","finishing-cutting-{width}.webp","4:3","640 + 1200","production","temporary stock (Unsplash)","Trimming and cutting printed stacks on a guillotine in a print finishing area","","Photorealistic commercial photograph: Trimming and cutting printed stacks on a guillotine in a print finishing area. Clean, well-lit Dubai print workshop, 4:3 landscape. Fictional brand names only, no real logos, no Flash Print Solution branding."
"pool:binding","website/assets/images/production/","binding-{width}.webp","4:3","640 + 1200","production","temporary stock (Unsplash)","Booklet binding / stitching and folding of multi-page printed documents","","Photorealistic commercial photograph: Booklet binding / stitching and folding of multi-page printed documents. Clean, well-lit Dubai print workshop, 4:3 landscape. Fictional brand names only, no real logos, no Flash Print Solution branding."
"pool:foil-embossing","website/assets/images/production/","foil-embossing-{width}.webp","4:3","640 + 1200","production","temporary stock (Unsplash)","Hot-foil stamping or embossing detail being applied to card stock","","Photorealistic commercial photograph: Hot-foil stamping or embossing detail being applied to card stock. Clean, well-lit Dubai print workshop, 4:3 landscape. Fictional brand names only, no real logos, no Flash Print Solution branding."
"pool:vinyl-plotter","website/assets/images/production/","vinyl-plotter-{width}.webp","4:3","640 + 1200","production","temporary stock (Unsplash)","Vinyl cutting plotter cutting lettering/shapes from coloured vinyl, then weeding","","Photorealistic commercial photograph: Vinyl cutting plotter cutting lettering/shapes from coloured vinyl, then weeding. Clean, well-lit Dubai print workshop, 4:3 landscape. Fictional brand names only, no real logos, no Flash Print Solution branding."
"pool:vinyl-installation","website/assets/images/production/","vinyl-installation-{width}.webp","4:3","640 + 1200","production","temporary stock (Unsplash)","Installer applying printed vinyl film to glass or wall with a squeegee","","Photorealistic commercial photograph: Installer applying printed vinyl film to glass or wall with a squeegee. Clean, well-lit Dubai print workshop, 4:3 landscape. Fictional brand names only, no real logos, no Flash Print Solution branding."
"pool:sign-fabrication","website/assets/images/production/","sign-fabrication-{width}.webp","4:3","640 + 1200","production","temporary stock (Unsplash)","Workshop fabrication of signage","","Photorealistic commercial photograph: Workshop fabrication of signage — acrylic, aluminium composite panels and letters. Clean, well-lit Dubai print workshop, 4:3 landscape. Fictional brand names only, no real logos, no Flash Print Solution branding."
"pool:sign-installation","website/assets/images/production/","sign-installation-{width}.webp","4:3","640 + 1200","production","temporary stock (Unsplash)","Installation team fixing a sign board on a building facade using ladders/lift","","Photorealistic commercial photograph: Installation team fixing a sign board on a building facade using ladders/lift. Clean, well-lit Dubai print workshop, 4:3 landscape. Fictional brand names only, no real logos, no Flash Print Solution branding."
"pool:laser-cutter","website/assets/images/production/","laser-cutter-{width}.webp","4:3","640 + 1200","production","temporary stock (Unsplash)","CO2 laser cutter cutting or engraving acrylic / wood sheet in the workshop","","Photorealistic commercial photograph: CO2 laser cutter cutting or engraving acrylic / wood sheet in the workshop. Clean, well-lit Dubai print workshop, 4:3 landscape. Fictional brand names only, no real logos, no Flash Print Solution branding."
"pool:screen-printing","website/assets/images/production/","screen-printing-{width}.webp","4:3","640 + 1200","production","temporary stock (Unsplash)","Screen printing garments","","Photorealistic commercial photograph: Screen printing garments — squeegee pulling ink through a mesh screen. Clean, well-lit Dubai print workshop, 4:3 landscape. Fictional brand names only, no real logos, no Flash Print Solution branding."
"pool:embroidery","website/assets/images/production/","embroidery-{width}.webp","4:3","640 + 1200","production","temporary stock (Unsplash)","Multi-head embroidery machine stitching a logo onto a garment or cap","","Photorealistic commercial photograph: Multi-head embroidery machine stitching a logo onto a garment or cap. Clean, well-lit Dubai print workshop, 4:3 landscape. Fictional brand names only, no real logos, no Flash Print Solution branding."
"pool:heat-press","website/assets/images/production/","heat-press-{width}.webp","4:3","640 + 1200","production","temporary stock (Unsplash)","Heat press transferring a printed design (DTF / heat transfer) onto fabric","","Photorealistic commercial photograph: Heat press transferring a printed design (DTF / heat transfer) onto fabric. Clean, well-lit Dubai print workshop, 4:3 landscape. Fictional brand names only, no real logos, no Flash Print Solution branding."
"pool:packaging-production","website/assets/images/production/","packaging-production-{width}.webp","4:3","640 + 1200","production","temporary stock (Unsplash)","Packaging production","","Photorealistic commercial photograph: Packaging production — die-cut cartons being folded, glued and checked. Clean, well-lit Dubai print workshop, 4:3 landscape. Fictional brand names only, no real logos, no Flash Print Solution branding."
"pool:label-printing","website/assets/images/production/","label-printing-{width}.webp","4:3","640 + 1200","production","temporary stock (Unsplash)","Roll label printing and slitting","","Photorealistic commercial photograph: Roll label printing and slitting — labels on a roll passing through a press. Clean, well-lit Dubai print workshop, 4:3 landscape. Fictional brand names only, no real logos, no Flash Print Solution branding."
"pool:design-studio","website/assets/images/production/","design-studio-{width}.webp","4:3","640 + 1200","production","temporary stock (Unsplash)","Designer preparing print artwork on a large monitor with colour swatches nearby","","Photorealistic commercial photograph: Designer preparing print artwork on a large monitor with colour swatches nearby. Clean, well-lit Dubai print workshop, 4:3 landscape. Fictional brand names only, no real logos, no Flash Print Solution branding."
"pool:quality-check","website/assets/images/production/","quality-check-{width}.webp","4:3","640 + 1200","production","temporary stock (Unsplash)","Quality control","","Photorealistic commercial photograph: Quality control — checking a printed proof against a colour swatch under lighting. Clean, well-lit Dubai print workshop, 4:3 landscape. Fictional brand names only, no real logos, no Flash Print Solution branding."
"pool:vehicle-wrap-install","website/assets/images/production/","vehicle-wrap-install-{width}.webp","4:3","640 + 1200","production","temporary stock (Unsplash)","Installer applying wrap film to a vehicle panel with a heat gun and squeegee","","Photorealistic commercial photograph: Installer applying wrap film to a vehicle panel with a heat gun and squeegee. Clean, well-lit Dubai print workshop, 4:3 landscape. Fictional brand names only, no real logos, no Flash Print Solution branding."
"pool:promo-branding","website/assets/images/production/","promo-branding-{width}.webp","4:3","640 + 1200","production","temporary stock (Unsplash)","Branding promotional items","","Photorealistic commercial photograph: Branding promotional items — pad printing / engraving logos on merchandise. Clean, well-lit Dubai print workshop, 4:3 landscape. Fictional brand names only, no real logos, no Flash Print Solution branding."
"cat:business-stationery","website/assets/images/categories/","business-stationery-printing-dubai-{width}.webp","3:2","768 + 1280","","temporary stock (Unsplash)","Matching business cards, letterhead, envelope and presentation folder arranged on a light oak desk","/business-stationery-printing-dubai/","Realistic commercial photograph of a coordinated business stationery set: business cards, A4 letterhead, DL envelope and presentation folder in navy and white, arranged on a light oak desk in a bright Dubai office, soft daylight, overhead three-quarter angle, fictional brand name, no real logos, no Flash Print Solution branding."
"cat:marketing-promotional","website/assets/images/categories/","marketing-promotional-printing-dubai-{width}.webp","3:2","768 + 1280","","temporary stock (Unsplash)","Printed flyers, a folded brochure and a product catalogue spread across a studio table","/marketing-promotional-printing-dubai/","Realistic commercial photograph of a coordinated set of marketing print: A5 flyers, an open tri-fold brochure, a perfect-bound catalogue and a small poster, spread across a white studio table, bright even lighting, overhead angle, cohesive colour palette, fictional brand name, no real logos, no Flash Print Solution branding."
"card:danglers","website/assets/images/products/catalog-items/","danglers-{width}.webp","4:3","640 + 1200","","temporary stock (Unsplash)","Double-sided promotional danglers hanging from a supermarket ceiling above an aisle","/marketing-promotional-printing-dubai/","Realistic commercial photograph of several die-cut, double-sided promotional danglers hanging on clear threads from the ceiling above a bright supermarket aisle in Dubai, colourful offer graphics, shelves softly blurred below, wide-angle view, fictional brand name, no real logos, no Flash Print Solution branding."
"cat:large-format","website/assets/images/categories/","large-format-printing-dubai-{width}.webp","3:2","768 + 1280","","temporary stock (Unsplash)","Wide printed promotional banner fixed above a modern retail shopfront on a sunny street","/large-format-printing-dubai/","Realistic commercial photograph of a wide full-colour promotional banner fixed above a modern retail shopfront in Dubai, bright afternoon sun, clean pavement, straight-on eye-level angle, crisp saturated colours, palm tree edge of frame, fictional brand name, no real logos, no Flash Print Solution branding."
"card:foam-board-printing","website/assets/images/products/catalog-items/","foam-board-printing-{width}.webp","4:3","640 + 1200","","temporary stock (Unsplash)","Printed foam board welcome sign on a wooden easel at an indoor event entrance","/large-format-printing-dubai/","Realistic commercial photograph of a printed white foam board welcome sign on a light wooden easel at a hotel event entrance in Dubai, soft warm indoor lighting, shallow depth of field, three-quarter angle, clean modern typography, fictional brand name, no real logos, no Flash Print Solution branding."
"card:one-way-vision","website/assets/images/products/catalog-items/","one-way-vision-{width}.webp","4:3","640 + 1200","","temporary stock (Unsplash)","Shop window covered in perforated one-way vision film showing a colourful printed graphic","/large-format-printing-dubai/","Realistic commercial photograph of a street-level shop window in Dubai covered with a full-colour perforated one-way vision graphic, daylight, slight angle showing the fine perforation texture, glass door beside it, clean facade, fictional brand name, no real logos, no Flash Print Solution branding."
"cat:outdoor-signage","website/assets/images/categories/","outdoor-signage-dubai-{width}.webp","3:2","768 + 1280","","temporary stock (Unsplash)","Illuminated 3D letter sign on a dark fascia above a modern shopfront at dusk","/outdoor-signage-dubai/","Realistic commercial photograph of a modern retail shopfront in Dubai at dusk with glowing front-lit 3D letters on a dark grey ACP fascia, warm interior light through the glass, clean pavement, straight-on eye-level view, fictional brand name, no real logos, no Flash Print Solution branding."
"cat:corporate-gifts","website/assets/images/categories/","corporate-gifts-dubai-{width}.webp","3:2","768 + 1280","","temporary stock (Unsplash)","Corporate gift set with branded mug, navy diary, USB drive and keychain in a box","/corporate-gifts-dubai/","Realistic commercial product photograph of a corporate gift set in an open black rigid box: white mug, navy PU diary with debossed logo, metal USB drive and keychain, on a light oak desk in a Dubai office, soft window light, 45-degree angle, fictional brand name, no real logos, no Flash Print Solution branding."
"card:keychains","website/assets/images/products/catalog-items/","keychains-{width}.webp","4:3","640 + 1200","","temporary stock (Unsplash)","Assorted metal and wooden keychains with engraved fictional logos laid on a grey surface","/corporate-gifts-dubai/","Realistic product photograph of assorted branded keychains, brushed metal rectangles and bamboo tags with laser-engraved fictional logos, arranged on a matte grey surface, soft diffused studio light, top-down angle, fictional brand name, no real logos, no Flash Print Solution branding."
"cat:event-exhibition","website/assets/images/categories/","event-printing-dubai-{width}.webp","3:2","768 + 1280","","temporary stock (Unsplash)","Exhibition hall with fabric-walled stands and printed hanging banners for fictional companies","/event-printing-dubai/","Realistic photograph of a busy exhibition hall in Dubai with several stands dressed in printed tension fabric walls, fascia name boards and hanging fabric banners for fictional technology companies, visitors walking the aisles, bright hall lighting, elevated wide angle, fictional brand name, no real logos, no Flash Print Solution branding."
"card:directional-signage","website/assets/images/products/catalog-items/","directional-signage-{width}.webp","4:3","640 + 1200","","temporary stock (Unsplash)","Freestanding printed arrow sign directing guests to a conference hall in a hotel corridor","/event-printing-dubai/","Realistic photograph of a freestanding printed foamex directional sign with arrows and bilingual English and Arabic text pointing guests to a conference hall for a fictional summit, standing in a carpeted Dubai hotel corridor, warm ambient lighting, eye-level angle, fictional brand name, no real logos, no Flash Print Solution branding."
"cat:indoor-signage","website/assets/images/categories/","indoor-signage-dubai-{width}.webp","3:2","768 + 1280","","temporary stock (Unsplash)","Brushed steel company logo on a dark stone wall behind a white office reception desk","/indoor-signage-dubai/","Realistic commercial photograph of a modern Dubai office reception with a brushed stainless steel logo mounted on stand-off pins on a dark stone wall behind a white reception desk, soft warm downlighting, straight-on eye-level view, fictional brand name, no real logos, no Flash Print Solution branding"
"card:foam-board-signs","website/assets/images/products/catalog-items/","foam-board-signs-{width}.webp","4:3","640 + 1200","","temporary stock (Unsplash)","Printed foam board welcome sign on a black easel at a corporate event entrance","/indoor-signage-dubai/","Realistic photograph of a printed white foam board welcome sign on a black easel at the entrance of a corporate event space in Dubai, clean full-colour graphics and crisp cut edges, soft natural light, three-quarter angle, fictional brand name, no real logos, no Flash Print Solution branding"
"cat:branding-identity","website/assets/images/categories/","branding-corporate-identity-dubai-{width}.webp","3:2","768 + 1280","","temporary stock (Unsplash)","Matching business cards, letterhead, folder and envelope for a fictional consultancy on a desk","/branding-corporate-identity-dubai/","Realistic overhead photograph of a coordinated corporate identity set for a fictional consultancy, business cards, letterhead, DL envelope, presentation folder and notepad in deep green and cream with gold foil logo, arranged on a light oak desk in a Dubai office, soft window light, fictional brand name, no real logos, no Flash Print Solution branding."
"card:brand-manuals","website/assets/images/products/catalog-items/","brand-manuals-{width}.webp","4:3","640 + 1200","","temporary stock (Unsplash)","Open wire-bound brand manual showing colour swatches and logo usage pages","/branding-corporate-identity-dubai/","Realistic photograph of an open A4 landscape wire-bound brand manual for a fictional hospitality group, pages showing colour swatches, typography samples and logo spacing rules, resting on a white desk beside a pen, soft studio daylight, slight overhead angle, fictional brand name, no real logos, no Flash Print Solution branding."
"cat:vehicle-branding","website/assets/images/categories/","vehicle-branding-dubai-{width}.webp","3:2","768 + 1280","","temporary stock (Unsplash)","Row of white panel vans with matching blue and green courier livery","/vehicle-branding-dubai/","Realistic commercial photograph of four white panel vans parked in a row outside a modern Dubai business park, each with matching blue and green partial wrap graphics for a fictional courier company, late afternoon light, three-quarter angle, crisp detail, fictional brand name, no real logos, no Flash Print Solution branding."
"card:car-stickers","website/assets/images/products/catalog-items/","car-stickers-{width}.webp","4:3","640 + 1200","","temporary stock (Unsplash)","Hand applying white cut vinyl lettering with a fictional phone number to a car door","/vehicle-branding-dubai/","Realistic close-up photograph of a hand pressing white cut vinyl lettering onto the door of a dark grey hatchback using a felt squeegee, showing a fictional company name and phone number, soft daylight in a shaded garage, shallow depth of field, fictional brand name, no real logos, no Flash Print Solution branding."
"cat:stickers-labels","website/assets/images/categories/","sticker-label-printing-dubai-{width}.webp","3:2","768 + 1280","","temporary stock (Unsplash)","Assorted custom stickers and roll labels in different shapes spread across a light wooden table","/sticker-label-printing-dubai/","Realistic commercial flat-lay photograph of assorted custom stickers, die-cut logo stickers, clear seals and a roll of product labels arranged on a pale oak table in a bright Dubai studio, soft diffused daylight, top-down angle, fictional brand name, no real logos, no Flash Print Solution branding."
"cat:apparel","website/assets/images/categories/","apparel-fabric-printing-dubai-{width}.webp","3:2","768 + 1280","","temporary stock (Unsplash)","Folded printed t-shirts, embroidered polo shirts and a hoodie stacked on a workshop table","/apparel-fabric-printing-dubai/","Realistic commercial photograph of neatly folded branded apparel on a workshop table: printed black and white t-shirts, navy polo shirts with embroidered chest logos and a grey hoodie, soft overhead light, 45-degree angle, fictional brand name, no real logos, no Flash Print Solution branding."
"card:doctor-cap-and-coat","website/assets/images/products/catalog-items/","doctor-cap-and-coat-{width}.webp","4:3","640 + 1200","","temporary stock (Unsplash)","White lab coat with an embroidered fictional clinic logo on the chest pocket","/apparel-fabric-printing-dubai/","Realistic product photograph of a white poly-cotton doctor's lab coat on a hanger, with a navy embroidered fictional clinic logo and name above the chest pocket, clean white clinic backdrop, soft even light, front angle, fictional brand name, no real logos, no Flash Print Solution branding."
"card:doctor-uniform-medical-scrubs","website/assets/images/products/catalog-items/","doctor-uniform-medical-scrubs-{width}.webp","4:3","640 + 1200","","temporary stock (Unsplash)","Teal medical scrubs with a small embroidered fictional logo folded on a counter","/apparel-fabric-printing-dubai/","Realistic product photograph of a folded teal medical scrub top and trousers with a small white embroidered fictional clinic logo on the chest, placed on a clean clinic counter, bright soft daylight, top-down angle, fictional brand name, no real logos, no Flash Print Solution branding."
"card:hoodies","website/assets/images/products/catalog-items/","hoodies-{width}.webp","4:3","640 + 1200","","temporary stock (Unsplash)","Grey pullover hoodie with a printed fictional logo on the chest on a rail","/apparel-fabric-printing-dubai/","Realistic product photograph of a heather grey pullover hoodie with a printed navy fictional logo on the chest, hanging on a wooden clothes rail against a white brick wall, soft natural light, front angle, fictional brand name, no real logos, no Flash Print Solution branding."
"card:polo-shirts","website/assets/images/products/catalog-items/","polo-shirts-{width}.webp","4:3","640 + 1200","","temporary stock (Unsplash)","Navy pique polo shirt with a white embroidered fictional logo on the left chest","/apparel-fabric-printing-dubai/","Realistic product photograph of a folded navy pique cotton polo shirt with a white embroidered fictional logo on the left chest, on a light grey surface, soft studio lighting, slight top-down angle, fictional brand name, no real logos, no Flash Print Solution branding."
"cat:packaging","website/assets/images/categories/","packaging-printing-dubai-{width}.webp","3:2","768 + 1280","","temporary stock (Unsplash)","Printed gift boxes, a laminated carrier bag and kraft bags with swing tags on display","/packaging-printing-dubai/","Realistic commercial photograph of a coordinated packaging set for a fictional fragrance brand: rigid gift box, folding carton, laminated paper carrier bag, kraft bag and foil swing tag arranged on a light stone display table, soft studio daylight, three-quarter angle, fictional brand name, no real logos, no Flash Print Solution branding."
"cat:safety-industrial","website/assets/images/categories/","safety-industrial-printing-dubai-{width}.webp","3:2","768 + 1280","","temporary stock (Unsplash)","Yellow warning and blue mandatory safety signs fixed to a warehouse wall beside pallet racking","/safety-industrial-printing-dubai/","Realistic commercial photograph of a clean warehouse wall with neatly mounted yellow warning, red prohibition and blue mandatory safety signs on white PVC boards, pallet racking and a yellow floor walkway line beside it, cool daylight from high windows, wide eye-level view, fictional brand name, no real logos, no Flash Print Solution branding."
"card:construction-boards","website/assets/images/products/catalog-items/","construction-boards-{width}.webp","4:3","640 + 1200","","temporary stock (Unsplash)","Printed site rules board cable-tied to temporary mesh fencing in a sandy yard","/safety-industrial-printing-dubai/","Realistic commercial photograph of a white printed ACP board listing site rules and hazard icons, cable-tied to temporary mesh fencing at a sandy Dubai laydown yard, stacked materials behind, bright late-afternoon sun, three-quarter angle at eye level, fictional brand name, no real logos, no Flash Print Solution branding."
"card:floor-stickers","website/assets/images/products/catalog-items/","floor-stickers-{width}.webp","4:3","640 + 1200","","temporary stock (Unsplash)","Yellow anti-slip floor sticker with a walking figure on a grey warehouse floor","/safety-industrial-printing-dubai/","Realistic commercial photograph of a yellow and black anti-slip floor sticker showing a pedestrian symbol and arrow on a polished grey epoxy warehouse floor, forklift softly out of focus in the background, even overhead lighting, low camera angle close to the floor, fictional brand name, no real logos, no Flash Print Solution branding."
"cat:laser-engraving","website/assets/images/categories/","laser-cutting-engraving-dubai-{width}.webp","3:2","768 + 1280","","temporary stock (Unsplash)","Laser-cut acrylic letters, engraved wooden plaque and metal name plate arranged on a workbench","/laser-cutting-engraving-dubai/","Realistic commercial photograph of laser-cut products on a workshop bench: glossy black and mirror-gold acrylic letters, an engraved walnut plaque and a brushed steel name plate, soft overhead workshop light, 45-degree angle, fictional brand name, no real logos, no Flash Print Solution branding."
"card:mdf-cutting","website/assets/images/products/catalog-items/","mdf-cutting-{width}.webp","4:3","640 + 1200","","temporary stock (Unsplash)","Laser-cut MDF letters and decorative shapes with darkened edges stacked on a bench","/laser-cutting-engraving-dubai/","Realistic commercial photograph of laser-cut 6 mm MDF letters and geometric decorative panels with darkened cut edges, stacked on a workshop bench beside an offcut sheet, warm soft light, three-quarter angle, fictional brand name, no real logos, no Flash Print Solution branding."
"cat:pos-retail","website/assets/images/categories/","pos-retail-display-printing-dubai-{width}.webp","3:2","768 + 1280","","temporary stock (Unsplash)","Supermarket aisle with printed end-cap header, shelf strips and wobblers for a snack brand","/pos-retail-display-printing-dubai/","Realistic retail photograph of a bright supermarket aisle end with a printed header board, red shelf-edge strips, circular wobblers and a cut-out standee promoting a fictional snack brand, neatly stocked shelves, even store lighting, eye-level angle from the main walkway, fictional brand name, no real logos, no Flash Print Solution branding."
"cat:wall-floor-glass","website/assets/images/categories/","wall-floor-glass-branding-dubai-{width}.webp","3:2","768 + 1280","","temporary stock (Unsplash)","Glass meeting room with a frosted film band and cut logo in a bright office","/wall-floor-glass-branding-dubai/","Realistic commercial photograph of a glass-walled meeting room in a bright Dubai office, frosted film band at eye level with a clear cut-out logo, colourful printed wall mural visible behind, polished floor, natural daylight, wide three-quarter view, fictional brand name, no real logos, no Flash Print Solution branding"
"cat:construction-site","website/assets/images/categories/","construction-site-printing-dubai-{width}.webp","3:2","768 + 1280","","temporary stock (Unsplash)","Printed hoarding with a building render and safety messages along a construction site","/construction-site-printing-dubai/","Realistic commercial photograph of a long printed construction hoarding along a Dubai pavement, showing a residential tower render and simple safety messages, tower cranes rising behind, clear blue sky and bright afternoon sun, wide street-level angle, fictional brand name, no real logos, no Flash Print Solution branding."
"cat:interior-graphics","website/assets/images/categories/","architectural-interior-graphics-dubai-{width}.webp","3:2","768 + 1280","","temporary stock (Unsplash)","Hotel corridor with custom printed geometric wallpaper and framed canvas artwork","/architectural-interior-graphics-dubai/","Realistic interior photograph of a Dubai hotel corridor lined with custom printed geometric wallpaper in muted gold and teal, framed canvas artworks between guest room doors, warm wall-washer lighting, carpeted floor, one-point perspective, fictional brand name, no real logos, no Flash Print Solution branding"
"cat:educational","website/assets/images/categories/","educational-institutional-printing-dubai-{width}.webp","3:2","768 + 1280","","temporary stock (Unsplash)","Printed graduation certificates, student ID cards and a bound training manual arranged on a desk","/educational-institutional-printing-dubai/","Realistic commercial photograph of school print materials on a light oak desk: cream certificates with gold foil seals, white PVC student ID cards on blue lanyards and a wire-bound training manual. Soft window daylight, three-quarter overhead angle, shallow depth of field. Fictional brand name, no real logos, no Flash Print Solution branding."
"cat:hospitality","website/assets/images/categories/","hospitality-printing-dubai-{width}.webp","3:2","768 + 1280","","temporary stock (Unsplash)","Restaurant table set with printed menus, a table mat and a tent card","/hospitality-printing-dubai/","Realistic commercial photograph of a hotel restaurant table in Dubai set with a laminated printed menu, a paper table mat and a small tent card, soft warm evening light, cutlery and glassware, shallow depth of field, three-quarter overhead angle, fictional brand name, no real logos, no Flash Print Solution branding."
"card:room-signage","website/assets/images/products/catalog-items/","room-signage-{width}.webp","4:3","640 + 1200","","temporary stock (Unsplash)","Brushed metal hotel room number plate mounted beside a wooden door in a corridor","/hospitality-printing-dubai/","Realistic commercial photograph of a brushed aluminium room number plate with engraved numerals mounted beside a dark wooden door in a quiet hotel corridor in Dubai, warm wall-light glow, carpeted floor, eye-level three-quarter angle, fictional brand name, no real logos, no Flash Print Solution branding."
"cat:healthcare-medical","website/assets/images/categories/","healthcare-medical-printing-dubai-{width}.webp","3:2","768 + 1280","","temporary stock (Unsplash)","Clinic corridor with bilingual department signs and a patient information board","/healthcare-medical-printing-dubai/","Realistic commercial photograph of a bright, modern Dubai clinic corridor with white acrylic bilingual department signs, a projecting corridor sign and a wall-mounted patient information board, pale floors and soft daylight, calm atmosphere, wide eye-level perspective, fictional brand name, no real logos, no Flash Print Solution branding."
"cat:government-compliance","website/assets/images/categories/","government-compliance-printing-dubai-{width}.webp","3:2","768 + 1280","","temporary stock (Unsplash)","Bilingual building identification board in brushed aluminium at a facility entrance","/government-compliance-printing-dubai/","Realistic commercial photograph of a brushed aluminium building identification board with English and Arabic lettering and a building number for a fictional facility, mounted beside a glass entrance of a modern Dubai office building, clean paving, soft morning light, eye-level three-quarter angle, fictional brand name, no real logos, no Flash Print Solution branding."
"cat:sticker-materials","website/assets/images/categories/","sticker-materials-dubai-{width}.webp","3:2","768 + 1280","","temporary stock (Unsplash)","Sticker material samples in paper, clear film, vinyl and reflective sheet fanned across a table","/sticker-materials-dubai/","Realistic commercial photograph of sticker material swatches fanned out on a light grey table: kraft paper, semi-gloss paper, clear film, white vinyl, silver reflective sheet and a flexible magnet, soft studio daylight, top-down angle, fictional brand name, no real logos, no Flash Print Solution branding."
"cat:fabrication-installation","website/assets/images/categories/","fabrication-installation-services-dubai-{width}.webp","3:2","768 + 1280","","temporary stock (Unsplash)","Installation team fixing illuminated letters to a shopfront fascia from a mobile platform","/fabrication-installation-services-dubai/","Realistic commercial photograph of two installers on a mobile elevated platform fixing illuminated acrylic letters to a modern shopfront fascia in a Dubai retail street, late afternoon light, hi-vis vests, low angle looking up. Fictional brand name, no real logos, no Flash Print Solution branding."
"card:sticker-fixing","website/assets/images/products/catalog-items/","sticker-fixing-{width}.webp","4:3","640 + 1200","","temporary stock (Unsplash)","Installer applying a white vinyl logo sticker to a glass office door with a squeegee","/fabrication-installation-services-dubai/","Realistic close-up commercial photograph of an installer's hands applying a white cut-vinyl logo to a glass office door with a felt-edged squeegee, application tape half peeled, bright modern Dubai office interior softly blurred behind. Fictional brand name, no real logos, no Flash Print Solution branding."
"cat:design-creative","website/assets/images/categories/","design-creative-services-dubai-{width}.webp","3:2","768 + 1280","","temporary stock (Unsplash)","Designer working on print artwork at a large monitor with colour swatches on the desk","/design-creative-services-dubai/","Realistic photograph of a designer preparing brochure and signage artwork on a large monitor in a bright Dubai studio, printed proofs and Pantone-style colour swatch fans on the desk, soft daylight, over-the-shoulder angle, fictional brand name, no real logos, no Flash Print Solution branding."
"card:sign-maintenance","website/assets/images/products/catalog-items/","sign-maintenance-{width}.webp","4:3","640 + 1200","","temporary stock (Unsplash)","Technician on a ladder cleaning and inspecting an illuminated shop front sign","/design-creative-services-dubai/","Realistic photograph of a technician on a ladder cleaning and inspecting an illuminated shop front sign with fictional lettering on a Dubai street, safety harness and tool bag visible, bright daytime light, low angle, fictional brand name, no real logos, no Flash Print Solution branding."
"cat:maintenance-replacement","website/assets/images/categories/","maintenance-replacement-services-dubai-{width}.webp","3:2","768 + 1280","","temporary stock (Unsplash)","Technician replacing a faded printed face on an illuminated shop light box sign","/maintenance-replacement-services-dubai/","Realistic commercial photograph of a technician on a ladder removing a sun-faded printed face from an illuminated light box sign above a small Dubai shopfront, new bright face panel leaning against the ladder, clear morning light, medium-wide angle. Fictional brand name, no real logos, no Flash Print Solution branding."
"p:gold-foil-business-card-printing-dubai:hero","website/assets/images/products/gold-foil-business-card-printing-dubai/","gold-foil-business-card-printing-dubai-hero-{width}.webp","4:3","640 + 1200","hero","temporary stock (Unsplash)","Black business cards with gold foil lettering fanned out on white marble","/gold-foil-business-card-printing-dubai/","Realistic commercial product photograph of thick black business cards with shiny gold foil lettering and a foil logo, fanned out on a white marble surface, soft studio lighting with a gentle highlight on the foil, top-down angle, fictional brand name, no real logos, no Flash Print Solution branding."
"p:gold-foil-business-card-printing-dubai:detail","website/assets/images/products/gold-foil-business-card-printing-dubai/","gold-foil-business-card-printing-dubai-detail-{width}.webp","4:3","640 + 1200","detail","temporary stock (Unsplash)","Macro view of a gold foil logo pressed into black soft-touch card","/gold-foil-business-card-printing-dubai/","Macro commercial photograph of a hot-foil stamped gold logo pressed into black soft-touch card, showing the slight impression and reflective foil edge, raking light across the surface, very shallow depth of field, fictional brand name, no real logos, no Flash Print Solution branding."
"p:gold-foil-business-card-printing-dubai:application","website/assets/images/products/gold-foil-business-card-printing-dubai/","gold-foil-business-card-printing-dubai-application-{width}.webp","4:3","640 + 1200","application","temporary stock (Unsplash)","Hand holding a gold foil business card at a hotel reception desk","/gold-foil-business-card-printing-dubai/","Realistic photograph of a hand presenting a navy business card with gold foil details at a polished hotel reception desk in Dubai, warm ambient lighting, blurred lobby in the background, eye-level angle, fictional brand name, no real logos, no Flash Print Solution branding."
"p:gold-foil-business-card-printing-dubai:production","website/assets/images/products/gold-foil-business-card-printing-dubai/","gold-foil-business-card-printing-dubai-production-{width}.webp","4:3","640 + 1200","production","temporary stock — shared production photo (pool:foil-embossing)","Hot-foil stamping or embossing detail being applied to card stock","/gold-foil-business-card-printing-dubai/","Photorealistic commercial photograph of business cards and gold foil production: Hot-foil stamping or embossing detail being applied to card stock. Clean, well-lit Dubai print workshop, 4:3 landscape. Fictional brand names only, no real logos, no Flash Print Solution branding."
"p:business-card-printing-dubai:hero","website/assets/images/products/business-card-printing-dubai/","business-card-printing-dubai-hero-{width}.webp","4:3","640 + 1200","hero","temporary stock (Unsplash)","Stack of white business cards with navy print on a grey stone desk","/business-card-printing-dubai/","Realistic commercial product photograph of a neat stack of white 90 × 50 mm business cards with navy typography, one card angled on top, on a grey stone desk, soft diffused daylight, shallow depth of field, three-quarter angle, fictional brand name, no real logos, no Flash Print Solution branding."
"p:business-card-printing-dubai:detail","website/assets/images/products/business-card-printing-dubai/","business-card-printing-dubai-detail-{width}.webp","4:3","640 + 1200","detail","temporary stock (Unsplash)","Close-up of a soft-touch business card edge showing rounded corners and fine print","/business-card-printing-dubai/","Macro commercial photograph of a soft-touch laminated business card with rounded corners, showing crisp small typography and the clean trimmed edge, raking side light revealing the velvety surface, neutral background, fictional brand name, no real logos, no Flash Print Solution branding."
"p:business-card-printing-dubai:application","website/assets/images/products/business-card-printing-dubai/","business-card-printing-dubai-application-{width}.webp","4:3","640 + 1200","application","temporary stock (Unsplash)","Two professionals exchanging business cards across a meeting table in a bright office","/business-card-printing-dubai/","Realistic photograph of two professionals exchanging a business card across a meeting table in a bright Dubai office with city views through the window, natural light, focus on hands and card, candid corporate mood, fictional brand name, no real logos, no Flash Print Solution branding."
"p:business-card-printing-dubai:production","website/assets/images/products/business-card-printing-dubai/","business-card-printing-dubai-production-{width}.webp","4:3","640 + 1200","production","temporary stock — shared production photo (pool:digital-press)","Digital press output","/business-card-printing-dubai/","Photorealistic commercial photograph of business cards basic production: Digital press output — freshly printed sheets leaving a production digital press. Clean, well-lit Dubai print workshop, 4:3 landscape. Fictional brand names only, no real logos, no Flash Print Solution branding."
"p:envelope-printing-dubai:hero","website/assets/images/products/envelope-printing-dubai/","envelope-printing-dubai-hero-{width}.webp","4:3","640 + 1200","hero","temporary stock (Unsplash)","White DL window envelopes with a small green logo stacked on a desk","/envelope-printing-dubai/","Realistic commercial product photograph of a stack of white DL window envelopes printed with a small green logo and return address, on a pale wooden desk beside folded letters, soft daylight, three-quarter angle, fictional brand name, no real logos, no Flash Print Solution branding."
"p:envelope-printing-dubai:detail","website/assets/images/products/envelope-printing-dubai/","envelope-printing-dubai-detail-{width}.webp","4:3","640 + 1200","detail","temporary stock (Unsplash)","Close-up of a kraft envelope flap with a printed return address","/envelope-printing-dubai/","Macro commercial photograph of a brown kraft envelope flap printed with a dark one-colour logo and return address, peel-and-seal strip partly lifted, natural side light showing paper fibres, fictional brand name, no real logos, no Flash Print Solution branding."
"p:envelope-printing-dubai:application","website/assets/images/products/envelope-printing-dubai/","envelope-printing-dubai-application-{width}.webp","4:3","640 + 1200","application","temporary stock (Unsplash)","Office assistant sealing printed envelopes beside a stack of folded letters","/envelope-printing-dubai/","Realistic photograph of an office assistant sealing branded DL envelopes at a desk in a Dubai office, a stack of folded letters and a tray of finished envelopes nearby, bright natural light, medium shot focused on hands, fictional brand name, no real logos, no Flash Print Solution branding."
"p:envelope-printing-dubai:production","website/assets/images/products/envelope-printing-dubai/","envelope-printing-dubai-production-{width}.webp","4:3","640 + 1200","production","temporary stock — shared production photo (pool:offset-press)","Offset press run","/envelope-printing-dubai/","Photorealistic commercial photograph of envelopes production: Offset press run — operator checking a sheet at an offset printing press. Clean, well-lit Dubai print workshop, 4:3 landscape. Fictional brand names only, no real logos, no Flash Print Solution branding."
"p:presentation-folder-printing-dubai:hero","website/assets/images/products/presentation-folder-printing-dubai/","presentation-folder-printing-dubai-hero-{width}.webp","4:3","640 + 1200","hero","temporary stock (Unsplash)","Navy A4 presentation folder with an open pocket holding printed documents","/presentation-folder-printing-dubai/","Realistic commercial product photograph of a navy A4 presentation folder with a white logo, lying half open to show an inside pocket holding printed documents and a business card, on a light grey desk, soft studio light, three-quarter angle, fictional brand name, no real logos, no Flash Print Solution branding."
"p:presentation-folder-printing-dubai:detail","website/assets/images/products/presentation-folder-printing-dubai/","presentation-folder-printing-dubai-detail-{width}.webp","4:3","640 + 1200","detail","temporary stock (Unsplash)","Close-up of a folder pocket with a die-cut business card slit","/presentation-folder-printing-dubai/","Macro commercial photograph of a laminated presentation folder pocket with a die-cut slit holding a business card at an angle, clean crease lines and smooth soft-touch surface, gentle side lighting, shallow depth of field, fictional brand name, no real logos, no Flash Print Solution branding."
"p:presentation-folder-printing-dubai:application","website/assets/images/products/presentation-folder-printing-dubai/","presentation-folder-printing-dubai-application-{width}.webp","4:3","640 + 1200","application","temporary stock (Unsplash)","Consultant handing a branded proposal folder to a client across a boardroom table","/presentation-folder-printing-dubai/","Realistic photograph of a consultant handing a branded A4 proposal folder to a client across a boardroom table in a Dubai office tower, city skyline softly blurred through glass, natural light, medium shot, fictional brand name, no real logos, no Flash Print Solution branding."
"p:presentation-folder-printing-dubai:production","website/assets/images/products/presentation-folder-printing-dubai/","presentation-folder-printing-dubai-production-{width}.webp","4:3","640 + 1200","production","temporary stock — shared production photo (pool:finishing-cutting)","Trimming and cutting printed stacks on a guillotine in a print finishing area","/presentation-folder-printing-dubai/","Photorealistic commercial photograph of files & folders production: Trimming and cutting printed stacks on a guillotine in a print finishing area. Clean, well-lit Dubai print workshop, 4:3 landscape. Fictional brand names only, no real logos, no Flash Print Solution branding."
"p:invoice-book-printing-dubai:hero","website/assets/images/products/invoice-book-printing-dubai/","invoice-book-printing-dubai-hero-{width}.webp","4:3","640 + 1200","hero","temporary stock (Unsplash)","Stack of numbered carbonless invoice books with blue card covers on a counter","/invoice-book-printing-dubai/","Realistic commercial product photograph of a stack of A5 carbonless invoice books with blue printed card covers, the top book open showing a tax invoice layout and red numbering, on a shop counter, soft daylight, three-quarter angle, fictional brand name, no real logos, no Flash Print Solution branding."
"p:invoice-book-printing-dubai:detail","website/assets/images/products/invoice-book-printing-dubai/","invoice-book-printing-dubai-detail-{width}.webp","4:3","640 + 1200","detail","temporary stock (Unsplash)","Close-up of white, yellow and pink carbonless copies with red numbering","/invoice-book-printing-dubai/","Macro commercial photograph of the edge of a triplicate invoice set with white, yellow and pink carbonless sheets slightly fanned, showing matching red sequential numbers and perforation line, neutral backdrop, crisp side light, fictional brand name, no real logos, no Flash Print Solution branding."
"p:invoice-book-printing-dubai:application","website/assets/images/products/invoice-book-printing-dubai/","invoice-book-printing-dubai-application-{width}.webp","4:3","640 + 1200","application","temporary stock (Unsplash)","Mechanic writing a handwritten invoice in a receipt book at a workshop counter","/invoice-book-printing-dubai/","Realistic photograph of a mechanic writing a handwritten invoice in a carbonless invoice book at a car workshop counter in Dubai, tools and a vehicle softly blurred behind, warm natural light, close-up on hands and pen, fictional brand name, no real logos, no Flash Print Solution branding."
"p:invoice-book-printing-dubai:production","website/assets/images/products/invoice-book-printing-dubai/","invoice-book-printing-dubai-production-{width}.webp","4:3","640 + 1200","production","temporary stock — shared production photo (pool:offset-press)","Offset press run","/invoice-book-printing-dubai/","Photorealistic commercial photograph of invoice / receipt books header printing production: Offset press run — operator checking a sheet at an offset printing press. Clean, well-lit Dubai print workshop, 4:3 landscape. Fictional brand names only, no real logos, no Flash Print Solution branding."
"p:ncr-book-printing-dubai:hero","website/assets/images/products/ncr-book-printing-dubai/","ncr-book-printing-dubai-hero-{width}.webp","4:3","640 + 1200","hero","temporary stock (Unsplash)","Stack of three-part carbonless job card pads in white, yellow and pink","/ncr-book-printing-dubai/","Realistic commercial product photograph of a stack of A5 three-part carbonless job card pads, top set fanned to show white, yellow and pink sheets with a one-colour form layout, on a steel workbench, even daylight, three-quarter angle, fictional brand name, no real logos, no Flash Print Solution branding."
"p:ncr-book-printing-dubai:detail","website/assets/images/products/ncr-book-printing-dubai/","ncr-book-printing-dubai-detail-{width}.webp","4:3","640 + 1200","detail","temporary stock (Unsplash)","Close-up of handwriting transferred onto a yellow carbonless copy sheet","/ncr-book-printing-dubai/","Macro commercial photograph of a yellow carbonless copy sheet showing handwriting and ticks transferred from the top copy, form boxes and small printed labels visible, soft side light, shallow depth of field, fictional brand name, no real logos, no Flash Print Solution branding."
"p:ncr-book-printing-dubai:application","website/assets/images/products/ncr-book-printing-dubai/","ncr-book-printing-dubai-application-{width}.webp","4:3","640 + 1200","application","temporary stock (Unsplash)","Site supervisor filling in a carbonless inspection form on a clipboard outdoors","/ncr-book-printing-dubai/","Realistic photograph of a site supervisor in a hard hat and hi-vis vest filling in a carbonless inspection form on a clipboard at a Dubai construction site, bright daylight, cranes softly blurred behind, medium close-up, fictional brand name, no real logos, no Flash Print Solution branding."
"p:ncr-book-printing-dubai:production","website/assets/images/products/ncr-book-printing-dubai/","ncr-book-printing-dubai-production-{width}.webp","4:3","640 + 1200","production","temporary stock — shared production photo (pool:binding)","Booklet binding / stitching and folding of multi-page printed documents","/ncr-book-printing-dubai/","Photorealistic commercial photograph of ncr / carbonless forms production: Booklet binding / stitching and folding of multi-page printed documents. Clean, well-lit Dubai print workshop, 4:3 landscape. Fictional brand names only, no real logos, no Flash Print Solution branding."
"p:brochure-printing-dubai:hero","website/assets/images/products/brochure-printing-dubai/","brochure-printing-dubai-hero-{width}.webp","4:3","640 + 1200","hero","temporary stock (Unsplash)","Open A4 tri-fold brochure with architecture photos on a white table","/brochure-printing-dubai/","Realistic commercial product photograph of an open A4 tri-fold brochure showing modern architecture photography and clean text panels, with a closed copy beside it, on a white table, soft even studio lighting, overhead three-quarter angle, fictional brand name, no real logos, no Flash Print Solution branding."
"p:brochure-printing-dubai:detail","website/assets/images/products/brochure-printing-dubai/","brochure-printing-dubai-detail-{width}.webp","4:3","640 + 1200","detail","temporary stock (Unsplash)","Close-up of a creased brochure fold showing silk paper and sharp print","/brochure-printing-dubai/","Macro commercial photograph of the creased fold of a silk-paper brochure, showing a crisp fold line with no cracking and sharp full-colour print either side, soft side light, shallow depth of field, fictional brand name, no real logos, no Flash Print Solution branding."
"p:brochure-printing-dubai:application","website/assets/images/products/brochure-printing-dubai/","brochure-printing-dubai-application-{width}.webp","4:3","640 + 1200","application","temporary stock (Unsplash)","Visitor picking up a brochure from a rack at an exhibition stand","/brochure-printing-dubai/","Realistic photograph of a visitor taking a tri-fold brochure from an acrylic rack at an exhibition stand in a Dubai convention hall, stand graphics softly blurred, bright event lighting, medium shot, fictional brand name, no real logos, no Flash Print Solution branding."
"p:brochure-printing-dubai:production","website/assets/images/products/brochure-printing-dubai/","brochure-printing-dubai-production-{width}.webp","4:3","640 + 1200","production","temporary stock — shared production photo (pool:offset-press)","Offset press run","/brochure-printing-dubai/","Photorealistic commercial photograph of brochures production: Offset press run — operator checking a sheet at an offset printing press. Clean, well-lit Dubai print workshop, 4:3 landscape. Fictional brand names only, no real logos, no Flash Print Solution branding."
"p:hotel-door-hanger-printing-dubai:hero","website/assets/images/products/hotel-door-hanger-printing-dubai/","hotel-door-hanger-printing-dubai-hero-{width}.webp","4:3","640 + 1200","hero","temporary stock (Unsplash)","Double-sided hotel door hanger reading Do Not Disturb on a room door handle","/hotel-door-hanger-printing-dubai/","Realistic commercial photograph of a laminated die-cut Do Not Disturb door hanger in deep blue with bilingual English and Arabic text, hanging on a brushed metal lever handle of a hotel room door, warm corridor lighting, close three-quarter angle, fictional brand name, no real logos, no Flash Print Solution branding."
"p:hotel-door-hanger-printing-dubai:detail","website/assets/images/products/hotel-door-hanger-printing-dubai/","hotel-door-hanger-printing-dubai-detail-{width}.webp","4:3","640 + 1200","detail","temporary stock (Unsplash)","Close-up of a die-cut door hanger hole and laminated printed edge","/hotel-door-hanger-printing-dubai/","Macro commercial photograph of the top of a printed door hanger showing the die-cut round hole, the slit and the clean laminated edge of 400 gsm board, soft side light, neutral background, shallow depth of field, fictional brand name, no real logos, no Flash Print Solution branding."
"p:hotel-door-hanger-printing-dubai:application","website/assets/images/products/hotel-door-hanger-printing-dubai/","hotel-door-hanger-printing-dubai-application-{width}.webp","4:3","640 + 1200","application","temporary stock (Unsplash)","Housekeeping trolley in a hotel corridor with a Make Up Room hanger on a door","/hotel-door-hanger-printing-dubai/","Realistic photograph of a hotel corridor in Dubai with a housekeeping trolley beside a guest room door displaying a Make Up Room door hanger, warm ambient lighting, long perspective down the hallway, eye-level view, fictional brand name, no real logos, no Flash Print Solution branding."
"p:hotel-door-hanger-printing-dubai:production","website/assets/images/products/hotel-door-hanger-printing-dubai/","hotel-door-hanger-printing-dubai-production-{width}.webp","4:3","640 + 1200","production","temporary stock — shared production photo (pool:finishing-cutting)","Trimming and cutting printed stacks on a guillotine in a print finishing area","/hotel-door-hanger-printing-dubai/","Photorealistic commercial photograph of door hangers production: Trimming and cutting printed stacks on a guillotine in a print finishing area. Clean, well-lit Dubai print workshop, 4:3 landscape. Fictional brand names only, no real logos, no Flash Print Solution branding."
"p:flyer-printing-dubai:hero","website/assets/images/products/flyer-printing-dubai/","flyer-printing-dubai-hero-{width}.webp","4:3","640 + 1200","hero","temporary stock (Unsplash)","Stack of glossy A5 promotional flyers with a food photo on a café counter","/flyer-printing-dubai/","Realistic commercial product photograph of a neat stack of glossy A5 promotional flyers showing a food photograph and bold offer headline, one flyer angled on top, on a marble café counter, warm natural light, three-quarter angle, fictional brand name, no real logos, no Flash Print Solution branding."
"p:flyer-printing-dubai:detail","website/assets/images/products/flyer-printing-dubai/","flyer-printing-dubai-detail-{width}.webp","4:3","640 + 1200","detail","temporary stock (Unsplash)","Close-up of a silk flyer corner showing crisp colour print and a clean trimmed edge","/flyer-printing-dubai/","Macro commercial photograph of the corner of a 170 gsm silk flyer showing sharp full-colour printing, fine text and a clean guillotine-trimmed edge, soft raking light, shallow depth of field, neutral background, fictional brand name, no real logos, no Flash Print Solution branding."
"p:flyer-printing-dubai:application","website/assets/images/products/flyer-printing-dubai/","flyer-printing-dubai-application-{width}.webp","4:3","640 + 1200","application","temporary stock (Unsplash)","Staff member handing a printed flyer to a shopper at a store entrance","/flyer-printing-dubai/","Realistic photograph of a smiling retail staff member handing an A5 promotional flyer to a shopper at the entrance of a bright store in a Dubai mall, natural candid moment, shallow depth of field, eye-level angle, fictional brand name, no real logos, no Flash Print Solution branding."
"p:flyer-printing-dubai:production","website/assets/images/products/flyer-printing-dubai/","flyer-printing-dubai-production-{width}.webp","4:3","640 + 1200","production","temporary stock — shared production photo (pool:digital-press)","Digital press output","/flyer-printing-dubai/","Photorealistic commercial photograph of flyers & leaflets production: Digital press output — freshly printed sheets leaving a production digital press. Clean, well-lit Dubai print workshop, 4:3 landscape. Fictional brand names only, no real logos, no Flash Print Solution branding."
"p:branded-pens-dubai:hero","website/assets/images/products/branded-pens-dubai/","branded-pens-dubai-hero-{width}.webp","4:3","640 + 1200","hero","temporary stock (Unsplash)","Row of white and navy branded ballpoint pens with printed logos on a desk","/branded-pens-dubai/","Realistic commercial product photograph of a neat row of white and navy plastic ballpoint pens, each pad printed with a simple one-colour logo on the barrel, arranged diagonally on a pale grey desk, soft studio lighting, top-down angle, fictional brand name, no real logos, no Flash Print Solution branding."
"p:branded-pens-dubai:detail","website/assets/images/products/branded-pens-dubai/","branded-pens-dubai-detail-{width}.webp","4:3","640 + 1200","detail","temporary stock (Unsplash)","Close-up of a laser engraved logo on a silver aluminium pen barrel","/branded-pens-dubai/","Macro commercial photograph of a dark blue anodised aluminium pen with a crisp laser engraved logo revealing bright silver metal, clip and barrel in sharp focus, soft reflective lighting, shallow depth of field, fictional brand name, no real logos, no Flash Print Solution branding."
"p:branded-pens-dubai:application","website/assets/images/products/branded-pens-dubai/","branded-pens-dubai-application-{width}.webp","4:3","640 + 1200","application","temporary stock (Unsplash)","Conference delegate writing notes with a branded pen beside a notebook","/branded-pens-dubai/","Realistic photograph of a conference delegate writing notes in a notebook with a branded metal pen at a Dubai hotel conference table, natural light, close-up on hand and pen with the logo visible, shallow depth of field, fictional brand name, no real logos, no Flash Print Solution branding."
"p:branded-pens-dubai:production","website/assets/images/products/branded-pens-dubai/","branded-pens-dubai-production-{width}.webp","4:3","640 + 1200","production","temporary stock — shared production photo (pool:promo-branding)","Branding promotional items","/branded-pens-dubai/","Photorealistic commercial photograph of pens production: Branding promotional items — pad printing / engraving logos on merchandise. Clean, well-lit Dubai print workshop, 4:3 landscape. Fictional brand names only, no real logos, no Flash Print Solution branding."
"p:poster-printing-dubai:hero","website/assets/images/products/poster-printing-dubai/","poster-printing-dubai-hero-{width}.webp","4:3","640 + 1200","hero","temporary stock (Unsplash)","Large promotional poster on satin paper displayed in a bright retail window","/poster-printing-dubai/","Realistic commercial photograph of a large A1 satin-paper promotional poster displayed inside a bright retail shop window in Dubai, bold colourful graphics, reflections kept minimal, daylight, straight-on eye-level angle, fictional brand name, no real logos, no Flash Print Solution branding."
"p:poster-printing-dubai:detail","website/assets/images/products/poster-printing-dubai/","poster-printing-dubai-detail-{width}.webp","4:3","640 + 1200","detail","temporary stock (Unsplash)","Close-up of a matt laminated poster corner mounted on white foam board","/poster-printing-dubai/","Macro commercial photograph of the corner of a matt laminated poster mounted on white 5 mm foam board, showing the clean cut edge, board thickness and smooth print surface, soft side light, neutral background, fictional brand name, no real logos, no Flash Print Solution branding."
"p:poster-printing-dubai:application","website/assets/images/products/poster-printing-dubai/","poster-printing-dubai-application-{width}.webp","4:3","640 + 1200","application","temporary stock (Unsplash)","Shoppers walking past a framed event poster in a shopping mall corridor","/poster-printing-dubai/","Realistic photograph of shoppers walking past a large framed event poster in a bright Dubai shopping mall corridor, motion slightly blurred, poster sharp and legible, wide-angle eye-level view, fictional brand name, no real logos, no Flash Print Solution branding."
"p:poster-printing-dubai:production","website/assets/images/products/poster-printing-dubai/","poster-printing-dubai-production-{width}.webp","4:3","640 + 1200","production","temporary stock — shared production photo (pool:large-format-printer)","Wide-format inkjet printer printing a large graphic onto roll media","/poster-printing-dubai/","Photorealistic commercial photograph of posters production: Wide-format inkjet printer printing a large graphic onto roll media. Clean, well-lit Dubai print workshop, 4:3 landscape. Fictional brand names only, no real logos, no Flash Print Solution branding."
"p:tent-card-printing-dubai:hero","website/assets/images/products/tent-card-printing-dubai/","tent-card-printing-dubai-hero-{width}.webp","4:3","640 + 1200","hero","temporary stock (Unsplash)","Laminated triangular table tent card with a drinks promotion on a café table","/tent-card-printing-dubai/","Realistic commercial photograph of a laminated three-sided table tent card showing a colourful drinks promotion and a QR code, standing on a light wooden café table with a coffee cup nearby, soft natural window light, eye-level angle, fictional brand name, no real logos, no Flash Print Solution branding."
"p:tent-card-printing-dubai:detail","website/assets/images/products/tent-card-printing-dubai/","tent-card-printing-dubai-detail-{width}.webp","4:3","640 + 1200","detail","temporary stock (Unsplash)","Close-up of a scored tent card fold and locking base tab","/tent-card-printing-dubai/","Macro commercial photograph of the base of a printed A-frame tent card showing the crisp scored fold and the locking tab slotted into place, laminated 350 gsm board, soft side lighting, neutral background, fictional brand name, no real logos, no Flash Print Solution branding."
"p:tent-card-printing-dubai:application","website/assets/images/products/tent-card-printing-dubai/","tent-card-printing-dubai-application-{width}.webp","4:3","640 + 1200","application","temporary stock (Unsplash)","Conference table with printed delegate name tent cards in front of each seat","/tent-card-printing-dubai/","Realistic photograph of a long conference table in a Dubai hotel meeting room set with white tent-style delegate name cards, notepads and water glasses at each seat, bright even lighting, perspective view along the table, fictional brand name, no real logos, no Flash Print Solution branding."
"p:tent-card-printing-dubai:production","website/assets/images/products/tent-card-printing-dubai/","tent-card-printing-dubai-production-{width}.webp","4:3","640 + 1200","production","temporary stock — shared production photo (pool:digital-press)","Digital press output","/tent-card-printing-dubai/","Photorealistic commercial photograph of tent cards production: Digital press output — freshly printed sheets leaving a production digital press. Clean, well-lit Dubai print workshop, 4:3 landscape. Fictional brand names only, no real logos, no Flash Print Solution branding."
"p:backlit-signage-dubai:hero","website/assets/images/products/backlit-signage-dubai/","backlit-signage-dubai-hero-{width}.webp","4:3","640 + 1200","hero","temporary stock (Unsplash)","Illuminated menu light boxes above a modern café counter showing food photography","/backlit-signage-dubai/","Realistic commercial photograph of three slim illuminated menu light boxes above a modern café counter in Dubai, evenly glowing backlit food photography and bilingual menu text, warm interior lighting, straight-on view, fictional brand name, no real logos, no Flash Print Solution branding."
"p:backlit-signage-dubai:detail","website/assets/images/products/backlit-signage-dubai/","backlit-signage-dubai-detail-{width}.webp","4:3","640 + 1200","detail","temporary stock (Unsplash)","Backlit film graphic being placed into an aluminium snap frame on a light panel","/backlit-signage-dubai/","Close-up commercial photograph of hands placing a printed translucent backlit film graphic into an open aluminium snap frame on a glowing slim LED panel, soft ambient light, colours visibly lit from behind, shallow depth of field, fictional brand name, no real logos, no Flash Print Solution branding."
"p:backlit-signage-dubai:application","website/assets/images/products/backlit-signage-dubai/","backlit-signage-dubai-application-{width}.webp","4:3","640 + 1200","application","temporary stock (Unsplash)","Large fabric light box display glowing along a shopping mall corridor","/backlit-signage-dubai/","Realistic commercial photograph of a large frameless fabric light box display glowing evenly on a wall in a bright Dubai shopping mall corridor, lifestyle visual, polished floor reflections, shoppers softly blurred, wide angle, fictional brand name, no real logos, no Flash Print Solution branding."
"p:backlit-signage-dubai:production","website/assets/images/products/backlit-signage-dubai/","backlit-signage-dubai-production-{width}.webp","4:3","640 + 1200","production","temporary stock — shared production photo (pool:quality-check)","Quality control","/backlit-signage-dubai/","Photorealistic commercial photograph of backlit displays production: Quality control — checking a printed proof against a colour swatch under lighting. Clean, well-lit Dubai print workshop, 4:3 landscape. Fictional brand names only, no real logos, no Flash Print Solution branding."
"p:flex-banner-printing-dubai:hero","website/assets/images/products/flex-banner-printing-dubai/","flex-banner-printing-dubai-hero-{width}.webp","4:3","640 + 1200","hero","temporary stock (Unsplash)","Large printed flex banner tensioned on a steel frame on top of a commercial building","/flex-banner-printing-dubai/","Realistic commercial photograph of a large printed PVC flex banner tensioned on a steel frame on the roof of a low-rise commercial building in Dubai, clear blue sky, midday sun, low angle from street level, crisp colours, fictional brand name, no real logos, no Flash Print Solution branding."
"p:flex-banner-printing-dubai:detail","website/assets/images/products/flex-banner-printing-dubai/","flex-banner-printing-dubai-detail-{width}.webp","4:3","640 + 1200","detail","temporary stock (Unsplash)","Welded flex banner hem with rope reinforcement and a row of steel eyelets","/flex-banner-printing-dubai/","Close-up commercial photograph of the welded edge of a printed PVC flex banner with a rope-reinforced hem and evenly spaced steel eyelets, raking daylight showing the satin surface and scrim texture, shallow depth of field, fictional brand name, no real logos, no Flash Print Solution branding."
"p:flex-banner-printing-dubai:application","website/assets/images/products/flex-banner-printing-dubai/","flex-banner-printing-dubai-application-{width}.webp","4:3","640 + 1200","application","temporary stock (Unsplash)","Flex banner covering part of a mid-rise building facade on a sunny street","/flex-banner-printing-dubai/","Realistic commercial photograph of a large welded flex banner covering several floors of a mid-rise building facade in a Dubai commercial district, strong sunlight, street and parked cars in the foreground, wide-angle view, fictional brand name, no real logos, no Flash Print Solution branding."
"p:flex-banner-printing-dubai:production","website/assets/images/products/flex-banner-printing-dubai/","flex-banner-printing-dubai-production-{width}.webp","4:3","640 + 1200","production","temporary stock — shared production photo (pool:large-format-printer)","Wide-format inkjet printer printing a large graphic onto roll media","/flex-banner-printing-dubai/","Photorealistic commercial photograph of flex banners production: Wide-format inkjet printer printing a large graphic onto roll media. Clean, well-lit Dubai print workshop, 4:3 landscape. Fictional brand names only, no real logos, no Flash Print Solution branding."
"p:roll-up-banner-printing-dubai:hero","website/assets/images/products/roll-up-banner-printing-dubai/","roll-up-banner-printing-dubai-hero-{width}.webp","4:3","640 + 1200","hero","temporary stock (Unsplash)","Printed roll-up banner stand standing upright in a bright, empty exhibition space","/roll-up-banner-printing-dubai/","Realistic commercial product photograph of a single 85 × 200 cm roll-up banner stand with a clean full-colour corporate graphic, standing on a light grey floor in a bright exhibition hall, soft even lighting, straight-on view, fictional brand name, no real logos, no Flash Print Solution branding."
"p:roll-up-banner-printing-dubai:detail","website/assets/images/products/roll-up-banner-printing-dubai/","roll-up-banner-printing-dubai-detail-{width}.webp","4:3","640 + 1200","detail","temporary stock (Unsplash)","Aluminium roll-up banner cassette base with the printed graphic emerging from the slot","/roll-up-banner-printing-dubai/","Close-up commercial photograph of a silver aluminium roll-up banner cassette base with adjustable feet and the bottom of a printed film graphic rising from the slot, soft studio light, low angle, shallow depth of field, fictional brand name, no real logos, no Flash Print Solution branding."
"p:roll-up-banner-printing-dubai:application","website/assets/images/products/roll-up-banner-printing-dubai/","roll-up-banner-printing-dubai-application-{width}.webp","4:3","640 + 1200","application","temporary stock (Unsplash)","Two roll-up banners beside a reception counter in a modern clinic waiting area","/roll-up-banner-printing-dubai/","Realistic commercial photograph of two printed roll-up banners standing beside the reception counter of a modern Dubai clinic, clean white interior, soft daylight from windows, calm atmosphere, wide three-quarter angle, fictional brand name, no real logos, no Flash Print Solution branding."
"p:roll-up-banner-printing-dubai:production","website/assets/images/products/roll-up-banner-printing-dubai/","roll-up-banner-printing-dubai-production-{width}.webp","4:3","640 + 1200","production","temporary stock — shared production photo (pool:large-format-printer)","Wide-format inkjet printer printing a large graphic onto roll media","/roll-up-banner-printing-dubai/","Photorealistic commercial photograph of roll-up banners production: Wide-format inkjet printer printing a large graphic onto roll media. Clean, well-lit Dubai print workshop, 4:3 landscape. Fictional brand names only, no real logos, no Flash Print Solution branding."
"p:vinyl-printing-dubai:hero","website/assets/images/products/vinyl-printing-dubai/","vinyl-printing-dubai-hero-{width}.webp","4:3","640 + 1200","hero","temporary stock (Unsplash)","Printed vinyl graphic applied to a glass office partition in a bright modern workspace","/vinyl-printing-dubai/","Realistic commercial photograph of a full-colour printed vinyl graphic applied across a glass office partition in a bright modern Dubai office, soft daylight, clean desks behind the glass, three-quarter angle, sharp detail, fictional brand name, no real logos, no Flash Print Solution branding."
"p:vinyl-printing-dubai:detail","website/assets/images/products/vinyl-printing-dubai/","vinyl-printing-dubai-detail-{width}.webp","4:3","640 + 1200","detail","temporary stock (Unsplash)","Roll of printed self-adhesive vinyl with the backing liner partly peeled away","/vinyl-printing-dubai/","Close-up commercial photograph of a roll of printed self-adhesive vinyl with the white backing liner partly peeled back to show the adhesive side, on a clean workshop table, soft top lighting, shallow depth of field, fictional brand name, no real logos, no Flash Print Solution branding."
"p:vinyl-printing-dubai:application","website/assets/images/products/vinyl-printing-dubai/","vinyl-printing-dubai-application-{width}.webp","4:3","640 + 1200","application","temporary stock (Unsplash)","Installer smoothing a large printed vinyl panel onto an interior wall with a squeegee","/vinyl-printing-dubai/","Realistic commercial photograph of an installer in plain work clothes smoothing a large printed vinyl panel onto a white interior wall with a felt squeegee, retail fit-out setting in Dubai, natural light, mid-shot, fictional brand name, no real logos, no Flash Print Solution branding."
"p:vinyl-printing-dubai:production","website/assets/images/products/vinyl-printing-dubai/","vinyl-printing-dubai-production-{width}.webp","4:3","640 + 1200","production","temporary stock — shared production photo (pool:vinyl-installation)","Installer applying printed vinyl film to glass or wall with a squeegee","/vinyl-printing-dubai/","Photorealistic commercial photograph of vinyl printing production: Installer applying printed vinyl film to glass or wall with a squeegee. Clean, well-lit Dubai print workshop, 4:3 landscape. Fictional brand names only, no real logos, no Flash Print Solution branding."
"p:x-banner-printing-dubai:hero","website/assets/images/products/x-banner-printing-dubai/","x-banner-printing-dubai-hero-{width}.webp","4:3","640 + 1200","hero","temporary stock (Unsplash)","X-banner stand with a colourful promotional print standing in a bright retail aisle","/x-banner-printing-dubai/","Realistic commercial product photograph of a printed 60 × 160 cm X-banner stand with a colourful promotional graphic standing in a bright supermarket aisle in Dubai, even overhead lighting, straight-on view, clean floor, fictional brand name, no real logos, no Flash Print Solution branding."
"p:x-banner-printing-dubai:detail","website/assets/images/products/x-banner-printing-dubai/","x-banner-printing-dubai-detail-{width}.webp","4:3","640 + 1200","detail","temporary stock (Unsplash)","Close-up of an X-banner corner eyelet clipped onto a flexible black rod tip","/x-banner-printing-dubai/","Macro commercial photograph of the corner of a printed X-banner showing a reinforced eyelet hooked onto the tip of a flexible black fibreglass rod, soft side lighting, shallow depth of field, neutral background, fictional brand name, no real logos, no Flash Print Solution branding."
"p:x-banner-printing-dubai:application","website/assets/images/products/x-banner-printing-dubai/","x-banner-printing-dubai-application-{width}.webp","4:3","640 + 1200","application","temporary stock (Unsplash)","Promoter beside an X-banner at a product sampling table inside a shopping mall","/x-banner-printing-dubai/","Realistic commercial photograph of a promoter at a small product sampling table in a Dubai shopping mall corridor with a printed X-banner stand beside the table, warm mall lighting, shoppers softly blurred in background, three-quarter angle, fictional brand name, no real logos, no Flash Print Solution branding."
"p:x-banner-printing-dubai:production","website/assets/images/products/x-banner-printing-dubai/","x-banner-printing-dubai-production-{width}.webp","4:3","640 + 1200","production","temporary stock — shared production photo (pool:large-format-printer)","Wide-format inkjet printer printing a large graphic onto roll media","/x-banner-printing-dubai/","Photorealistic commercial photograph of x-banners production: Wide-format inkjet printer printing a large graphic onto roll media. Clean, well-lit Dubai print workshop, 4:3 landscape. Fictional brand names only, no real logos, no Flash Print Solution branding."
"p:3d-letter-signs-dubai:hero","website/assets/images/products/3d-letter-signs-dubai/","3d-letter-signs-dubai-hero-{width}.webp","4:3","640 + 1200","hero","temporary stock (Unsplash)","Brushed stainless steel 3D letters mounted on a dark stone facade above an entrance","/3d-letter-signs-dubai/","Realistic commercial photograph of brushed stainless steel 3D letters mounted on stand-offs on a dark stone facade above a modern office entrance in Dubai, late afternoon sun raking across the letters, low angle, crisp shadows, fictional brand name, no real logos, no Flash Print Solution branding."
"p:3d-letter-signs-dubai:detail","website/assets/images/products/3d-letter-signs-dubai/","3d-letter-signs-dubai-detail-{width}.webp","4:3","640 + 1200","detail","temporary stock (Unsplash)","Close-up of a halo-lit metal letter glowing softly against a light wall","/3d-letter-signs-dubai/","Close-up commercial photograph of a halo-lit brushed metal letter mounted on stand-offs with warm white LED light glowing onto a pale wall behind it, evening ambient light, side angle showing the letter depth, fictional brand name, no real logos, no Flash Print Solution branding."
"p:3d-letter-signs-dubai:application","website/assets/images/products/3d-letter-signs-dubai/","3d-letter-signs-dubai-application-{width}.webp","4:3","640 + 1200","application","temporary stock (Unsplash)","Front-lit channel letters glowing on a restaurant fascia at night on a busy street","/3d-letter-signs-dubai/","Realistic commercial photograph of front-lit acrylic channel letters glowing white on a dark fascia above a restaurant entrance on a Dubai street at night, warm light spilling onto the pavement, gentle motion blur of passers-by, fictional brand name, no real logos, no Flash Print Solution branding."
"p:3d-letter-signs-dubai:production","website/assets/images/products/3d-letter-signs-dubai/","3d-letter-signs-dubai-production-{width}.webp","4:3","640 + 1200","production","temporary stock — shared production photo (pool:sign-fabrication)","Workshop fabrication of signage","/3d-letter-signs-dubai/","Photorealistic commercial photograph of 3d letter signage production: Workshop fabrication of signage — acrylic, aluminium composite panels and letters. Clean, well-lit Dubai print workshop, 4:3 landscape. Fictional brand names only, no real logos, no Flash Print Solution branding."
"p:acp-sign-boards-dubai:hero","website/assets/images/products/acp-sign-boards-dubai/","acp-sign-boards-dubai-hero-{width}.webp","4:3","640 + 1200","hero","temporary stock (Unsplash)","Grey ACP fascia with white cut-out lettering above a modern commercial unit entrance","/acp-sign-boards-dubai/","Realistic commercial photograph of a dark grey folded ACP fascia with white routed lettering above a modern commercial unit entrance in Dubai, clear daylight, straight-on eye-level view, clean glass shopfront below, fictional brand name, no real logos, no Flash Print Solution branding."
"p:acp-sign-boards-dubai:detail","website/assets/images/products/acp-sign-boards-dubai/","acp-sign-boards-dubai-detail-{width}.webp","4:3","640 + 1200","detail","temporary stock (Unsplash)","Folded corner of an aluminium composite panel tray showing the crisp return edge","/acp-sign-boards-dubai/","Close-up commercial photograph of the folded corner of a brushed aluminium composite panel sign tray in a signage workshop, showing the V-grooved fold and crisp return edge, soft workshop lighting, shallow depth of field, fictional brand name, no real logos, no Flash Print Solution branding."
"p:acp-sign-boards-dubai:application","website/assets/images/products/acp-sign-boards-dubai/","acp-sign-boards-dubai-application-{width}.webp","4:3","640 + 1200","application","temporary stock — SHARED with cat:outdoor-signage (replace first)","Tall ACP-clad pylon sign listing tenant names outside a business park","/acp-sign-boards-dubai/","Realistic commercial photograph of a tall ACP-clad pylon sign with tenant name panels outside a low-rise business park in Dubai, palm trees and blue sky, strong midday sun, three-quarter angle from the car park, fictional brand name, no real logos, no Flash Print Solution branding."
"p:acp-sign-boards-dubai:production","website/assets/images/products/acp-sign-boards-dubai/","acp-sign-boards-dubai-production-{width}.webp","4:3","640 + 1200","production","temporary stock — shared production photo (pool:sign-fabrication)","Workshop fabrication of signage","/acp-sign-boards-dubai/","Photorealistic commercial photograph of acp sign boards production: Workshop fabrication of signage — acrylic, aluminium composite panels and letters. Clean, well-lit Dubai print workshop, 4:3 landscape. Fictional brand names only, no real logos, no Flash Print Solution branding."
"p:flex-sign-board-dubai:hero","website/assets/images/products/flex-sign-board-dubai/","flex-sign-board-dubai-hero-{width}.webp","4:3","640 + 1200","hero","temporary stock (Unsplash)","Large backlit flex sign board glowing above a supermarket entrance in the evening","/flex-sign-board-dubai/","Realistic commercial photograph of a wide backlit flex sign board glowing evenly above a suburban supermarket entrance in Dubai at early evening, colourful printed face with product imagery, car park in the foreground, low wide angle, fictional brand name, no real logos, no Flash Print Solution branding."
"p:flex-sign-board-dubai:detail","website/assets/images/products/flex-sign-board-dubai/","flex-sign-board-dubai-detail-{width}.webp","4:3","640 + 1200","detail","temporary stock (Unsplash)","Flex sign face clamped into an aluminium frame profile at the board corner","/flex-sign-board-dubai/","Close-up commercial photograph of the corner of a flex sign board showing printed PVC flex gripped in a slotted aluminium clamp profile, painted side cladding and fixing screws, daylight, shallow depth of field, fictional brand name, no real logos, no Flash Print Solution branding."
"p:flex-sign-board-dubai:application","website/assets/images/products/flex-sign-board-dubai/","flex-sign-board-dubai-application-{width}.webp","4:3","640 + 1200","application","temporary stock (Unsplash)","Installers fixing a large printed flex sign board onto a warehouse front","/flex-sign-board-dubai/","Realistic commercial photograph of two installers on a mobile elevated work platform fixing a large printed flex sign board to the front of an industrial warehouse in Dubai, hard hats and safety harnesses, bright daylight, wide angle, fictional brand name, no real logos, no Flash Print Solution branding."
"p:flex-sign-board-dubai:production","website/assets/images/products/flex-sign-board-dubai/","flex-sign-board-dubai-production-{width}.webp","4:3","640 + 1200","production","temporary stock — shared production photo (pool:sign-installation)","Installation team fixing a sign board on a building facade using ladders/lift","/flex-sign-board-dubai/","Photorealistic commercial photograph of flex sign boards production: Installation team fixing a sign board on a building facade using ladders/lift. Clean, well-lit Dubai print workshop, 4:3 landscape. Fictional brand names only, no real logos, no Flash Print Solution branding."
"p:led-light-box-signage-dubai:hero","website/assets/images/products/led-light-box-signage-dubai/","led-light-box-signage-dubai-hero-{width}.webp","4:3","640 + 1200","hero","temporary stock (Unsplash)","Round double-sided LED light box sign projecting from a shopfront wall at dusk","/led-light-box-signage-dubai/","Realistic commercial photograph of a round double-sided LED light box sign projecting from a cream shopfront wall on a Dubai street at dusk, evenly glowing opal acrylic face with a simple logo, soft blue sky, side angle, fictional brand name, no real logos, no Flash Print Solution branding."
"p:led-light-box-signage-dubai:detail","website/assets/images/products/led-light-box-signage-dubai/","led-light-box-signage-dubai-detail-{width}.webp","4:3","640 + 1200","detail","temporary stock (Unsplash)","Open light box showing evenly spaced LED modules mounted on the back panel","/led-light-box-signage-dubai/","Close-up commercial photograph of an open aluminium light box in a signage workshop, showing rows of evenly spaced LED modules and wiring on a white back panel, face removed and leaning beside it, neutral workshop light, fictional brand name, no real logos, no Flash Print Solution branding."
"p:led-light-box-signage-dubai:application","website/assets/images/products/led-light-box-signage-dubai/","led-light-box-signage-dubai-application-{width}.webp","4:3","640 + 1200","application","temporary stock (Unsplash)","Slim illuminated light box sign above a café entrance in a shopping arcade","/led-light-box-signage-dubai/","Realistic commercial photograph of a slim rectangular illuminated light box sign above the entrance of a small café in a covered Dubai shopping arcade, warm interior glow, tiled floor, customers softly blurred, eye-level three-quarter view, fictional brand name, no real logos, no Flash Print Solution branding."
"p:led-light-box-signage-dubai:production","website/assets/images/products/led-light-box-signage-dubai/","led-light-box-signage-dubai-production-{width}.webp","4:3","640 + 1200","production","temporary stock — shared production photo (pool:sign-fabrication)","Workshop fabrication of signage","/led-light-box-signage-dubai/","Photorealistic commercial photograph of led light boxes production: Workshop fabrication of signage — acrylic, aluminium composite panels and letters. Clean, well-lit Dubai print workshop, 4:3 landscape. Fictional brand names only, no real logos, no Flash Print Solution branding."
"p:neon-sign-boards-dubai:hero","website/assets/images/products/neon-sign-boards-dubai/","neon-sign-boards-dubai-hero-{width}.webp","4:3","640 + 1200","hero","temporary stock (Unsplash)","Pink LED neon script sign on clear acrylic mounted on a café brick wall","/neon-sign-boards-dubai/","Realistic commercial photograph of a pink LED neon script sign on a clear acrylic backing mounted on an exposed brick wall inside a stylish Dubai café, dim warm ambient light, plants and wooden shelves nearby, straight-on view, fictional brand name, no real logos, no Flash Print Solution branding."
"p:neon-sign-boards-dubai:detail","website/assets/images/products/neon-sign-boards-dubai/","neon-sign-boards-dubai-detail-{width}.webp","4:3","640 + 1200","detail","temporary stock (Unsplash)","Close-up of white LED neon flex fixed into a channel on clear acrylic","/neon-sign-boards-dubai/","Macro commercial photograph of warm white silicone LED neon flex bent into a letter curve and fixed on a clear acrylic backing, soft even glow, dark background, shallow depth of field showing the smooth silicone surface, fictional brand name, no real logos, no Flash Print Solution branding."
"p:neon-sign-boards-dubai:application","website/assets/images/products/neon-sign-boards-dubai/","neon-sign-boards-dubai-application-{width}.webp","4:3","640 + 1200","application","temporary stock (Unsplash)","Blue LED neon sign glowing on a wedding stage backdrop with flowers","/neon-sign-boards-dubai/","Realistic commercial photograph of a blue LED neon sign with a short fictional phrase glowing on a floral wedding stage backdrop in a Dubai ballroom, soft evening lighting, white roses and greenery, wide three-quarter angle, fictional brand name, no real logos, no Flash Print Solution branding."
"p:neon-sign-boards-dubai:production","website/assets/images/products/neon-sign-boards-dubai/","neon-sign-boards-dubai-production-{width}.webp","4:3","640 + 1200","production","temporary stock — shared production photo (pool:laser-cutter)","CO2 laser cutter cutting or engraving acrylic / wood sheet in the workshop","/neon-sign-boards-dubai/","Photorealistic commercial photograph of neon sign boards production: CO2 laser cutter cutting or engraving acrylic / wood sheet in the workshop. Clean, well-lit Dubai print workshop, 4:3 landscape. Fictional brand names only, no real logos, no Flash Print Solution branding."
"p:branded-caps-dubai:hero","website/assets/images/products/branded-caps-dubai/","branded-caps-dubai-hero-{width}.webp","4:3","640 + 1200","hero","temporary stock (Unsplash)","Navy cotton twill baseball cap with a white embroidered fictional logo on the front","/branded-caps-dubai/","Realistic product photograph of a navy six-panel cotton twill baseball cap with a crisp white embroidered fictional logo on the front panel, on a light grey seamless backdrop, soft studio lighting, three-quarter angle, fictional brand name, no real logos, no Flash Print Solution branding."
"p:branded-caps-dubai:detail","website/assets/images/products/branded-caps-dubai/","branded-caps-dubai-detail-{width}.webp","4:3","640 + 1200","detail","temporary stock (Unsplash)","Close-up of raised 3D puff embroidery lettering on the front of a black cap","/branded-caps-dubai/","Macro commercial photograph of 3D puff embroidery on a black cotton twill cap front, raised white satin-stitch lettering with visible thread texture, raking side light to show depth, shallow depth of field, fictional brand name, no real logos, no Flash Print Solution branding."
"p:branded-caps-dubai:application","website/assets/images/products/branded-caps-dubai/","branded-caps-dubai-application-{width}.webp","4:3","640 + 1200","application","temporary stock (Unsplash)","Outdoor event staff wearing matching branded caps and t-shirts at a registration desk","/branded-caps-dubai/","Realistic lifestyle photograph of event staff in matching khaki branded caps and white t-shirts at an outdoor registration desk on a Dubai waterfront, late afternoon warm light, candid eye-level angle, fictional brand name, no real logos, no Flash Print Solution branding."
"p:branded-caps-dubai:production","website/assets/images/products/branded-caps-dubai/","branded-caps-dubai-production-{width}.webp","4:3","640 + 1200","production","temporary stock — shared production photo (pool:embroidery)","Multi-head embroidery machine stitching a logo onto a garment or cap","/branded-caps-dubai/","Photorealistic commercial photograph of caps production: Multi-head embroidery machine stitching a logo onto a garment or cap. Clean, well-lit Dubai print workshop, 4:3 landscape. Fictional brand names only, no real logos, no Flash Print Solution branding."
"p:custom-diary-printing-dubai:hero","website/assets/images/products/custom-diary-printing-dubai/","custom-diary-printing-dubai-hero-{width}.webp","4:3","640 + 1200","hero","temporary stock (Unsplash)","Black PU leather A5 diary with a gold foil debossed fictional logo and elastic band","/custom-diary-printing-dubai/","Realistic product photograph of a black PU leather A5 diary with a gold hot-foil debossed fictional logo, black elastic band and ribbon marker, on a white marble desk, soft window light, 45-degree angle, fictional brand name, no real logos, no Flash Print Solution branding."
"p:custom-diary-printing-dubai:detail","website/assets/images/products/custom-diary-printing-dubai/","custom-diary-printing-dubai-detail-{width}.webp","4:3","640 + 1200","detail","temporary stock (Unsplash)","Close-up of a blind debossed logo pressed into a navy textured diary cover","/custom-diary-printing-dubai/","Macro commercial photograph of a blind debossed fictional logo pressed into a navy PU leather diary cover, fine grain texture visible, low raking light to reveal depth, shallow depth of field, fictional brand name, no real logos, no Flash Print Solution branding."
"p:custom-diary-printing-dubai:application","website/assets/images/products/custom-diary-printing-dubai/","custom-diary-printing-dubai-application-{width}.webp","4:3","640 + 1200","application","temporary stock (Unsplash)","Open branded diary with a pen beside a laptop on a meeting room table","/custom-diary-printing-dubai/","Realistic lifestyle photograph of an open branded A5 diary with a pen next to a laptop on a Dubai office meeting table, city skyline softly blurred through the window, natural daylight, eye-level angle, fictional brand name, no real logos, no Flash Print Solution branding."
"p:custom-diary-printing-dubai:production","website/assets/images/products/custom-diary-printing-dubai/","custom-diary-printing-dubai-production-{width}.webp","4:3","640 + 1200","production","temporary stock — shared production photo (pool:foil-embossing)","Hot-foil stamping or embossing detail being applied to card stock","/custom-diary-printing-dubai/","Photorealistic commercial photograph of diaries production: Hot-foil stamping or embossing detail being applied to card stock. Clean, well-lit Dubai print workshop, 4:3 landscape. Fictional brand names only, no real logos, no Flash Print Solution branding."
"p:custom-mug-printing-dubai:hero","website/assets/images/products/custom-mug-printing-dubai/","custom-mug-printing-dubai-hero-{width}.webp","4:3","640 + 1200","hero","temporary stock (Unsplash)","White ceramic mug with a colourful printed fictional logo on a light wooden table","/custom-mug-printing-dubai/","Realistic product photograph of an 11 oz white ceramic mug with a full-colour sublimation printed fictional logo, standing on a light wooden table against a soft beige wall, diffused daylight, eye-level three-quarter angle, fictional brand name, no real logos, no Flash Print Solution branding."
"p:custom-mug-printing-dubai:detail","website/assets/images/products/custom-mug-printing-dubai/","custom-mug-printing-dubai-detail-{width}.webp","4:3","640 + 1200","detail","temporary stock (Unsplash)","Close-up of a two-tone mug with navy handle and interior beside a printed logo","/custom-mug-printing-dubai/","Close-up commercial photograph of a two-tone ceramic mug, white body with navy interior and handle, printed fictional logo visible on the side, glossy surface reflections, soft studio light, slight top-down angle, fictional brand name, no real logos, no Flash Print Solution branding."
"p:custom-mug-printing-dubai:application","website/assets/images/products/custom-mug-printing-dubai/","custom-mug-printing-dubai-application-{width}.webp","4:3","640 + 1200","application","temporary stock (Unsplash)","Colleagues holding matching branded mugs during a coffee break in an office pantry","/custom-mug-printing-dubai/","Realistic lifestyle photograph of two colleagues holding matching branded white mugs in a bright modern Dubai office pantry, natural light, relaxed candid moment, eye-level angle, mugs in sharp focus, fictional brand name, no real logos, no Flash Print Solution branding."
"p:custom-mug-printing-dubai:production","website/assets/images/products/custom-mug-printing-dubai/","custom-mug-printing-dubai-production-{width}.webp","4:3","640 + 1200","production","temporary stock — shared production photo (pool:heat-press)","Heat press transferring a printed design (DTF / heat transfer) onto fabric","/custom-mug-printing-dubai/","Photorealistic commercial photograph of mugs production: Heat press transferring a printed design (DTF / heat transfer) onto fabric. Clean, well-lit Dubai print workshop, 4:3 landscape. Fictional brand names only, no real logos, no Flash Print Solution branding."
"p:branded-usb-flash-drives-dubai:hero","website/assets/images/products/branded-usb-flash-drives-dubai/","branded-usb-flash-drives-dubai-hero-{width}.webp","4:3","640 + 1200","hero","temporary stock (Unsplash)","Silver metal swivel USB flash drive with an engraved fictional logo on a dark surface","/branded-usb-flash-drives-dubai/","Realistic product photograph of a brushed silver metal swivel USB flash drive with a laser-engraved fictional logo, lying on a dark slate surface, crisp studio lighting with soft reflections, low three-quarter angle, fictional brand name, no real logos, no Flash Print Solution branding."
"p:branded-usb-flash-drives-dubai:detail","website/assets/images/products/branded-usb-flash-drives-dubai/","branded-usb-flash-drives-dubai-detail-{width}.webp","4:3","640 + 1200","detail","temporary stock (Unsplash)","Close-up of a bamboo USB drive with a dark laser-engraved logo on its cap","/branded-usb-flash-drives-dubai/","Macro commercial photograph of a bamboo USB flash drive with a dark laser-engraved fictional logo, natural wood grain visible, cap removed beside it, warm soft light, shallow depth of field, fictional brand name, no real logos, no Flash Print Solution branding."
"p:branded-usb-flash-drives-dubai:application","website/assets/images/products/branded-usb-flash-drives-dubai/","branded-usb-flash-drives-dubai-application-{width}.webp","4:3","640 + 1200","application","temporary stock (Unsplash)","USB drive in a printed gift box beside a property brochure on a desk","/branded-usb-flash-drives-dubai/","Realistic lifestyle photograph of a branded USB drive sitting in an open printed gift box with foam insert, beside a property brochure and keys on a Dubai sales office desk, natural daylight, top-down angle, fictional brand name, no real logos, no Flash Print Solution branding."
"p:branded-usb-flash-drives-dubai:production","website/assets/images/products/branded-usb-flash-drives-dubai/","branded-usb-flash-drives-dubai-production-{width}.webp","4:3","640 + 1200","production","temporary stock — shared production photo (pool:promo-branding)","Branding promotional items","/branded-usb-flash-drives-dubai/","Photorealistic commercial photograph of usb flash drives production: Branding promotional items — pad printing / engraving logos on merchandise. Clean, well-lit Dubai print workshop, 4:3 landscape. Fictional brand names only, no real logos, no Flash Print Solution branding."
"p:event-backdrop-printing-dubai:hero","website/assets/images/products/event-backdrop-printing-dubai/","event-backdrop-printing-dubai-hero-{width}.webp","4:3","640 + 1200","hero","temporary stock (Unsplash)","Step-and-repeat media wall with a repeating logo grid on a tension fabric frame","/event-backdrop-printing-dubai/","Realistic event photograph of a 3 metre wide step-and-repeat media wall on a tension fabric frame with a repeating grid of logos for a fictional fashion launch, matte fabric surface, red carpet in front, soft even lighting, straight-on angle at eye level, fictional brand name, no real logos, no Flash Print Solution branding."
"p:event-backdrop-printing-dubai:detail","website/assets/images/products/event-backdrop-printing-dubai/","event-backdrop-printing-dubai-detail-{width}.webp","4:3","640 + 1200","detail","temporary stock (Unsplash)","Close-up of a silicone edge graphic slotted into an aluminium frame channel","/event-backdrop-printing-dubai/","Realistic macro photograph of the silicone edge of a dye-sublimated fabric graphic being pressed into the channel of a silver aluminium frame, showing the fabric weave and tight tension, soft studio lighting, shallow depth of field, fictional brand name, no real logos, no Flash Print Solution branding."
"p:event-backdrop-printing-dubai:application","website/assets/images/products/event-backdrop-printing-dubai/","event-backdrop-printing-dubai-application-{width}.webp","4:3","640 + 1200","application","temporary stock (Unsplash)","Guests posing for photos in front of a branded backdrop at a hotel gala","/event-backdrop-printing-dubai/","Realistic photograph of elegantly dressed guests posing in front of a matte branded backdrop for a fictional charity gala in a Dubai hotel ballroom foyer, photographer in the foreground slightly blurred, warm event lighting, eye-level angle, fictional brand name, no real logos, no Flash Print Solution branding."
"p:event-backdrop-printing-dubai:production","website/assets/images/products/event-backdrop-printing-dubai/","event-backdrop-printing-dubai-production-{width}.webp","4:3","640 + 1200","production","temporary stock — shared production photo (pool:large-format-printer)","Wide-format inkjet printer printing a large graphic onto roll media","/event-backdrop-printing-dubai/","Photorealistic commercial photograph of event backdrops production: Wide-format inkjet printer printing a large graphic onto roll media. Clean, well-lit Dubai print workshop, 4:3 landscape. Fictional brand names only, no real logos, no Flash Print Solution branding."
"p:exhibition-stand-printing-dubai:hero","website/assets/images/products/exhibition-stand-printing-dubai/","exhibition-stand-printing-dubai-hero-{width}.webp","4:3","640 + 1200","hero","temporary stock (Unsplash)","Custom exhibition stand with printed fabric walls, lightbox and branded counter","/exhibition-stand-printing-dubai/","Realistic photograph of a space-only exhibition stand for a fictional medical technology company, white and teal printed tension fabric walls, a backlit fabric lightbox wall, printed counter wrap and floor graphic, exhibition hall lighting, visitors nearby, three-quarter wide angle, fictional brand name, no real logos, no Flash Print Solution branding."
"p:exhibition-stand-printing-dubai:detail","website/assets/images/products/exhibition-stand-printing-dubai/","exhibition-stand-printing-dubai-detail-{width}.webp","4:3","640 + 1200","detail","temporary stock (Unsplash)","Foamex graphic panel fixed inside a white shell scheme wall frame","/exhibition-stand-printing-dubai/","Realistic close-up photograph of a printed foamex graphic panel fitted inside a white aluminium shell scheme wall frame at an exhibition, crisp matte print and the panel edge meeting the frame, hall lighting from above, three-quarter angle, fictional brand name, no real logos, no Flash Print Solution branding."
"p:exhibition-stand-printing-dubai:application","website/assets/images/products/exhibition-stand-printing-dubai/","exhibition-stand-printing-dubai-application-{width}.webp","4:3","640 + 1200","application","temporary stock (Unsplash)","Visitors talking with staff at a branded shell scheme stand in an exhibition hall","/exhibition-stand-printing-dubai/","Realistic photograph of visitors chatting with exhibitors at a branded shell scheme stand for a fictional property developer at a Dubai exhibition, printed wall panels, fascia name board and counter wrap visible, busy aisle behind, natural hall lighting, eye-level angle, fictional brand name, no real logos, no Flash Print Solution branding."
"p:exhibition-stand-printing-dubai:production","website/assets/images/products/exhibition-stand-printing-dubai/","exhibition-stand-printing-dubai-production-{width}.webp","4:3","640 + 1200","production","temporary stock — shared production photo (pool:sign-fabrication)","Workshop fabrication of signage","/exhibition-stand-printing-dubai/","Photorealistic commercial photograph of exhibition stands production: Workshop fabrication of signage — acrylic, aluminium composite panels and letters. Clean, well-lit Dubai print workshop, 4:3 landscape. Fictional brand names only, no real logos, no Flash Print Solution branding."
"p:pop-up-display-dubai:hero","website/assets/images/products/pop-up-display-dubai/","pop-up-display-dubai-hero-{width}.webp","4:3","640 + 1200","hero","temporary stock (Unsplash)","Curved fabric pop-up display with end panels and a wrapped case counter","/pop-up-display-dubai/","Realistic product photograph of a curved 3 × 3 fabric pop-up display with printed end panels in purple and white for a fictional software company, a wheeled case wrapped as a counter in front, clean light grey studio floor, soft even lighting, three-quarter angle, fictional brand name, no real logos, no Flash Print Solution branding."
"p:pop-up-display-dubai:detail","website/assets/images/products/pop-up-display-dubai/","pop-up-display-dubai-detail-{width}.webp","4:3","640 + 1200","detail","temporary stock (Unsplash)","Collapsible aluminium pop-up frame partly expanded with magnetic bars attached","/pop-up-display-dubai/","Realistic close-up photograph of a collapsible aluminium pop-up display frame partly expanded, showing the lattice joints and magnetic channel bars, on a carpeted exhibition floor, soft hall lighting, shallow depth of field, fictional brand name, no real logos, no Flash Print Solution branding."
"p:pop-up-display-dubai:application","website/assets/images/products/pop-up-display-dubai/","pop-up-display-dubai-application-{width}.webp","4:3","640 + 1200","application","temporary stock (Unsplash)","Staff member beside a pop-up display at a university recruitment fair","/pop-up-display-dubai/","Realistic photograph of a staff member talking with students in front of a straight fabric pop-up display for a fictional engineering firm at a university careers fair in Dubai, literature on the case counter, bright indoor lighting, eye-level angle, fictional brand name, no real logos, no Flash Print Solution branding."
"p:pop-up-display-dubai:production","website/assets/images/products/pop-up-display-dubai/","pop-up-display-dubai-production-{width}.webp","4:3","640 + 1200","production","temporary stock — shared production photo (pool:quality-check)","Quality control","/pop-up-display-dubai/","Photorealistic commercial photograph of pop-up displays production: Quality control — checking a printed proof against a colour swatch under lighting. Clean, well-lit Dubai print workshop, 4:3 landscape. Fictional brand names only, no real logos, no Flash Print Solution branding."
"p:stage-branding-dubai:hero","website/assets/images/products/stage-branding-dubai/","stage-branding-dubai-hero-{width}.webp","4:3","640 + 1200","hero","temporary stock (Unsplash)","Conference stage with printed fascia, branded lectern and screen surround graphics","/stage-branding-dubai/","Realistic event photograph of a conference stage in a Dubai hotel ballroom with a printed matte fabric fascia, branded lectern wrap and foamex surround framing a large LED screen, all in navy and gold for a fictional business summit, stage lighting, empty seats in the foreground, wide angle, fictional brand name, no real logos, no Flash Print Solution branding."
"p:stage-branding-dubai:detail","website/assets/images/products/stage-branding-dubai/","stage-branding-dubai-detail-{width}.webp","4:3","640 + 1200","detail","temporary stock (Unsplash)","Close-up of a printed vinyl wrap on the front of a stage lectern","/stage-branding-dubai/","Realistic close-up photograph of the front of a stage lectern wrapped in printed matte vinyl with a fictional event logo, microphone on top, soft stage lighting with a dark background, shallow depth of field, three-quarter angle, fictional brand name, no real logos, no Flash Print Solution branding."
"p:stage-branding-dubai:application","website/assets/images/products/stage-branding-dubai/","stage-branding-dubai-application-{width}.webp","4:3","640 + 1200","application","temporary stock (Unsplash)","Speaker presenting on a branded stage to a seated conference audience","/stage-branding-dubai/","Realistic photograph taken from the audience of a speaker presenting on a branded conference stage, printed fascia, cut-out foamex logo letters and screen surround visible, silhouettes of attendees in the foreground, warm stage lighting, eye-level wide angle, fictional brand name, no real logos, no Flash Print Solution branding."
"p:stage-branding-dubai:production","website/assets/images/products/stage-branding-dubai/","stage-branding-dubai-production-{width}.webp","4:3","640 + 1200","production","temporary stock — shared production photo (pool:vinyl-installation)","Installer applying printed vinyl film to glass or wall with a squeegee","/stage-branding-dubai/","Photorealistic commercial photograph of stage branding production: Installer applying printed vinyl film to glass or wall with a squeegee. Clean, well-lit Dubai print workshop, 4:3 landscape. Fictional brand names only, no real logos, no Flash Print Solution branding."
"p:acrylic-signage-dubai:hero","website/assets/images/products/acrylic-signage-dubai/","acrylic-signage-dubai-hero-{width}.webp","4:3","640 + 1200","hero","temporary stock (Unsplash)","Clear acrylic meeting room sign with white printed lettering on brushed stand-offs","/acrylic-signage-dubai/","Realistic commercial photograph of a clear reverse-printed acrylic meeting room sign with white lettering, mounted on brushed steel stand-offs beside a glass door in a bright Dubai office, soft daylight, slight three-quarter angle, fictional brand name, no real logos, no Flash Print Solution branding"
"p:acrylic-signage-dubai:detail","website/assets/images/products/acrylic-signage-dubai/","acrylic-signage-dubai-detail-{width}.webp","4:3","640 + 1200","detail","temporary stock (Unsplash)","Close-up of a polished acrylic edge and brushed steel stand-off on a white wall","/acrylic-signage-dubai/","Macro product photograph of a 10 mm clear acrylic panel corner showing a flame-polished edge and a brushed stainless stand-off cap against a white painted wall, shallow depth of field, soft side lighting, fictional brand name, no real logos, no Flash Print Solution branding"
"p:acrylic-signage-dubai:application","website/assets/images/products/acrylic-signage-dubai/","acrylic-signage-dubai-application-{width}.webp","4:3","640 + 1200","application","temporary stock (Unsplash)","Frosted acrylic directory board beside a lift lobby in a modern office corridor","/acrylic-signage-dubai/","Realistic interior photograph of a frosted acrylic floor directory board with grey printed text and arrows, mounted on stand-offs beside lift doors in a Dubai office tower lobby, clean architectural lighting, eye-level view, fictional brand name, no real logos, no Flash Print Solution branding"
"p:acrylic-signage-dubai:production","website/assets/images/products/acrylic-signage-dubai/","acrylic-signage-dubai-production-{width}.webp","4:3","640 + 1200","production","temporary stock — shared production photo (pool:laser-cutter)","CO2 laser cutter cutting or engraving acrylic / wood sheet in the workshop","/acrylic-signage-dubai/","Photorealistic commercial photograph of acrylic sign boards production: CO2 laser cutter cutting or engraving acrylic / wood sheet in the workshop. Clean, well-lit Dubai print workshop, 4:3 landscape. Fictional brand names only, no real logos, no Flash Print Solution branding."
"p:office-name-boards-dubai:hero","website/assets/images/products/office-name-boards-dubai/","office-name-boards-dubai-hero-{width}.webp","4:3","640 + 1200","hero","temporary stock (Unsplash)","Brushed aluminium company name board with black lettering beside a timber office door","/office-name-boards-dubai/","Realistic commercial photograph of a brushed aluminium company name board with black engraved lettering and a small logo, fixed beside a dark timber office entrance door in a Dubai office tower corridor, even soft lighting, eye-level view, fictional brand name, no real logos, no Flash Print Solution branding"
"p:office-name-boards-dubai:detail","website/assets/images/products/office-name-boards-dubai/","office-name-boards-dubai-detail-{width}.webp","4:3","640 + 1200","detail","temporary stock (Unsplash)","Close-up of an engraved brass-finish door plate with black paint-filled lettering","/office-name-boards-dubai/","Macro photograph of a brass-finish door name plate with laser-engraved, black paint-filled name and job title text, fine brushed grain visible, warm directional light, shallow depth of field, fictional brand name, no real logos, no Flash Print Solution branding"
"p:office-name-boards-dubai:application","website/assets/images/products/office-name-boards-dubai/","office-name-boards-dubai-application-{width}.webp","4:3","640 + 1200","application","temporary stock (Unsplash)","Row of matching door name plates along a bright office corridor with glass walls","/office-name-boards-dubai/","Realistic interior photograph of a bright office corridor with a row of matching brushed silver door name plates at equal height beside timber doors and frosted glass partitions, Dubai office setting, natural daylight, one-point perspective, fictional brand name, no real logos, no Flash Print Solution branding"
"p:office-name-boards-dubai:production","website/assets/images/products/office-name-boards-dubai/","office-name-boards-dubai-production-{width}.webp","4:3","640 + 1200","production","temporary stock — shared production photo (pool:sign-fabrication)","Workshop fabrication of signage","/office-name-boards-dubai/","Photorealistic commercial photograph of office name boards production: Workshop fabrication of signage — acrylic, aluminium composite panels and letters. Clean, well-lit Dubai print workshop, 4:3 landscape. Fictional brand names only, no real logos, no Flash Print Solution branding."
"p:reception-signage-dubai:hero","website/assets/images/products/reception-signage-dubai/","reception-signage-dubai-hero-{width}.webp","4:3","640 + 1200","hero","temporary stock (Unsplash)","Black acrylic 3D logo letters on a light oak panel behind a reception desk","/reception-signage-dubai/","Realistic commercial photograph of black matt acrylic 3D logo letters floating on concealed studs over a light oak slatted panel behind a white reception desk in a Dubai office, warm downlights, straight-on wide view, fictional brand name, no real logos, no Flash Print Solution branding"
"p:reception-signage-dubai:detail","website/assets/images/products/reception-signage-dubai/","reception-signage-dubai-detail-{width}.webp","4:3","640 + 1200","detail","temporary stock (Unsplash)","Close-up of a halo-lit metal letter casting a warm glow onto a grey wall","/reception-signage-dubai/","Close-up photograph of a brushed stainless steel reverse-lit letter mounted off a dark grey wall, warm white LED halo glowing around its edges, low ambient light, side angle showing the stand-off gap, fictional brand name, no real logos, no Flash Print Solution branding"
"p:reception-signage-dubai:application","website/assets/images/products/reception-signage-dubai/","reception-signage-dubai-application-{width}.webp","4:3","640 + 1200","application","temporary stock (Unsplash)","Clinic reception area with illuminated logo wall, white counter and waiting chairs","/reception-signage-dubai/","Realistic interior photograph of a modern Dubai clinic reception with a face-lit white acrylic logo on a pale green feature wall above a curved white counter, waiting chairs in the foreground, bright clean lighting, fictional brand name, no real logos, no Flash Print Solution branding"
"p:reception-signage-dubai:production","website/assets/images/products/reception-signage-dubai/","reception-signage-dubai-production-{width}.webp","4:3","640 + 1200","production","temporary stock — shared production photo (pool:sign-fabrication)","Workshop fabrication of signage","/reception-signage-dubai/","Photorealistic commercial photograph of reception signage production: Workshop fabrication of signage — acrylic, aluminium composite panels and letters. Clean, well-lit Dubai print workshop, 4:3 landscape. Fictional brand names only, no real logos, no Flash Print Solution branding."
"p:wall-graphics-dubai:hero","website/assets/images/products/wall-graphics-dubai/","wall-graphics-dubai-hero-{width}.webp","4:3","640 + 1200","hero","temporary stock (Unsplash)","White cut vinyl values lettering on a dark green office wall above a bench","/wall-graphics-dubai/","Realistic commercial photograph of white matt cut vinyl lettering spelling company values on a deep green painted wall above an upholstered bench in a Dubai office breakout area, soft daylight, straight-on view, fictional brand name, no real logos, no Flash Print Solution branding"
"p:wall-graphics-dubai:detail","website/assets/images/products/wall-graphics-dubai/","wall-graphics-dubai-detail-{width}.webp","4:3","640 + 1200","detail","temporary stock (Unsplash)","Close-up of matt cut vinyl letters showing crisp edges on a painted wall","/wall-graphics-dubai/","Macro photograph of matt white cut vinyl letters applied to a smooth charcoal painted wall, crisp edges and faint paint texture visible, raking side light, shallow depth of field, fictional brand name, no real logos, no Flash Print Solution branding"
"p:wall-graphics-dubai:application","website/assets/images/products/wall-graphics-dubai/","wall-graphics-dubai-application-{width}.webp","4:3","640 + 1200","application","temporary stock (Unsplash)","Open-plan office breakout area with colourful printed wall graphics and lounge seating","/wall-graphics-dubai/","Realistic interior photograph of an open-plan Dubai office breakout area with colourful printed vinyl wall graphics of icons and a timeline, lounge seating and plants in front, bright natural light, wide angle, fictional brand name, no real logos, no Flash Print Solution branding"
"p:wall-graphics-dubai:production","website/assets/images/products/wall-graphics-dubai/","wall-graphics-dubai-production-{width}.webp","4:3","640 + 1200","production","temporary stock — shared production photo (pool:vinyl-installation)","Installer applying printed vinyl film to glass or wall with a squeegee","/wall-graphics-dubai/","Photorealistic commercial photograph of wall graphics production: Installer applying printed vinyl film to glass or wall with a squeegee. Clean, well-lit Dubai print workshop, 4:3 landscape. Fictional brand names only, no real logos, no Flash Print Solution branding."
"p:company-profile-printing-dubai:hero","website/assets/images/products/company-profile-printing-dubai/","company-profile-printing-dubai-hero-{width}.webp","4:3","640 + 1200","hero","temporary stock (Unsplash)","A4 company profile with soft-touch navy cover and spot UV logo on a desk","/company-profile-printing-dubai/","Realistic commercial photograph of an A4 portrait company profile for a fictional engineering firm, navy soft-touch laminated cover with a spot UV logo and title, lying at an angle on a grey stone desk with a second copy open behind, soft window light, fictional brand name, no real logos, no Flash Print Solution branding."
"p:company-profile-printing-dubai:detail","website/assets/images/products/company-profile-printing-dubai/","company-profile-printing-dubai-detail-{width}.webp","4:3","640 + 1200","detail","temporary stock (Unsplash)","Close-up of a perfect-bound profile spine with printed company name","/company-profile-printing-dubai/","Realistic macro photograph of the spine of a perfect-bound company profile showing a printed fictional company name, the edge of the soft-touch cover and crisp trimmed pages, soft side lighting on a white surface, shallow depth of field, fictional brand name, no real logos, no Flash Print Solution branding."
"p:company-profile-printing-dubai:application","website/assets/images/products/company-profile-printing-dubai/","company-profile-printing-dubai-application-{width}.webp","4:3","640 + 1200","application","temporary stock (Unsplash)","Business meeting with an open printed company profile on a conference table","/company-profile-printing-dubai/","Realistic photograph of two professionals in a Dubai meeting room reviewing an open printed company profile showing project photography on a spread, conference table with laptops and coffee cups, city view through the window, natural daylight, over-the-shoulder angle, fictional brand name, no real logos, no Flash Print Solution branding."
"p:company-profile-printing-dubai:production","website/assets/images/products/company-profile-printing-dubai/","company-profile-printing-dubai-production-{width}.webp","4:3","640 + 1200","production","temporary stock — shared production photo (pool:binding)","Booklet binding / stitching and folding of multi-page printed documents","/company-profile-printing-dubai/","Photorealistic commercial photograph of company profile printing production: Booklet binding / stitching and folding of multi-page printed documents. Clean, well-lit Dubai print workshop, 4:3 landscape. Fictional brand names only, no real logos, no Flash Print Solution branding."
"p:corporate-identity-printing-dubai:hero","website/assets/images/products/corporate-identity-printing-dubai/","corporate-identity-printing-dubai-hero-{width}.webp","4:3","640 + 1200","hero","temporary stock (Unsplash)","Corporate identity kit with business cards, letterhead, envelope and pocket folder in charcoal and copper","/corporate-identity-printing-dubai/","Realistic commercial photograph of a complete corporate identity kit for a fictional architecture studio, business cards, A4 letterhead, DL envelope, compliment slip and pocket folder in charcoal with copper foil, neatly arranged on a pale concrete surface, soft diffused light, top-down angle, fictional brand name, no real logos, no Flash Print Solution branding."
"p:corporate-identity-printing-dubai:detail","website/assets/images/products/corporate-identity-printing-dubai/","corporate-identity-printing-dubai-detail-{width}.webp","4:3","640 + 1200","detail","temporary stock (Unsplash)","Close-up of copper foil logo on textured uncoated letterhead paper","/corporate-identity-printing-dubai/","Realistic macro photograph of a copper foil logo stamped on textured uncoated letterhead paper, raking light revealing the paper fibres and slight foil impression, shallow depth of field, neutral background, fictional brand name, no real logos, no Flash Print Solution branding."
"p:corporate-identity-printing-dubai:application","website/assets/images/products/corporate-identity-printing-dubai/","corporate-identity-printing-dubai-application-{width}.webp","4:3","640 + 1200","application","temporary stock — SHARED with cat:branding-identity (replace first)","Employee handing a business card to a visitor across an office reception desk","/corporate-identity-printing-dubai/","Realistic photograph of a smiling employee handing a business card to a visitor across a modern reception desk in a Dubai office, matching branded folder on the desk, warm natural light, medium shot focused on the hands and card, fictional brand name, no real logos, no Flash Print Solution branding."
"p:corporate-identity-printing-dubai:production","website/assets/images/products/corporate-identity-printing-dubai/","corporate-identity-printing-dubai-production-{width}.webp","4:3","640 + 1200","production","temporary stock — shared production photo (pool:offset-press)","Offset press run","/corporate-identity-printing-dubai/","Photorealistic commercial photograph of corporate identity kits production: Offset press run — operator checking a sheet at an offset printing press. Clean, well-lit Dubai print workshop, 4:3 landscape. Fictional brand names only, no real logos, no Flash Print Solution branding."
"p:office-branding-dubai:hero","website/assets/images/products/office-branding-dubai/","office-branding-dubai-hero-{width}.webp","4:3","640 + 1200","hero","temporary stock (Unsplash)","Office reception with brushed metal logo letters on a timber feature wall","/office-branding-dubai/","Realistic interior photograph of a modern Dubai office reception with brushed metal 3D logo letters for a fictional investment firm mounted on a walnut timber feature wall, white reception desk in front, warm downlighting, wide eye-level angle, fictional brand name, no real logos, no Flash Print Solution branding."
"p:office-branding-dubai:detail","website/assets/images/products/office-branding-dubai/","office-branding-dubai-detail-{width}.webp","4:3","640 + 1200","detail","temporary stock (Unsplash)","Frosted glass film with cut-out pattern band on a meeting room partition","/office-branding-dubai/","Realistic close-up photograph of frosted glass film with a cut geometric pattern band and a small fictional logo on a glass meeting room partition, soft office lighting, a blurred meeting table visible behind, shallow depth of field, fictional brand name, no real logos, no Flash Print Solution branding."
"p:office-branding-dubai:application","website/assets/images/products/office-branding-dubai/","office-branding-dubai-application-{width}.webp","4:3","640 + 1200","application","temporary stock (Unsplash)","Open-plan office corridor with a large printed values wall mural","/office-branding-dubai/","Realistic interior photograph of an open-plan Dubai office corridor featuring a large printed wall mural with company values typography and abstract city illustration for a fictional tech company, matte finish, staff walking past, natural daylight from windows, wide angle, fictional brand name, no real logos, no Flash Print Solution branding."
"p:office-branding-dubai:production","website/assets/images/products/office-branding-dubai/","office-branding-dubai-production-{width}.webp","4:3","640 + 1200","production","temporary stock — shared production photo (pool:vinyl-installation)","Installer applying printed vinyl film to glass or wall with a squeegee","/office-branding-dubai/","Photorealistic commercial photograph of office branding production: Installer applying printed vinyl film to glass or wall with a squeegee. Clean, well-lit Dubai print workshop, 4:3 landscape. Fictional brand names only, no real logos, no Flash Print Solution branding."
"p:fleet-branding-dubai:hero","website/assets/images/products/fleet-branding-dubai/","fleet-branding-dubai-hero-{width}.webp","4:3","640 + 1200","hero","temporary stock (Unsplash)","Fleet of vans, a pick-up and a car sharing one green and white fictional livery","/fleet-branding-dubai/","Realistic commercial photograph of a mixed company fleet, two panel vans, a pick-up and a saloon, all carrying the same green and white livery for a fictional facilities company, lined up in a clean depot yard in Dubai, soft morning light, elevated three-quarter angle, fictional brand name, no real logos, no Flash Print Solution branding."
"p:fleet-branding-dubai:detail","website/assets/images/products/fleet-branding-dubai/","fleet-branding-dubai-detail-{width}.webp","4:3","640 + 1200","detail","temporary stock (Unsplash)","Cut vinyl fleet number and hotline lettering on the rear door of a van","/fleet-branding-dubai/","Realistic close-up photograph of the rear door of a white van showing a cut vinyl fleet number and a fictional hotline in dark green lettering alongside a small printed logo, crisp edges, soft overcast daylight, straight-on angle, fictional brand name, no real logos, no Flash Print Solution branding."
"p:fleet-branding-dubai:application","website/assets/images/products/fleet-branding-dubai/","fleet-branding-dubai-application-{width}.webp","4:3","640 + 1200","application","temporary stock (Unsplash)","Branded service vans driving on a city road with matching livery","/fleet-branding-dubai/","Realistic photograph of two branded service vans with identical blue and white livery for a fictional maintenance company driving along a multi-lane road in Dubai, towers softly blurred in the background, golden hour light, panning motion effect, fictional brand name, no real logos, no Flash Print Solution branding."
"p:fleet-branding-dubai:production","website/assets/images/products/fleet-branding-dubai/","fleet-branding-dubai-production-{width}.webp","4:3","640 + 1200","production","temporary stock — shared production photo (pool:quality-check)","Quality control","/fleet-branding-dubai/","Photorealistic commercial photograph of fleet branding production: Quality control — checking a printed proof against a colour swatch under lighting. Clean, well-lit Dubai print workshop, 4:3 landscape. Fictional brand names only, no real logos, no Flash Print Solution branding."
"p:vehicle-wrapping-dubai:hero","website/assets/images/products/vehicle-wrapping-dubai/","vehicle-wrapping-dubai-hero-{width}.webp","4:3","640 + 1200","hero","temporary stock (Unsplash)","White panel van fully wrapped in teal and orange graphics for a fictional courier company","/vehicle-wrapping-dubai/","Realistic commercial photograph of a white panel van fully wrapped in teal and orange printed graphics for a fictional courier company, parked on a clean paved forecourt in Dubai, soft late afternoon light, three-quarter front angle, glossy laminate finish visible, fictional brand name, no real logos, no Flash Print Solution branding."
"p:vehicle-wrapping-dubai:detail","website/assets/images/products/vehicle-wrapping-dubai/","vehicle-wrapping-dubai-detail-{width}.webp","4:3","640 + 1200","detail","temporary stock (Unsplash)","Close-up of satin laminated wrap film stretched around the curve of a wing mirror","/vehicle-wrapping-dubai/","Realistic macro photograph of satin laminated printed wrap film stretched smoothly around the curve of a car wing mirror, showing a clean tucked edge and subtle texture of the laminate, soft diffused workshop lighting, shallow depth of field, fictional brand name, no real logos, no Flash Print Solution branding."
"p:vehicle-wrapping-dubai:application","website/assets/images/products/vehicle-wrapping-dubai/","vehicle-wrapping-dubai-application-{width}.webp","4:3","640 + 1200","application","temporary stock (Unsplash)","Pick-up truck with a full printed wrap parked outside a modern office building","/vehicle-wrapping-dubai/","Realistic photograph of a double-cab pick-up truck with a full printed wrap in navy and yellow for a fictional contracting company, parked outside a glass office building in Business Bay, Dubai, bright morning light, side-on angle, fictional brand name, no real logos, no Flash Print Solution branding."
"p:vehicle-wrapping-dubai:production","website/assets/images/products/vehicle-wrapping-dubai/","vehicle-wrapping-dubai-production-{width}.webp","4:3","640 + 1200","production","temporary stock — shared production photo (pool:vehicle-wrap-install)","Installer applying wrap film to a vehicle panel with a heat gun and squeegee","/vehicle-wrapping-dubai/","Photorealistic commercial photograph of full vehicle wrapping production: Installer applying wrap film to a vehicle panel with a heat gun and squeegee. Clean, well-lit Dubai print workshop, 4:3 landscape. Fictional brand names only, no real logos, no Flash Print Solution branding."
"p:partial-vehicle-wrapping-dubai:hero","website/assets/images/products/partial-vehicle-wrapping-dubai/","partial-vehicle-wrapping-dubai-hero-{width}.webp","4:3","640 + 1200","hero","temporary stock (Unsplash)","White van with a rear half wrap in red graphics fading into the white paint","/partial-vehicle-wrapping-dubai/","Realistic commercial photograph of a white high-roof panel van with a partial wrap covering the rear half, red and charcoal graphics for a fictional plumbing company fading into the white paint by the front door, clean industrial backdrop, soft daylight, side-on angle, fictional brand name, no real logos, no Flash Print Solution branding."
"p:partial-vehicle-wrapping-dubai:detail","website/assets/images/products/partial-vehicle-wrapping-dubai/","partial-vehicle-wrapping-dubai-detail-{width}.webp","4:3","640 + 1200","detail","temporary stock — SHARED with cat:vehicle-branding (replace first)","Edge of printed wrap film finished neatly along a van's body crease","/partial-vehicle-wrapping-dubai/","Realistic close-up photograph of the edge of a printed partial wrap finished neatly along a horizontal body crease on a white van, showing the laminate surface and the clean transition to paint, soft workshop lighting, shallow depth of field, fictional brand name, no real logos, no Flash Print Solution branding."
"p:partial-vehicle-wrapping-dubai:application","website/assets/images/products/partial-vehicle-wrapping-dubai/","partial-vehicle-wrapping-dubai-application-{width}.webp","4:3","640 + 1200","application","temporary stock (Unsplash)","Contractor pick-up with tailgate and rear quarter graphics parked at a construction site","/partial-vehicle-wrapping-dubai/","Realistic photograph of a white pick-up truck with printed partial wrap graphics on the tailgate and rear quarters for a fictional construction firm, parked at a Dubai construction site entrance with hoarding behind, bright midday light softened by haze, rear three-quarter view, fictional brand name, no real logos, no Flash Print Solution branding."
"p:partial-vehicle-wrapping-dubai:production","website/assets/images/products/partial-vehicle-wrapping-dubai/","partial-vehicle-wrapping-dubai-production-{width}.webp","4:3","640 + 1200","production","temporary stock — shared production photo (pool:large-format-printer)","Wide-format inkjet printer printing a large graphic onto roll media","/partial-vehicle-wrapping-dubai/","Photorealistic commercial photograph of partial wraps production: Wide-format inkjet printer printing a large graphic onto roll media. Clean, well-lit Dubai print workshop, 4:3 landscape. Fictional brand names only, no real logos, no Flash Print Solution branding."
"p:reflective-sticker-printing-dubai:hero","website/assets/images/products/reflective-sticker-printing-dubai/","reflective-sticker-printing-dubai-hero-{width}.webp","4:3","640 + 1200","hero","temporary stock (Unsplash)","Rear doors of a box truck with red and white reflective chevron markings","/reflective-sticker-printing-dubai/","Realistic commercial photograph of the rear doors of a white box truck fitted with red and white high-intensity reflective chevron panels and a small fictional company logo, parked in a logistics yard at dusk, lights catching the reflective film, straight-on angle, fictional brand name, no real logos, no Flash Print Solution branding."
"p:reflective-sticker-printing-dubai:detail","website/assets/images/products/reflective-sticker-printing-dubai/","reflective-sticker-printing-dubai-detail-{width}.webp","4:3","640 + 1200","detail","temporary stock (Unsplash)","Macro view of prismatic reflective vinyl showing its honeycomb cell pattern","/reflective-sticker-printing-dubai/","Realistic macro photograph of yellow microprismatic reflective vinyl showing its fine honeycomb cell structure, a cut edge lifting slightly from the white backing liner, raking studio light creating sparkle, shallow depth of field, fictional brand name, no real logos, no Flash Print Solution branding."
"p:reflective-sticker-printing-dubai:application","website/assets/images/products/reflective-sticker-printing-dubai/","reflective-sticker-printing-dubai-application-{width}.webp","4:3","640 + 1200","application","temporary stock (Unsplash)","Van at night with reflective fleet number and logo glowing in headlights","/reflective-sticker-printing-dubai/","Realistic night photograph of the rear of a white service van on a Dubai road, reflective fleet number and a fictional company logo glowing brightly in the headlights of the car behind, soft street lighting, low rear angle, fictional brand name, no real logos, no Flash Print Solution branding."
"p:reflective-sticker-printing-dubai:production","website/assets/images/products/reflective-sticker-printing-dubai/","reflective-sticker-printing-dubai-production-{width}.webp","4:3","640 + 1200","production","temporary stock — shared production photo (pool:vinyl-plotter)","Vinyl cutting plotter cutting lettering/shapes from coloured vinyl, then weeding","/reflective-sticker-printing-dubai/","Photorealistic commercial photograph of reflective stickers production: Vinyl cutting plotter cutting lettering/shapes from coloured vinyl, then weeding. Clean, well-lit Dubai print workshop, 4:3 landscape. Fictional brand names only, no real logos, no Flash Print Solution branding."
"p:barcode-label-printing-dubai:hero","website/assets/images/products/barcode-label-printing-dubai/","barcode-label-printing-dubai-hero-{width}.webp","4:3","640 + 1200","hero","temporary stock (Unsplash)","Roll of white barcode labels with black codes resting on a warehouse workbench","/barcode-label-printing-dubai/","Realistic commercial product photograph of a roll of white barcode labels with crisp black EAN codes on a clean warehouse workbench, soft daylight from a high window, shallow depth of field, 45-degree angle, fictional brand name, no real logos, no Flash Print Solution branding."
"p:barcode-label-printing-dubai:detail","website/assets/images/products/barcode-label-printing-dubai/","barcode-label-printing-dubai-detail-{width}.webp","4:3","640 + 1200","detail","temporary stock (Unsplash)","Close-up of a brushed silver polyester asset tag with a barcode and serial number","/barcode-label-printing-dubai/","Macro product photograph of a brushed silver polyester asset tag with a black Code 128 barcode and printed serial number, applied to a grey laptop base, crisp raking light showing the metallic texture, fictional brand name, no real logos, no Flash Print Solution branding."
"p:barcode-label-printing-dubai:application","website/assets/images/products/barcode-label-printing-dubai/","barcode-label-printing-dubai-application-{width}.webp","4:3","640 + 1200","application","temporary stock (Unsplash)","Warehouse worker scanning a barcode label on a cardboard carton with a handheld scanner","/barcode-label-printing-dubai/","Realistic documentary-style photograph of a warehouse worker in a Dubai distribution centre scanning a printed barcode label on a cardboard carton with a handheld scanner, racking in the background, natural industrial lighting, eye-level angle, fictional brand name, no real logos, no Flash Print Solution branding."
"p:barcode-label-printing-dubai:production","website/assets/images/products/barcode-label-printing-dubai/","barcode-label-printing-dubai-production-{width}.webp","4:3","640 + 1200","production","temporary stock — shared production photo (pool:label-printing)","Roll label printing and slitting","/barcode-label-printing-dubai/","Photorealistic commercial photograph of barcode labels production: Roll label printing and slitting — labels on a roll passing through a press. Clean, well-lit Dubai print workshop, 4:3 landscape. Fictional brand names only, no real logos, no Flash Print Solution branding."
"p:die-cut-sticker-printing-dubai:hero","website/assets/images/products/die-cut-sticker-printing-dubai/","die-cut-sticker-printing-dubai-hero-{width}.webp","4:3","640 + 1200","hero","temporary stock (Unsplash)","Colourful die-cut vinyl stickers in custom logo shapes scattered on a white desk","/die-cut-sticker-printing-dubai/","Realistic commercial product photograph of colourful die-cut vinyl stickers in custom logo and mascot shapes with thin white borders, scattered on a white desk beside a laptop, bright soft daylight, slightly elevated angle, fictional brand name, no real logos, no Flash Print Solution branding."
"p:die-cut-sticker-printing-dubai:detail","website/assets/images/products/die-cut-sticker-printing-dubai/","die-cut-sticker-printing-dubai-detail-{width}.webp","4:3","640 + 1200","detail","temporary stock (Unsplash)","Hand peeling a glossy kiss-cut sticker from its printed backing sheet","/die-cut-sticker-printing-dubai/","Close-up product photograph of a hand peeling a glossy kiss-cut sticker away from a printed sticker sheet, showing the clean cut edge and laminate sheen, neutral grey background, soft studio lighting, macro lens, fictional brand name, no real logos, no Flash Print Solution branding."
"p:die-cut-sticker-printing-dubai:application","website/assets/images/products/die-cut-sticker-printing-dubai/","die-cut-sticker-printing-dubai-application-{width}.webp","4:3","640 + 1200","application","temporary stock (Unsplash)","Laptop lid and water bottle decorated with custom die-cut stickers in a café","/die-cut-sticker-printing-dubai/","Lifestyle photograph of a silver laptop lid and a reusable water bottle decorated with custom die-cut vinyl stickers on a table in a bright Dubai café, natural window light, candid three-quarter angle, fictional brand name, no real logos, no Flash Print Solution branding."
"p:die-cut-sticker-printing-dubai:production","website/assets/images/products/die-cut-sticker-printing-dubai/","die-cut-sticker-printing-dubai-production-{width}.webp","4:3","640 + 1200","production","temporary stock — shared production photo (pool:vinyl-plotter)","Vinyl cutting plotter cutting lettering/shapes from coloured vinyl, then weeding","/die-cut-sticker-printing-dubai/","Photorealistic commercial photograph of die-cut stickers production: Vinyl cutting plotter cutting lettering/shapes from coloured vinyl, then weeding. Clean, well-lit Dubai print workshop, 4:3 landscape. Fictional brand names only, no real logos, no Flash Print Solution branding."
"p:magnetic-stickers-dubai:hero","website/assets/images/products/magnetic-stickers-dubai/","magnetic-stickers-dubai-hero-{width}.webp","4:3","640 + 1200","hero","temporary stock (Unsplash)","Pair of printed magnetic door signs for a service van laid on a workshop table","/magnetic-stickers-dubai/","Realistic commercial product photograph of a pair of printed magnetic car door signs with rounded corners and a fictional cleaning company design, laid flat on a clean workshop table, soft overhead lighting, 45-degree angle, fictional brand name, no real logos, no Flash Print Solution branding."
"p:magnetic-stickers-dubai:detail","website/assets/images/products/magnetic-stickers-dubai/","magnetic-stickers-dubai-detail-{width}.webp","4:3","640 + 1200","detail","temporary stock (Unsplash)","Edge of a laminated magnetic sheet showing the printed vinyl face and dark magnet layer","/magnetic-stickers-dubai/","Macro product photograph of the edge of a laminated flexible magnetic sheet, showing the glossy printed vinyl face bonded to the dark brown magnetic layer, slight curl, neutral background, crisp studio lighting, fictional brand name, no real logos, no Flash Print Solution branding."
"p:magnetic-stickers-dubai:application","website/assets/images/products/magnetic-stickers-dubai/","magnetic-stickers-dubai-application-{width}.webp","4:3","640 + 1200","application","temporary stock (Unsplash)","Colourful restaurant delivery magnet on a white kitchen fridge door beside family photos","/magnetic-stickers-dubai/","Lifestyle photograph of a colourful printed fridge magnet for a fictional restaurant delivery service on a white fridge door in a modern Dubai apartment kitchen, alongside notes and photos, warm natural light, eye-level angle, fictional brand name, no real logos, no Flash Print Solution branding."
"p:magnetic-stickers-dubai:production","website/assets/images/products/magnetic-stickers-dubai/","magnetic-stickers-dubai-production-{width}.webp","4:3","640 + 1200","production","temporary stock — shared production photo (pool:finishing-cutting)","Trimming and cutting printed stacks on a guillotine in a print finishing area","/magnetic-stickers-dubai/","Photorealistic commercial photograph of magnetic stickers production: Trimming and cutting printed stacks on a guillotine in a print finishing area. Clean, well-lit Dubai print workshop, 4:3 landscape. Fictional brand names only, no real logos, no Flash Print Solution branding."
"p:product-label-printing-dubai:hero","website/assets/images/products/product-label-printing-dubai/","product-label-printing-dubai-hero-{width}.webp","4:3","640 + 1200","hero","temporary stock (Unsplash)","Amber glass jars and bottles with matching printed product labels on a marble counter","/product-label-printing-dubai/","Realistic commercial product photograph of amber glass jars and bottles with matching cream textured labels and gold foil details for a fictional honey and oils brand on a white marble counter, soft window light, straight-on angle, fictional brand name, no real logos, no Flash Print Solution branding."
"p:product-label-printing-dubai:detail","website/assets/images/products/product-label-printing-dubai/","product-label-printing-dubai-detail-{width}.webp","4:3","640 + 1200","detail","temporary stock (Unsplash)","Close-up of gold foil lettering on a textured paper label applied to glass","/product-label-printing-dubai/","Macro product photograph of gold hot-foil lettering and a blind-embossed border on a textured cotton paper label applied to a glass bottle, raking light showing texture and foil shine, shallow depth of field, fictional brand name, no real logos, no Flash Print Solution branding."
"p:product-label-printing-dubai:application","website/assets/images/products/product-label-printing-dubai/","product-label-printing-dubai-application-{width}.webp","4:3","640 + 1200","application","temporary stock (Unsplash)","Worker applying roll labels to cosmetic bottles at a small packing table","/product-label-printing-dubai/","Documentary-style photograph of a worker applying printed roll labels to white cosmetic bottles at a tidy packing table in a small Dubai production studio, label roll on a dispenser, natural daylight, three-quarter angle, fictional brand name, no real logos, no Flash Print Solution branding."
"p:product-label-printing-dubai:production","website/assets/images/products/product-label-printing-dubai/","product-label-printing-dubai-production-{width}.webp","4:3","640 + 1200","production","temporary stock — shared production photo (pool:label-printing)","Roll label printing and slitting","/product-label-printing-dubai/","Photorealistic commercial photograph of product labels production: Roll label printing and slitting — labels on a roll passing through a press. Clean, well-lit Dubai print workshop, 4:3 landscape. Fictional brand names only, no real logos, no Flash Print Solution branding."
"p:transparent-sticker-printing-dubai:hero","website/assets/images/products/transparent-sticker-printing-dubai/","transparent-sticker-printing-dubai-hero-{width}.webp","4:3","640 + 1200","hero","temporary stock (Unsplash)","Clear sticker with white and gold lettering on a glass candle jar","/transparent-sticker-printing-dubai/","Realistic commercial product photograph of a clear no-label-look sticker with white and gold lettering for a fictional candle brand on a glass candle jar, soft neutral background, gentle side lighting showing glass transparency, eye-level angle, fictional brand name, no real logos, no Flash Print Solution branding."
"p:transparent-sticker-printing-dubai:detail","website/assets/images/products/transparent-sticker-printing-dubai/","transparent-sticker-printing-dubai-detail-{width}.webp","4:3","640 + 1200","detail","temporary stock (Unsplash)","Sheet of transparent stickers held up to the light showing the white ink layer","/transparent-sticker-printing-dubai/","Close-up product photograph of a sheet of transparent stickers held up against a bright window, showing opaque white-backed colours beside tinted clear areas, soft backlight, macro lens, shallow depth of field, fictional brand name, no real logos, no Flash Print Solution branding."
"p:transparent-sticker-printing-dubai:application","website/assets/images/products/transparent-sticker-printing-dubai/","transparent-sticker-printing-dubai-application-{width}.webp","4:3","640 + 1200","application","temporary stock (Unsplash)","Clear opening hours sticker on a glass shop door in a Dubai mall","/transparent-sticker-printing-dubai/","Realistic photograph of a transparent opening hours and payment sticker applied to a frameless glass shop door in a bright Dubai mall, interior softly blurred behind, natural ambient light, straight-on angle, fictional brand name, no real logos, no Flash Print Solution branding."
"p:transparent-sticker-printing-dubai:production","website/assets/images/products/transparent-sticker-printing-dubai/","transparent-sticker-printing-dubai-production-{width}.webp","4:3","640 + 1200","production","temporary stock — shared production photo (pool:digital-press)","Digital press output","/transparent-sticker-printing-dubai/","Photorealistic commercial photograph of transparent stickers production: Digital press output — freshly printed sheets leaving a production digital press. Clean, well-lit Dubai print workshop, 4:3 landscape. Fictional brand names only, no real logos, no Flash Print Solution branding."
"p:vinyl-sticker-printing-dubai:hero","website/assets/images/products/vinyl-sticker-printing-dubai/","vinyl-sticker-printing-dubai-hero-{width}.webp","4:3","640 + 1200","hero","temporary stock (Unsplash)","Printed vinyl stickers and cut vinyl lettering on application tape on a workbench","/vinyl-sticker-printing-dubai/","Realistic commercial product photograph of full-colour laminated vinyl stickers beside white cut vinyl lettering on clear application tape, laid on a clean workshop bench, soft overhead lighting, 45-degree angle, fictional brand name, no real logos, no Flash Print Solution branding."
"p:vinyl-sticker-printing-dubai:detail","website/assets/images/products/vinyl-sticker-printing-dubai/","vinyl-sticker-printing-dubai-detail-{width}.webp","4:3","640 + 1200","detail","temporary stock (Unsplash)","Weeding tool lifting excess vinyl from plotter-cut letters on a backing sheet","/vinyl-sticker-printing-dubai/","Close-up photograph of a hand using a weeding hook to lift excess coloured vinyl from freshly plotter-cut letters on a silicone backing sheet, sharp focus on the blade and letter edges, bright workshop light, fictional brand name, no real logos, no Flash Print Solution branding."
"p:vinyl-sticker-printing-dubai:application","website/assets/images/products/vinyl-sticker-printing-dubai/","vinyl-sticker-printing-dubai-application-{width}.webp","4:3","640 + 1200","application","temporary stock (Unsplash)","Installer squeegeeing white vinyl lettering onto a café glass door","/vinyl-sticker-printing-dubai/","Realistic photograph of an installer using a squeegee to apply white cut vinyl opening-hours lettering to a café glass door in Dubai, application tape half peeled, bright daylight, over-the-shoulder angle, fictional brand name, no real logos, no Flash Print Solution branding."
"p:vinyl-sticker-printing-dubai:production","website/assets/images/products/vinyl-sticker-printing-dubai/","vinyl-sticker-printing-dubai-production-{width}.webp","4:3","640 + 1200","production","temporary stock — shared production photo (pool:large-format-printer)","Wide-format inkjet printer printing a large graphic onto roll media","/vinyl-sticker-printing-dubai/","Photorealistic commercial photograph of vinyl stickers production: Wide-format inkjet printer printing a large graphic onto roll media. Clean, well-lit Dubai print workshop, 4:3 landscape. Fictional brand names only, no real logos, no Flash Print Solution branding."
"p:safety-vest-printing-dubai:hero","website/assets/images/products/safety-vest-printing-dubai/","safety-vest-printing-dubai-hero-{width}.webp","4:3","640 + 1200","hero","temporary stock (Unsplash)","Fluorescent yellow safety vest with a black printed fictional company logo and reflective bands","/safety-vest-printing-dubai/","Realistic product photograph of a fluorescent yellow hi-vis safety vest with silver reflective bands and a black printed fictional company logo on the chest, hung on a hanger against a concrete wall, bright even light, front angle, fictional brand name, no real logos, no Flash Print Solution branding."
"p:safety-vest-printing-dubai:detail","website/assets/images/products/safety-vest-printing-dubai/","safety-vest-printing-dubai-detail-{width}.webp","4:3","640 + 1200","detail","temporary stock (Unsplash)","Back of an orange mesh vest printed with the word Supervisor above reflective tape","/safety-vest-printing-dubai/","Close-up commercial photograph of the back of an orange mesh hi-vis vest printed with the word SUPERVISOR in bold black lettering above a silver reflective band, mesh texture visible, crisp daylight, straight-on angle, fictional brand name, no real logos, no Flash Print Solution branding."
"p:safety-vest-printing-dubai:application","website/assets/images/products/safety-vest-printing-dubai/","safety-vest-printing-dubai-application-{width}.webp","4:3","640 + 1200","application","temporary stock (Unsplash)","Construction workers in printed yellow safety vests reviewing plans on a Dubai site","/safety-vest-printing-dubai/","Realistic photograph of three construction workers in printed yellow hi-vis vests and white helmets reviewing drawings on a Dubai building site, cranes in the background, bright morning sun, eye-level documentary angle, fictional brand name, no real logos, no Flash Print Solution branding."
"p:safety-vest-printing-dubai:production","website/assets/images/products/safety-vest-printing-dubai/","safety-vest-printing-dubai-production-{width}.webp","4:3","640 + 1200","production","temporary stock — shared production photo (pool:heat-press)","Heat press transferring a printed design (DTF / heat transfer) onto fabric","/safety-vest-printing-dubai/","Photorealistic commercial photograph of safety vest printing production: Heat press transferring a printed design (DTF / heat transfer) onto fabric. Clean, well-lit Dubai print workshop, 4:3 landscape. Fictional brand names only, no real logos, no Flash Print Solution branding."
"p:t-shirt-printing-dubai:hero","website/assets/images/products/t-shirt-printing-dubai/","t-shirt-printing-dubai-hero-{width}.webp","4:3","640 + 1200","hero","temporary stock (Unsplash)","Black cotton t-shirt with a bold white printed fictional logo laid flat","/t-shirt-printing-dubai/","Realistic product photograph of a black crew-neck cotton t-shirt with a bold white and orange screen-printed fictional logo on the front, laid flat on a pale concrete surface, soft even studio light, top-down angle, fictional brand name, no real logos, no Flash Print Solution branding."
"p:t-shirt-printing-dubai:detail","website/assets/images/products/t-shirt-printing-dubai/","t-shirt-printing-dubai-detail-{width}.webp","4:3","640 + 1200","detail","temporary stock (Unsplash)","Close-up of a multi-colour DTF print on white cotton fabric showing fine detail","/t-shirt-printing-dubai/","Macro commercial photograph of a colourful DTF transfer print on white cotton t-shirt fabric, fine lines and gradients visible, fabric weave texture around the print edges, soft side light, shallow depth of field, fictional brand name, no real logos, no Flash Print Solution branding."
"p:t-shirt-printing-dubai:application","website/assets/images/products/t-shirt-printing-dubai/","t-shirt-printing-dubai-application-{width}.webp","4:3","640 + 1200","application","temporary stock (Unsplash)","Runners in matching printed event t-shirts at the start of a morning fun run","/t-shirt-printing-dubai/","Realistic lifestyle photograph of a group of runners in matching bright printed event t-shirts gathering at the start line of a morning fun run on a Dubai waterfront promenade, early golden light, candid wide angle, fictional brand name, no real logos, no Flash Print Solution branding."
"p:t-shirt-printing-dubai:production","website/assets/images/products/t-shirt-printing-dubai/","t-shirt-printing-dubai-production-{width}.webp","4:3","640 + 1200","production","temporary stock — shared production photo (pool:screen-printing)","Screen printing garments","/t-shirt-printing-dubai/","Photorealistic commercial photograph of t-shirt printing production: Screen printing garments — squeegee pulling ink through a mesh screen. Clean, well-lit Dubai print workshop, 4:3 landscape. Fictional brand names only, no real logos, no Flash Print Solution branding."
"p:uniform-printing-dubai:hero","website/assets/images/products/uniform-printing-dubai/","uniform-printing-dubai-hero-{width}.webp","4:3","640 + 1200","hero","temporary stock (Unsplash)","Row of navy and white staff polo shirts with embroidered chest logos on hangers","/uniform-printing-dubai/","Realistic commercial photograph of navy and white pique polo shirts with matching embroidered fictional logos on the left chest, hanging on a steel rail in a bright workroom, soft daylight, slight side angle, fictional brand name, no real logos, no Flash Print Solution branding."
"p:uniform-printing-dubai:detail","website/assets/images/products/uniform-printing-dubai/","uniform-printing-dubai-detail-{width}.webp","4:3","640 + 1200","detail","temporary stock (Unsplash)","Close-up of an embroidered logo and staff name on a white work shirt","/uniform-printing-dubai/","Macro commercial photograph of a navy embroidered fictional logo with a staff name stitched beneath it on a white poly-cotton work shirt, thread texture and satin stitches visible, soft raking light, shallow depth of field, fictional brand name, no real logos, no Flash Print Solution branding."
"p:uniform-printing-dubai:application","website/assets/images/products/uniform-printing-dubai/","uniform-printing-dubai-application-{width}.webp","4:3","640 + 1200","application","temporary stock (Unsplash)","Hotel reception staff in matching branded uniforms greeting a guest at the front desk","/uniform-printing-dubai/","Realistic lifestyle photograph of two hotel reception staff in matching charcoal uniforms with small embroidered fictional logos, greeting a guest at a marble front desk in a Dubai hotel lobby, warm ambient light, eye-level angle, fictional brand name, no real logos, no Flash Print Solution branding."
"p:uniform-printing-dubai:production","website/assets/images/products/uniform-printing-dubai/","uniform-printing-dubai-production-{width}.webp","4:3","640 + 1200","production","temporary stock — shared production photo (pool:embroidery)","Multi-head embroidery machine stitching a logo onto a garment or cap","/uniform-printing-dubai/","Photorealistic commercial photograph of uniform printing production: Multi-head embroidery machine stitching a logo onto a garment or cap. Clean, well-lit Dubai print workshop, 4:3 landscape. Fictional brand names only, no real logos, no Flash Print Solution branding."
"p:custom-box-printing-dubai:hero","website/assets/images/products/custom-box-printing-dubai/","custom-box-printing-dubai-hero-{width}.webp","4:3","640 + 1200","hero","temporary stock (Unsplash)","Black rigid magnetic gift box with gold foil logo beside a white tuck-end carton","/custom-box-printing-dubai/","Realistic commercial product photograph of a black soft-touch rigid magnetic gift box with a gold foil logo for a fictional perfume house beside a white tuck-end carton, on a warm grey backdrop, soft studio lighting, three-quarter angle, fictional brand name, no real logos, no Flash Print Solution branding."
"p:custom-box-printing-dubai:detail","website/assets/images/products/custom-box-printing-dubai/","custom-box-printing-dubai-detail-{width}.webp","4:3","640 + 1200","detail","temporary stock (Unsplash)","Close-up of spot UV pattern and embossed logo on a soft-touch box lid","/custom-box-printing-dubai/","Macro product photograph of a raised embossed logo and glossy spot UV pattern on a matte soft-touch box lid, raking side light showing the contrast between gloss and velvet surfaces, shallow depth of field, fictional brand name, no real logos, no Flash Print Solution branding."
"p:custom-box-printing-dubai:application","website/assets/images/products/custom-box-printing-dubai/","custom-box-printing-dubai-application-{width}.webp","4:3","640 + 1200","application","temporary stock (Unsplash)","Open printed mailer box with tissue paper and a product inside on a table","/custom-box-printing-dubai/","Lifestyle photograph of an open printed E-flute mailer box with a patterned inside lid, tissue paper and a skincare product nestled in a card insert, on a light wooden table in a Dubai apartment, natural window light, top-down angle, fictional brand name, no real logos, no Flash Print Solution branding."
"p:custom-box-printing-dubai:production","website/assets/images/products/custom-box-printing-dubai/","custom-box-printing-dubai-production-{width}.webp","4:3","640 + 1200","production","temporary stock — shared production photo (pool:packaging-production)","Packaging production","/custom-box-printing-dubai/","Photorealistic commercial photograph of custom boxes production: Packaging production — die-cut cartons being folded, glued and checked. Clean, well-lit Dubai print workshop, 4:3 landscape. Fictional brand names only, no real logos, no Flash Print Solution branding."
"p:kraft-bag-printing-dubai:hero","website/assets/images/products/kraft-bag-printing-dubai/","kraft-bag-printing-dubai-hero-{width}.webp","4:3","640 + 1200","hero","temporary stock (Unsplash)","Brown kraft paper bags with twisted handles and a black printed café logo","/kraft-bag-printing-dubai/","Realistic commercial product photograph of three brown kraft paper bags with twisted paper handles, printed in black with a fictional café logo, standing on a light concrete counter, soft natural daylight, eye-level angle, fictional brand name, no real logos, no Flash Print Solution branding."
"p:kraft-bag-printing-dubai:detail","website/assets/images/products/kraft-bag-printing-dubai/","kraft-bag-printing-dubai-detail-{width}.webp","4:3","640 + 1200","detail","temporary stock (Unsplash)","Close-up of dark green ink logo printed on ribbed brown kraft paper","/kraft-bag-printing-dubai/","Macro product photograph of a dark green ink logo printed on ribbed brown kraft paper, showing the paper fibres and slight ink absorption, raking side light, shallow depth of field, fictional brand name, no real logos, no Flash Print Solution branding."
"p:kraft-bag-printing-dubai:application","website/assets/images/products/kraft-bag-printing-dubai/","kraft-bag-printing-dubai-application-{width}.webp","4:3","640 + 1200","application","temporary stock (Unsplash)","Café staff handing a printed kraft takeaway bag across the counter to a customer","/kraft-bag-printing-dubai/","Lifestyle photograph of a café barista handing a printed brown kraft takeaway bag across a wooden counter to a customer in a bright Dubai coffee shop, warm natural light, over-the-counter angle, fictional brand name, no real logos, no Flash Print Solution branding."
"p:kraft-bag-printing-dubai:production","website/assets/images/products/kraft-bag-printing-dubai/","kraft-bag-printing-dubai-production-{width}.webp","4:3","640 + 1200","production","temporary stock — shared production photo (pool:packaging-production)","Packaging production","/kraft-bag-printing-dubai/","Photorealistic commercial photograph of kraft bags production: Packaging production — die-cut cartons being folded, glued and checked. Clean, well-lit Dubai print workshop, 4:3 landscape. Fictional brand names only, no real logos, no Flash Print Solution branding."
"p:product-tags-and-labels-printing-dubai:hero","website/assets/images/products/product-tags-and-labels-printing-dubai/","product-tags-and-labels-printing-dubai-hero-{width}.webp","4:3","640 + 1200","hero","temporary stock (Unsplash)","Thick black swing tags with gold foil logos and cotton strings on linen","/product-tags-and-labels-printing-dubai/","Realistic commercial product photograph of thick black layered swing tags with gold foil logos for a fictional fashion label, tied with natural cotton string, arranged on a cream linen cloth, soft diffused daylight, top-down angle, fictional brand name, no real logos, no Flash Print Solution branding."
"p:product-tags-and-labels-printing-dubai:detail","website/assets/images/products/product-tags-and-labels-printing-dubai/","product-tags-and-labels-printing-dubai-detail-{width}.webp","4:3","640 + 1200","detail","temporary stock (Unsplash)","Edge of a layered card tag showing a coloured core and metal eyelet","/product-tags-and-labels-printing-dubai/","Macro product photograph of the edge of a layered 600 gsm card swing tag showing a bright coloured core between white layers, a brass eyelet and blind-embossed logo, raking light, shallow depth of field, fictional brand name, no real logos, no Flash Print Solution branding."
"p:product-tags-and-labels-printing-dubai:application","website/assets/images/products/product-tags-and-labels-printing-dubai/","product-tags-and-labels-printing-dubai-application-{width}.webp","4:3","640 + 1200","application","temporary stock (Unsplash)","Gift hamper wrapped in tissue with a printed hang tag and round foil seal","/product-tags-and-labels-printing-dubai/","Lifestyle photograph of a gift hamper box wrapped in white tissue, closed with a round gold foil seal and finished with a printed kraft hang tag on satin ribbon, on a table in a Dubai boutique, warm natural light, fictional brand name, no real logos, no Flash Print Solution branding."
"p:product-tags-and-labels-printing-dubai:production","website/assets/images/products/product-tags-and-labels-printing-dubai/","product-tags-and-labels-printing-dubai-production-{width}.webp","4:3","640 + 1200","production","temporary stock — shared production photo (pool:finishing-cutting)","Trimming and cutting printed stacks on a guillotine in a print finishing area","/product-tags-and-labels-printing-dubai/","Photorealistic commercial photograph of labels & tags production: Trimming and cutting printed stacks on a guillotine in a print finishing area. Clean, well-lit Dubai print workshop, 4:3 landscape. Fictional brand names only, no real logos, no Flash Print Solution branding."
"p:paper-bag-printing-dubai:hero","website/assets/images/products/paper-bag-printing-dubai/","paper-bag-printing-dubai-hero-{width}.webp","4:3","640 + 1200","hero","temporary stock (Unsplash)","White laminated paper shopping bags with rope handles and gold foil logos","/paper-bag-printing-dubai/","Realistic commercial product photograph of white matte-laminated paper shopping bags with black rope handles and gold foil logos for a fictional boutique, in two sizes on a pale stone floor, soft studio daylight, eye-level angle, fictional brand name, no real logos, no Flash Print Solution branding."
"p:paper-bag-printing-dubai:detail","website/assets/images/products/paper-bag-printing-dubai/","paper-bag-printing-dubai-detail-{width}.webp","4:3","640 + 1200","detail","temporary stock (Unsplash)","Close-up of a rope handle knotted through a reinforced paper bag top","/paper-bag-printing-dubai/","Macro product photograph of a black cotton rope handle knotted through a reinforced hole at the top of a soft-touch laminated paper bag, showing the board reinforcement and foil edge, soft side lighting, fictional brand name, no real logos, no Flash Print Solution branding."
"p:paper-bag-printing-dubai:application","website/assets/images/products/paper-bag-printing-dubai/","paper-bag-printing-dubai-application-{width}.webp","4:3","640 + 1200","application","temporary stock (Unsplash)","Shopper carrying branded paper bags through a bright Dubai mall concourse","/paper-bag-printing-dubai/","Lifestyle photograph of a shopper carrying two laminated paper carrier bags with rope handles through a bright, modern Dubai mall concourse, background softly blurred, natural ambient light, candid side angle, fictional brand name, no real logos, no Flash Print Solution branding."
"p:paper-bag-printing-dubai:production","website/assets/images/products/paper-bag-printing-dubai/","paper-bag-printing-dubai-production-{width}.webp","4:3","640 + 1200","production","temporary stock — shared production photo (pool:offset-press)","Offset press run","/paper-bag-printing-dubai/","Photorealistic commercial photograph of paper bags production: Offset press run — operator checking a sheet at an offset printing press. Clean, well-lit Dubai print workshop, 4:3 landscape. Fictional brand names only, no real logos, no Flash Print Solution branding."
"p:product-packaging-printing-dubai:hero","website/assets/images/products/product-packaging-printing-dubai/","product-packaging-printing-dubai-hero-{width}.webp","4:3","640 + 1200","hero","temporary stock (Unsplash)","Range of skincare cartons in three colours with matching jar labels and sleeve","/product-packaging-printing-dubai/","Realistic commercial product photograph of a skincare range for a fictional brand: three colour-coded folding cartons, a gift sleeve and matching jar labels, arranged on a pale stone plinth, soft even studio light, straight-on angle, fictional brand name, no real logos, no Flash Print Solution branding."
"p:product-packaging-printing-dubai:detail","website/assets/images/products/product-packaging-printing-dubai/","product-packaging-printing-dubai-detail-{width}.webp","4:3","640 + 1200","detail","temporary stock (Unsplash)","Close-up of copper foil lettering on a soft-touch carton side panel","/product-packaging-printing-dubai/","Macro product photograph of copper hot-foil lettering and a small embossed emblem on the side panel of a soft-touch folding carton, raking light showing texture, shallow depth of field, neutral background, fictional brand name, no real logos, no Flash Print Solution branding."
"p:product-packaging-printing-dubai:application","website/assets/images/products/product-packaging-printing-dubai/","product-packaging-printing-dubai-application-{width}.webp","4:3","640 + 1200","application","temporary stock (Unsplash)","Retail shelf displaying a coordinated range of boxed beauty products","/product-packaging-printing-dubai/","Realistic photograph of a coordinated range of boxed beauty products on a white retail shelf in a bright Dubai concept store, cartons in colour-coded variants facing forward, natural store lighting, eye-level angle, fictional brand name, no real logos, no Flash Print Solution branding."
"p:product-packaging-printing-dubai:production","website/assets/images/products/product-packaging-printing-dubai/","product-packaging-printing-dubai-production-{width}.webp","4:3","640 + 1200","production","temporary stock — shared production photo (pool:foil-embossing)","Hot-foil stamping or embossing detail being applied to card stock","/product-packaging-printing-dubai/","Photorealistic commercial photograph of product packaging production: Hot-foil stamping or embossing detail being applied to card stock. Clean, well-lit Dubai print workshop, 4:3 landscape. Fictional brand names only, no real logos, no Flash Print Solution branding."
"p:reflective-signage-dubai:hero","website/assets/images/products/reflective-signage-dubai/","reflective-signage-dubai-hero-{width}.webp","4:3","640 + 1200","hero","temporary stock (Unsplash)","Reflective speed limit and height clearance signs on grey posts in a car park","/reflective-signage-dubai/","Realistic commercial photograph of a circular reflective speed-limit sign and a rectangular height-clearance sign on grey steel posts at the entrance ramp of a clean basement car park, sheeting catching soft light, concrete columns behind, eye-level three-quarter view, fictional brand name, no real logos, no Flash Print Solution branding."
"p:reflective-signage-dubai:detail","website/assets/images/products/reflective-signage-dubai/","reflective-signage-dubai-detail-{width}.webp","4:3","640 + 1200","detail","temporary stock (Unsplash)","Close-up of prismatic reflective sheeting catching light on a white sign face","/reflective-signage-dubai/","Realistic macro photograph of high-intensity prismatic reflective sheeting on an aluminium sign, showing the fine diamond prism pattern sparkling under a single point light, a crisp red border edge visible, dark background, shallow depth of field, fictional brand name, no real logos, no Flash Print Solution branding."
"p:reflective-signage-dubai:application","website/assets/images/products/reflective-signage-dubai/","reflective-signage-dubai-application-{width}.webp","4:3","640 + 1200","application","temporary stock (Unsplash)","Reflective hazard chevron sign lit by headlights at a basement car park ramp","/reflective-signage-dubai/","Realistic commercial photograph taken at night inside a Dubai basement car park, a red and white reflective chevron sign on a concrete wall glowing brightly in the headlights of an approaching car, painted floor markings visible, moody low light, low eye-level angle, fictional brand name, no real logos, no Flash Print Solution branding."
"p:reflective-signage-dubai:production","website/assets/images/products/reflective-signage-dubai/","reflective-signage-dubai-production-{width}.webp","4:3","640 + 1200","production","temporary stock — shared production photo (pool:vinyl-plotter)","Vinyl cutting plotter cutting lettering/shapes from coloured vinyl, then weeding","/reflective-signage-dubai/","Photorealistic commercial photograph of reflective signage production: Vinyl cutting plotter cutting lettering/shapes from coloured vinyl, then weeding. Clean, well-lit Dubai print workshop, 4:3 landscape. Fictional brand names only, no real logos, no Flash Print Solution branding."
"p:safety-signs-dubai:hero","website/assets/images/products/safety-signs-dubai/","safety-signs-dubai-hero-{width}.webp","4:3","640 + 1200","hero","temporary stock (Unsplash)","Set of red, yellow and green workplace safety signs on white PVC boards","/safety-signs-dubai/","Realistic commercial photograph of a neat arrangement of workplace safety signs, a red no-smoking prohibition sign, a yellow electrical warning triangle and a green first-aid sign, on white 3 mm PVC boards leaning against a grey concrete wall, soft studio daylight, straight-on eye-level angle, fictional brand name, no real logos, no Flash Print Solution branding."
"p:safety-signs-dubai:detail","website/assets/images/products/safety-signs-dubai/","safety-signs-dubai-detail-{width}.webp","4:3","640 + 1200","detail","temporary stock (Unsplash)","Close-up of a green photoluminescent exit sign corner with rounded edge and drilled hole","/safety-signs-dubai/","Realistic macro photograph of the corner of a green and white photoluminescent emergency exit sign on rigid PVC, showing the rounded corner, a neat drilled fixing hole and the slightly pale glow-vinyl surface texture, low raking light, shallow depth of field, fictional brand name, no real logos, no Flash Print Solution branding."
"p:safety-signs-dubai:application","website/assets/images/products/safety-signs-dubai/","safety-signs-dubai-application-{width}.webp","4:3","640 + 1200","application","temporary stock (Unsplash)","Fire extinguisher sign mounted above a red extinguisher in a warehouse aisle","/safety-signs-dubai/","Realistic commercial photograph of a red fire-extinguisher identification sign fixed to a white warehouse column above a wall-mounted extinguisher, pallet racking stretching into the distance, cool overhead LED lighting, three-quarter angle at eye level, Dubai logistics warehouse setting, fictional brand name, no real logos, no Flash Print Solution branding."
"p:safety-signs-dubai:production","website/assets/images/products/safety-signs-dubai/","safety-signs-dubai-production-{width}.webp","4:3","640 + 1200","production","temporary stock — shared production photo (pool:sign-fabrication)","Workshop fabrication of signage","/safety-signs-dubai/","Photorealistic commercial photograph of safety signs production: Workshop fabrication of signage — acrylic, aluminium composite panels and letters. Clean, well-lit Dubai print workshop, 4:3 landscape. Fictional brand names only, no real logos, no Flash Print Solution branding."
"p:warning-labels-dubai:hero","website/assets/images/products/warning-labels-dubai/","warning-labels-dubai-hero-{width}.webp","4:3","640 + 1200","hero","temporary stock (Unsplash)","Roll of yellow and black electrical warning labels beside kiss-cut label sheets","/warning-labels-dubai/","Realistic commercial product photograph of a roll of yellow and black high-voltage warning labels next to two kiss-cut sheets of small hazard labels on a light grey workbench, crisp even studio lighting, slightly elevated 45-degree angle, fictional brand name, no real logos, no Flash Print Solution branding."
"p:warning-labels-dubai:detail","website/assets/images/products/warning-labels-dubai/","warning-labels-dubai-detail-{width}.webp","4:3","640 + 1200","detail","temporary stock (Unsplash)","Close-up of a polyester high voltage warning label on a grey metal panel door","/warning-labels-dubai/","Realistic close-up photograph of a yellow triangular high-voltage warning label with a black lightning symbol applied to a grey powder-coated electrical panel door, fine laminate sheen visible, door handle and screws at the edge of frame, soft side lighting, fictional brand name, no real logos, no Flash Print Solution branding."
"p:warning-labels-dubai:application","website/assets/images/products/warning-labels-dubai/","warning-labels-dubai-application-{width}.webp","4:3","640 + 1200","application","temporary stock (Unsplash)","Technician's gloved hand applying a hot surface warning label to an insulated pipe","/warning-labels-dubai/","Realistic commercial photograph of a technician's gloved hand smoothing a yellow hot-surface warning label onto silver insulated pipework in a Dubai plant room, valves and gauges softly blurred behind, cool practical lighting, close three-quarter angle, fictional brand name, no real logos, no Flash Print Solution branding."
"p:warning-labels-dubai:production","website/assets/images/products/warning-labels-dubai/","warning-labels-dubai-production-{width}.webp","4:3","640 + 1200","production","temporary stock — shared production photo (pool:label-printing)","Roll label printing and slitting","/warning-labels-dubai/","Photorealistic commercial photograph of warning labels production: Roll label printing and slitting — labels on a roll passing through a press. Clean, well-lit Dubai print workshop, 4:3 landscape. Fictional brand names only, no real logos, no Flash Print Solution branding."
"p:acrylic-letter-cutting-dubai:hero","website/assets/images/products/acrylic-letter-cutting-dubai/","acrylic-letter-cutting-dubai-hero-{width}.webp","4:3","640 + 1200","hero","temporary stock (Unsplash)","Glossy black acrylic letters spelling a fictional company name on a white reception wall","/acrylic-letter-cutting-dubai/","Realistic commercial photograph of 10 mm glossy black laser-cut acrylic letters spelling a fictional company name on a white reception wall, mounted on small stand-offs casting soft shadows, bright office lighting, straight-on angle, fictional brand name, no real logos, no Flash Print Solution branding."
"p:acrylic-letter-cutting-dubai:detail","website/assets/images/products/acrylic-letter-cutting-dubai/","acrylic-letter-cutting-dubai-detail-{width}.webp","4:3","640 + 1200","detail","temporary stock (Unsplash)","Close-up of a clear acrylic letter showing its polished laser-cut edge","/acrylic-letter-cutting-dubai/","Macro commercial photograph of a thick clear acrylic letter with a glossy polished laser-cut edge catching light, placed on a dark surface, crisp studio lighting with edge highlights, shallow depth of field, fictional brand name, no real logos, no Flash Print Solution branding."
"p:acrylic-letter-cutting-dubai:application","website/assets/images/products/acrylic-letter-cutting-dubai/","acrylic-letter-cutting-dubai-application-{width}.webp","4:3","640 + 1200","application","temporary stock (Unsplash)","Mirror gold acrylic logo letters on a dark feature wall in a beauty salon","/acrylic-letter-cutting-dubai/","Realistic interior photograph of mirror-gold laser-cut acrylic logo letters on a dark green feature wall in a modern Dubai beauty salon, warm ambient lighting, reception desk in the foreground, slight side angle, fictional brand name, no real logos, no Flash Print Solution branding."
"p:acrylic-letter-cutting-dubai:production","website/assets/images/products/acrylic-letter-cutting-dubai/","acrylic-letter-cutting-dubai-production-{width}.webp","4:3","640 + 1200","production","temporary stock — shared production photo (pool:laser-cutter)","CO2 laser cutter cutting or engraving acrylic / wood sheet in the workshop","/acrylic-letter-cutting-dubai/","Photorealistic commercial photograph of acrylic letter cutting production: CO2 laser cutter cutting or engraving acrylic / wood sheet in the workshop. Clean, well-lit Dubai print workshop, 4:3 landscape. Fictional brand names only, no real logos, no Flash Print Solution branding."
"p:metal-engraving-dubai:hero","website/assets/images/products/metal-engraving-dubai/","metal-engraving-dubai-hero-{width}.webp","4:3","640 + 1200","hero","temporary stock (Unsplash)","Brushed stainless steel door plate with black engraved fictional office name and number","/metal-engraving-dubai/","Realistic commercial photograph of a brushed stainless steel door plate with black paint-filled engraved lettering showing a fictional office name and room number, mounted on a light grey office door, soft corridor lighting, straight-on angle, fictional brand name, no real logos, no Flash Print Solution branding."
"p:metal-engraving-dubai:detail","website/assets/images/products/metal-engraving-dubai/","metal-engraving-dubai-detail-{width}.webp","4:3","640 + 1200","detail","temporary stock (Unsplash)","Close-up of anodised aluminium asset tags engraved with serial numbers and QR codes","/metal-engraving-dubai/","Macro commercial photograph of black anodised aluminium asset tags laser engraved with bright silver serial numbers and QR codes, fanned out on a steel workbench, cool crisp light, shallow depth of field, fictional brand name, no real logos, no Flash Print Solution branding."
"p:metal-engraving-dubai:application","website/assets/images/products/metal-engraving-dubai/","metal-engraving-dubai-application-{width}.webp","4:3","640 + 1200","application","temporary stock (Unsplash)","Engraved brass dedication plaque fixed to a stone wall in a building lobby","/metal-engraving-dubai/","Realistic photograph of an engraved brass dedication plaque with black infilled lettering fixed on stand-off caps to a beige stone wall in a Dubai building lobby, warm ambient light, slight side angle, fictional brand name, no real logos, no Flash Print Solution branding."
"p:metal-engraving-dubai:production","website/assets/images/products/metal-engraving-dubai/","metal-engraving-dubai-production-{width}.webp","4:3","640 + 1200","production","temporary stock — shared production photo (pool:promo-branding)","Branding promotional items","/metal-engraving-dubai/","Photorealistic commercial photograph of metal engraving production: Branding promotional items — pad printing / engraving logos on merchandise. Clean, well-lit Dubai print workshop, 4:3 landscape. Fictional brand names only, no real logos, no Flash Print Solution branding."
"p:plaques-and-trophies-dubai:hero","website/assets/images/products/plaques-and-trophies-dubai/","plaques-and-trophies-dubai-hero-{width}.webp","4:3","640 + 1200","hero","temporary stock (Unsplash)","Clear thick acrylic trophy with frosted engraved text and a gold fictional logo","/plaques-and-trophies-dubai/","Realistic product photograph of a thick clear acrylic trophy with polished edges, frosted engraved recipient text and a mirror-gold fictional logo layer, standing on a dark walnut desk, soft studio light with edge highlights, three-quarter angle, fictional brand name, no real logos, no Flash Print Solution branding."
"p:plaques-and-trophies-dubai:detail","website/assets/images/products/plaques-and-trophies-dubai/","plaques-and-trophies-dubai-detail-{width}.webp","4:3","640 + 1200","detail","temporary stock (Unsplash)","Close-up of frosted laser-engraved lettering inside a clear acrylic plaque","/plaques-and-trophies-dubai/","Macro commercial photograph of frosted white laser-engraved lettering on a clear acrylic plaque, dark background making the engraving glow, crisp side lighting, shallow depth of field, fictional brand name, no real logos, no Flash Print Solution branding."
"p:plaques-and-trophies-dubai:application","website/assets/images/products/plaques-and-trophies-dubai/","plaques-and-trophies-dubai-application-{width}.webp","4:3","640 + 1200","application","temporary stock (Unsplash)","Presenter handing an engraved plaque to an employee on stage at a corporate event","/plaques-and-trophies-dubai/","Realistic event photograph of a presenter handing an engraved acrylic plaque to a smiling employee on a hotel ballroom stage in Dubai, branded backdrop blurred behind, warm stage lighting, eye-level angle, fictional brand name, no real logos, no Flash Print Solution branding."
"p:plaques-and-trophies-dubai:production","website/assets/images/products/plaques-and-trophies-dubai/","plaques-and-trophies-dubai-production-{width}.webp","4:3","640 + 1200","production","temporary stock — shared production photo (pool:laser-cutter)","CO2 laser cutter cutting or engraving acrylic / wood sheet in the workshop","/plaques-and-trophies-dubai/","Photorealistic commercial photograph of plaques & trophies production: CO2 laser cutter cutting or engraving acrylic / wood sheet in the workshop. Clean, well-lit Dubai print workshop, 4:3 landscape. Fictional brand names only, no real logos, no Flash Print Solution branding."
"p:wood-engraving-dubai:hero","website/assets/images/products/wood-engraving-dubai/","wood-engraving-dubai-hero-{width}.webp","4:3","640 + 1200","hero","temporary stock (Unsplash)","Birch plywood café sign with a laser-engraved fictional logo hanging on a white wall","/wood-engraving-dubai/","Realistic commercial photograph of a round birch plywood café sign with a dark laser-engraved fictional logo and lettering, hung on a white brick wall beside plants, soft natural daylight, straight-on angle, fictional brand name, no real logos, no Flash Print Solution branding."
"p:wood-engraving-dubai:detail","website/assets/images/products/wood-engraving-dubai/","wood-engraving-dubai-detail-{width}.webp","4:3","640 + 1200","detail","temporary stock (Unsplash)","Close-up of dark laser-engraved lettering on light wood grain","/wood-engraving-dubai/","Macro commercial photograph of dark brown laser-engraved lettering on pale beech wood, slightly recessed engraving and natural grain visible, warm low-angle light, shallow depth of field, fictional brand name, no real logos, no Flash Print Solution branding."
"p:wood-engraving-dubai:application","website/assets/images/products/wood-engraving-dubai/","wood-engraving-dubai-application-{width}.webp","4:3","640 + 1200","application","temporary stock (Unsplash)","Engraved wooden serving board and coasters on a restaurant table with coffee","/wood-engraving-dubai/","Realistic lifestyle photograph of an oak serving board and bamboo coasters with engraved fictional restaurant logos on a café table in Dubai, coffee cups and pastries, warm afternoon light, 45-degree angle, fictional brand name, no real logos, no Flash Print Solution branding."
"p:wood-engraving-dubai:production","website/assets/images/products/wood-engraving-dubai/","wood-engraving-dubai-production-{width}.webp","4:3","640 + 1200","production","temporary stock — shared production photo (pool:laser-cutter)","CO2 laser cutter cutting or engraving acrylic / wood sheet in the workshop","/wood-engraving-dubai/","Photorealistic commercial photograph of wood engraving production: CO2 laser cutter cutting or engraving acrylic / wood sheet in the workshop. Clean, well-lit Dubai print workshop, 4:3 landscape. Fictional brand names only, no real logos, no Flash Print Solution branding."
"p:counter-display-printing-dubai:hero","website/assets/images/products/counter-display-printing-dubai/","counter-display-printing-dubai-hero-{width}.webp","4:3","640 + 1200","hero","temporary stock (Unsplash)","Printed corrugated counter display unit filled with snack bars beside a shop till","/counter-display-printing-dubai/","Realistic commercial photograph of a printed corrugated cardboard countertop display unit with a shaped header card, filled with snack bars for a fictional healthy snack brand, standing beside a card terminal on a convenience store counter, bright even retail lighting, eye-level angle, fictional brand name, no real logos, no Flash Print Solution branding."
"p:counter-display-printing-dubai:detail","website/assets/images/products/counter-display-printing-dubai/","counter-display-printing-dubai-detail-{width}.webp","4:3","640 + 1200","detail","temporary stock (Unsplash)","Close-up of a die-cut corrugated display edge showing E-flute board and printed surface","/counter-display-printing-dubai/","Realistic macro photograph of the die-cut edge of a printed E-flute corrugated counter display, showing the fluted core, a crisp crease and gloss laminated print surface in bright colours, soft studio lighting, shallow depth of field, fictional brand name, no real logos, no Flash Print Solution branding."
"p:counter-display-printing-dubai:application","website/assets/images/products/counter-display-printing-dubai/","counter-display-printing-dubai-application-{width}.webp","4:3","640 + 1200","application","temporary stock (Unsplash)","Clear acrylic counter stand with printed insert on a pharmacy counter","/counter-display-printing-dubai/","Realistic photograph of a clear acrylic counter display holding skincare samples with a printed insert for a fictional skincare brand, on a white pharmacy counter with shelves softly blurred behind, clean cool lighting, three-quarter angle, fictional brand name, no real logos, no Flash Print Solution branding."
"p:counter-display-printing-dubai:production","website/assets/images/products/counter-display-printing-dubai/","counter-display-printing-dubai-production-{width}.webp","4:3","640 + 1200","production","temporary stock — shared production photo (pool:packaging-production)","Packaging production","/counter-display-printing-dubai/","Photorealistic commercial photograph of counter displays production: Packaging production — die-cut cartons being folded, glued and checked. Clean, well-lit Dubai print workshop, 4:3 landscape. Fictional brand names only, no real logos, no Flash Print Solution branding."
"p:end-cap-display-printing-dubai:hero","website/assets/images/products/end-cap-display-printing-dubai/","end-cap-display-printing-dubai-hero-{width}.webp","4:3","640 + 1200","hero","temporary stock (Unsplash)","Supermarket gondola end with printed header, side panels and base wrap for a juice brand","/end-cap-display-printing-dubai/","Realistic retail photograph of a supermarket gondola end dressed with a printed header board, side panels, shelf strips and base wrap in orange and green for a fictional juice brand, bottles neatly stocked, bright hypermarket lighting, eye-level view from the main aisle, fictional brand name, no real logos, no Flash Print Solution branding."
"p:end-cap-display-printing-dubai:detail","website/assets/images/products/end-cap-display-printing-dubai/","end-cap-display-printing-dubai-detail-{width}.webp","4:3","640 + 1200","detail","temporary stock (Unsplash)","Printed PVC shelf-edge strip clipped into a supermarket shelf channel","/end-cap-display-printing-dubai/","Realistic close-up photograph of a printed PVC shelf-edge strip slotted into the clear channel of a supermarket shelf, bold promotional colours and a fictional brand name, products slightly out of focus above, even store lighting, shallow depth of field, fictional brand name, no real logos, no Flash Print Solution branding."
"p:end-cap-display-printing-dubai:application","website/assets/images/products/end-cap-display-printing-dubai/","end-cap-display-printing-dubai-application-{width}.webp","4:3","640 + 1200","application","temporary stock (Unsplash)","Shoppers with trolleys passing a branded end-cap display in a hypermarket aisle","/end-cap-display-printing-dubai/","Realistic photograph of shoppers with trolleys walking past a branded end-cap display promoting a fictional coffee brand in a spacious Dubai hypermarket, header and side panels clearly visible, natural motion blur on the shoppers, bright even lighting, wide angle, fictional brand name, no real logos, no Flash Print Solution branding."
"p:end-cap-display-printing-dubai:production","website/assets/images/products/end-cap-display-printing-dubai/","end-cap-display-printing-dubai-production-{width}.webp","4:3","640 + 1200","production","temporary stock — shared production photo (pool:large-format-printer)","Wide-format inkjet printer printing a large graphic onto roll media","/end-cap-display-printing-dubai/","Photorealistic commercial photograph of end-cap displays production: Wide-format inkjet printer printing a large graphic onto roll media. Clean, well-lit Dubai print workshop, 4:3 landscape. Fictional brand names only, no real logos, no Flash Print Solution branding."
"p:shelf-talkers-dubai:hero","website/assets/images/products/shelf-talkers-dubai/","shelf-talkers-dubai-hero-{width}.webp","4:3","640 + 1200","hero","temporary stock (Unsplash)","Die-cut starburst shelf talkers attached to a supermarket shelf edge below products","/shelf-talkers-dubai/","Realistic retail photograph of bright yellow die-cut starburst shelf talkers with bold offer text for a fictional cereal brand, slotted into the shelf edge below neatly faced cereal boxes, clean supermarket lighting, slightly low eye-level angle, fictional brand name, no real logos, no Flash Print Solution branding."
"p:shelf-talkers-dubai:detail","website/assets/images/products/shelf-talkers-dubai/","shelf-talkers-dubai-detail-{width}.webp","4:3","640 + 1200","detail","temporary stock (Unsplash)","Close-up of a laminated card shelf talker tab slotted into a clear price channel","/shelf-talkers-dubai/","Realistic macro photograph of the fixing tab of a laminated card shelf talker slotted into a clear plastic supermarket price channel, printed colours and crisp die-cut edge visible, soft store lighting, shallow depth of field, fictional brand name, no real logos, no Flash Print Solution branding."
"p:shelf-talkers-dubai:application","website/assets/images/products/shelf-talkers-dubai/","shelf-talkers-dubai-application-{width}.webp","4:3","640 + 1200","application","temporary stock (Unsplash)","Chiller shelves with PVC shelf strips and projecting blade signs for a dairy brand","/shelf-talkers-dubai/","Realistic photograph of an open supermarket chiller with printed PVC shelf strips and projecting blade signs for a fictional dairy brand, yoghurt and milk neatly stocked, cool white lighting with slight condensation on surfaces, three-quarter angle down the aisle, fictional brand name, no real logos, no Flash Print Solution branding."
"p:shelf-talkers-dubai:production","website/assets/images/products/shelf-talkers-dubai/","shelf-talkers-dubai-production-{width}.webp","4:3","640 + 1200","production","temporary stock — shared production photo (pool:finishing-cutting)","Trimming and cutting printed stacks on a guillotine in a print finishing area","/shelf-talkers-dubai/","Photorealistic commercial photograph of shelf talkers production: Trimming and cutting printed stacks on a guillotine in a print finishing area. Clean, well-lit Dubai print workshop, 4:3 landscape. Fictional brand names only, no real logos, no Flash Print Solution branding."
"p:standee-printing-dubai:hero","website/assets/images/products/standee-printing-dubai/","standee-printing-dubai-hero-{width}.webp","4:3","640 + 1200","hero","temporary stock (Unsplash)","Life-size cut-out standee of a chef holding a product at a store entrance","/standee-printing-dubai/","Realistic commercial photograph of a life-size contour-cut standee of a smiling chef holding a sauce bottle for a fictional food brand, standing on an easel base at a bright supermarket entrance, matte print surface, clean floor, eye-level angle, fictional brand name, no real logos, no Flash Print Solution branding."
"p:standee-printing-dubai:detail","website/assets/images/products/standee-printing-dubai/","standee-printing-dubai-detail-{width}.webp","4:3","640 + 1200","detail","temporary stock (Unsplash)","Back of a foamex standee showing the folding easel strut and cut edge","/standee-printing-dubai/","Realistic close-up photograph of the back of a white foamex standee showing a folding easel strut, hinge tape and the clean contour-cut edge of the board, soft workshop lighting, three-quarter angle, shallow depth of field, fictional brand name, no real logos, no Flash Print Solution branding."
"p:standee-printing-dubai:application","website/assets/images/products/standee-printing-dubai/","standee-printing-dubai-application-{width}.webp","4:3","640 + 1200","application","temporary stock (Unsplash)","Guests posing behind a face cut-out photo standee at an indoor event","/standee-printing-dubai/","Realistic photograph of two guests laughing and posing behind a printed face cut-out standee at an indoor family event in a Dubai mall atrium, colourful illustrated design for a fictional theme park, warm ambient lighting, eye-level angle, fictional brand name, no real logos, no Flash Print Solution branding."
"p:standee-printing-dubai:production","website/assets/images/products/standee-printing-dubai/","standee-printing-dubai-production-{width}.webp","4:3","640 + 1200","production","temporary stock — shared production photo (pool:large-format-printer)","Wide-format inkjet printer printing a large graphic onto roll media","/standee-printing-dubai/","Photorealistic commercial photograph of standee displays production: Wide-format inkjet printer printing a large graphic onto roll media. Clean, well-lit Dubai print workshop, 4:3 landscape. Fictional brand names only, no real logos, no Flash Print Solution branding."
"p:wobbler-printing-dubai:hero","website/assets/images/products/wobbler-printing-dubai/","wobbler-printing-dubai-hero-{width}.webp","4:3","640 + 1200","hero","temporary stock (Unsplash)","Round red shelf wobbler with offer text on a clear arm at a shelf edge","/wobbler-printing-dubai/","Realistic retail photograph of a round red die-cut shelf wobbler with bold offer text for a fictional biscuit brand, mounted on a clear flexible arm at the edge of a supermarket shelf, biscuit packs neatly faced behind, even store lighting, eye-level angle, fictional brand name, no real logos, no Flash Print Solution branding."
"p:wobbler-printing-dubai:detail","website/assets/images/products/wobbler-printing-dubai/","wobbler-printing-dubai-detail-{width}.webp","4:3","640 + 1200","detail","temporary stock (Unsplash)","Close-up of a wobbler's clear PVC arm and adhesive pad on the shelf edge","/wobbler-printing-dubai/","Realistic macro photograph of the clear flexible PVC arm of a shelf wobbler attached to a white shelf edge with an adhesive pad, the laminated printed face slightly out of focus, soft store lighting, shallow depth of field, fictional brand name, no real logos, no Flash Print Solution branding."
"p:wobbler-printing-dubai:application","website/assets/images/products/wobbler-printing-dubai/","wobbler-printing-dubai-application-{width}.webp","4:3","640 + 1200","application","temporary stock (Unsplash)","Several starburst wobblers along a pharmacy shelf highlighting a skincare offer","/wobbler-printing-dubai/","Realistic photograph of a pharmacy aisle with several yellow starburst wobblers along a shelf of skincare products promoting a fictional skincare range, clean white shelving, cool bright lighting, three-quarter angle along the aisle, shallow depth of field, fictional brand name, no real logos, no Flash Print Solution branding."
"p:wobbler-printing-dubai:production","website/assets/images/products/wobbler-printing-dubai/","wobbler-printing-dubai-production-{width}.webp","4:3","640 + 1200","production","temporary stock — shared production photo (pool:digital-press)","Digital press output","/wobbler-printing-dubai/","Photorealistic commercial photograph of wobblers production: Digital press output — freshly printed sheets leaving a production digital press. Clean, well-lit Dubai print workshop, 4:3 landscape. Fictional brand names only, no real logos, no Flash Print Solution branding."
"p:floor-graphics-dubai:hero","website/assets/images/products/floor-graphics-dubai/","floor-graphics-dubai-hero-{width}.webp","4:3","640 + 1200","hero","temporary stock (Unsplash)","Round printed floor decal with arrow and fictional logo on polished grey tiles","/floor-graphics-dubai/","Realistic commercial photograph of a 600 mm round printed floor decal with a bold arrow and fictional logo on polished grey porcelain tiles in a Dubai retail store, matt textured laminate visible, soft overhead lighting, high angle looking down, fictional brand name, no real logos, no Flash Print Solution branding"
"p:floor-graphics-dubai:detail","website/assets/images/products/floor-graphics-dubai/","floor-graphics-dubai-detail-{width}.webp","4:3","640 + 1200","detail","temporary stock (Unsplash)","Close-up of textured anti-slip laminate surface on a printed floor graphic","/floor-graphics-dubai/","Macro photograph of the textured anti-slip laminate surface on a brightly printed floor graphic, fine sand-like grain catching raking light, edge of the decal meeting a tiled floor, shallow depth of field, fictional brand name, no real logos, no Flash Print Solution branding"
"p:floor-graphics-dubai:application","website/assets/images/products/floor-graphics-dubai/","floor-graphics-dubai-application-{width}.webp","4:3","640 + 1200","application","temporary stock (Unsplash)","Supermarket aisle with a colourful promotional floor graphic in front of shelves","/floor-graphics-dubai/","Realistic photograph of a clean supermarket aisle in Dubai with a large colourful promotional floor graphic leading to an end-of-aisle display, shoppers softly blurred, bright store lighting, eye-level perspective down the aisle, fictional brand name, no real logos, no Flash Print Solution branding"
"p:floor-graphics-dubai:production","website/assets/images/products/floor-graphics-dubai/","floor-graphics-dubai-production-{width}.webp","4:3","640 + 1200","production","temporary stock — shared production photo (pool:large-format-printer)","Wide-format inkjet printer printing a large graphic onto roll media","/floor-graphics-dubai/","Photorealistic commercial photograph of floor graphics production: Wide-format inkjet printer printing a large graphic onto roll media. Clean, well-lit Dubai print workshop, 4:3 landscape. Fictional brand names only, no real logos, no Flash Print Solution branding."
"p:frosted-glass-film-dubai:hero","website/assets/images/products/frosted-glass-film-dubai/","frosted-glass-film-dubai-hero-{width}.webp","4:3","640 + 1200","hero","temporary stock (Unsplash)","Glass boardroom partition with a frosted film band and clear geometric cut-out pattern","/frosted-glass-film-dubai/","Realistic commercial photograph of a glass boardroom partition in a Dubai office with a frosted film band at eye level featuring a clear cut-out geometric pattern and fictional logo, boardroom table softly visible behind, daylight, eye-level view, fictional brand name, no real logos, no Flash Print Solution branding"
"p:frosted-glass-film-dubai:detail","website/assets/images/products/frosted-glass-film-dubai/","frosted-glass-film-dubai-detail-{width}.webp","4:3","640 + 1200","detail","temporary stock (Unsplash)","Close-up of frosted window film edge and clear cut lettering on glass","/frosted-glass-film-dubai/","Macro photograph of frosted window film on glass showing a crisp trimmed edge and clear cut-out lettering, soft light passing through the frost, aluminium frame blurred in the background, shallow depth of field, fictional brand name, no real logos, no Flash Print Solution branding"
"p:frosted-glass-film-dubai:application","website/assets/images/products/frosted-glass-film-dubai/","frosted-glass-film-dubai-application-{width}.webp","4:3","640 + 1200","application","temporary stock (Unsplash)","Clinic corridor with frosted glass consultation room doors and soft daylight","/frosted-glass-film-dubai/","Realistic interior photograph of a calm Dubai clinic corridor with frosted glass consultation room doors carrying clear cut room numbers, white walls, pale timber floor, soft diffused daylight, one-point perspective, fictional brand name, no real logos, no Flash Print Solution branding"
"p:frosted-glass-film-dubai:production","website/assets/images/products/frosted-glass-film-dubai/","frosted-glass-film-dubai-production-{width}.webp","4:3","640 + 1200","production","temporary stock — shared production photo (pool:vinyl-plotter)","Vinyl cutting plotter cutting lettering/shapes from coloured vinyl, then weeding","/frosted-glass-film-dubai/","Photorealistic commercial photograph of frosted glass film production: Vinyl cutting plotter cutting lettering/shapes from coloured vinyl, then weeding. Clean, well-lit Dubai print workshop, 4:3 landscape. Fictional brand names only, no real logos, no Flash Print Solution branding."
"p:glass-sticker-printing-dubai:hero","website/assets/images/products/glass-sticker-printing-dubai/","glass-sticker-printing-dubai-hero-{width}.webp","4:3","640 + 1200","hero","temporary stock (Unsplash)","Café glass door with white opening hours decal and fictional logo sticker","/glass-sticker-printing-dubai/","Realistic commercial photograph of a café glass entrance door in Dubai with a white cut vinyl fictional logo, a neat opening hours decal and a small push sign, warm interior visible through the glass, late afternoon light, straight-on view, fictional brand name, no real logos, no Flash Print Solution branding"
"p:glass-sticker-printing-dubai:detail","website/assets/images/products/glass-sticker-printing-dubai/","glass-sticker-printing-dubai-detail-{width}.webp","4:3","640 + 1200","detail","temporary stock (Unsplash)","Close-up of a clear vinyl sticker on glass showing white underprint behind colour","/glass-sticker-printing-dubai/","Macro photograph of a clear vinyl sticker on a glass door showing bright printed colours backed by an opaque white layer, crisp contour-cut edge, reflections softly visible, shallow depth of field, fictional brand name, no real logos, no Flash Print Solution branding"
"p:glass-sticker-printing-dubai:application","website/assets/images/products/glass-sticker-printing-dubai/","glass-sticker-printing-dubai-application-{width}.webp","4:3","640 + 1200","application","temporary stock (Unsplash)","Shopfront glass door with push sign, payment decals and a QR code sticker","/glass-sticker-printing-dubai/","Realistic photograph of a small retail shopfront glass door in a Dubai neighbourhood with a tidy set of decals: push sign, payment method stickers, QR code and opening hours, clean glass, daylight, eye-level three-quarter view, fictional brand name, no real logos, no Flash Print Solution branding"
"p:glass-sticker-printing-dubai:production","website/assets/images/products/glass-sticker-printing-dubai/","glass-sticker-printing-dubai-production-{width}.webp","4:3","640 + 1200","production","temporary stock — shared production photo (pool:vinyl-installation)","Installer applying printed vinyl film to glass or wall with a squeegee","/glass-sticker-printing-dubai/","Photorealistic commercial photograph of glass stickers production: Installer applying printed vinyl film to glass or wall with a squeegee. Clean, well-lit Dubai print workshop, 4:3 landscape. Fictional brand names only, no real logos, no Flash Print Solution branding."
"p:wall-mural-printing-dubai:hero","website/assets/images/products/wall-mural-printing-dubai/","wall-mural-printing-dubai-hero-{width}.webp","4:3","640 + 1200","hero","temporary stock (Unsplash)","Meeting room with a full-wall black and white city skyline mural behind a table","/wall-mural-printing-dubai/","Realistic commercial photograph of a Dubai office meeting room with a full-wall black and white city skyline mural printed on matt wall vinyl behind a long timber table and chairs, soft daylight from the side, wide straight-on view, fictional brand name, no real logos, no Flash Print Solution branding"
"p:wall-mural-printing-dubai:detail","website/assets/images/products/wall-mural-printing-dubai/","wall-mural-printing-dubai-detail-{width}.webp","4:3","640 + 1200","detail","temporary stock (Unsplash)","Close-up of a textured matt wall mural surface showing a neat panel join","/wall-mural-printing-dubai/","Macro photograph of a printed wall mural on sand-textured matt media showing a barely visible vertical panel join through a colourful landscape image, raking side light revealing the texture, shallow depth of field, fictional brand name, no real logos, no Flash Print Solution branding"
"p:wall-mural-printing-dubai:application","website/assets/images/products/wall-mural-printing-dubai/","wall-mural-printing-dubai-application-{width}.webp","4:3","640 + 1200","application","temporary stock (Unsplash)","Nursery classroom with a colourful illustrated jungle mural across one wall","/wall-mural-printing-dubai/","Realistic interior photograph of a bright Dubai nursery classroom with a colourful illustrated jungle mural covering one wall, low tables and small chairs in front, cheerful soft daylight, wide eye-level view, fictional brand name, no real logos, no Flash Print Solution branding"
"p:wall-mural-printing-dubai:production","website/assets/images/products/wall-mural-printing-dubai/","wall-mural-printing-dubai-production-{width}.webp","4:3","640 + 1200","production","temporary stock — shared production photo (pool:large-format-printer)","Wide-format inkjet printer printing a large graphic onto roll media","/wall-mural-printing-dubai/","Photorealistic commercial photograph of wall murals production: Wide-format inkjet printer printing a large graphic onto roll media. Clean, well-lit Dubai print workshop, 4:3 landscape. Fictional brand names only, no real logos, no Flash Print Solution branding."
"p:wayfinding-signage-dubai:hero","website/assets/images/products/wayfinding-signage-dubai/","wayfinding-signage-dubai-hero-{width}.webp","4:3","640 + 1200","hero","temporary stock (Unsplash)","Bright hospital corridor with coloured floor lines and directional wall signs","/wayfinding-signage-dubai/","Realistic commercial photograph of a bright, modern hospital corridor in Dubai with coloured anti-slip floor lines leading to departments and matching directional wall signs with arrows and pictograms, clean white walls, even lighting, one-point perspective, fictional brand name, no real logos, no Flash Print Solution branding"
"p:wayfinding-signage-dubai:detail","website/assets/images/products/wayfinding-signage-dubai/","wayfinding-signage-dubai-detail-{width}.webp","4:3","640 + 1200","detail","temporary stock (Unsplash)","Close-up of an aluminium directional sign with arrows and pictograms","/wayfinding-signage-dubai/","Close-up product photograph of a flat aluminium composite directional sign with white arrows, lift and washroom pictograms and department names on a navy background, mounted on a light grey wall, soft even light, fictional brand name, no real logos, no Flash Print Solution branding"
"p:wayfinding-signage-dubai:application","website/assets/images/products/wayfinding-signage-dubai/","wayfinding-signage-dubai-application-{width}.webp","4:3","640 + 1200","application","temporary stock (Unsplash)","Car park column with a large level number and bright zone colour band","/wayfinding-signage-dubai/","Realistic photograph of a clean underground car park in Dubai with concrete columns wrapped in bright yellow vinyl bands showing large level numbers and zone letters, painted floor arrows, cool fluorescent lighting, low wide angle, fictional brand name, no real logos, no Flash Print Solution branding"
"p:wayfinding-signage-dubai:production","website/assets/images/products/wayfinding-signage-dubai/","wayfinding-signage-dubai-production-{width}.webp","4:3","640 + 1200","production","temporary stock — shared production photo (pool:vinyl-plotter)","Vinyl cutting plotter cutting lettering/shapes from coloured vinyl, then weeding","/wayfinding-signage-dubai/","Photorealistic commercial photograph of wayfinding graphics production: Vinyl cutting plotter cutting lettering/shapes from coloured vinyl, then weeding. Clean, well-lit Dubai print workshop, 4:3 landscape. Fictional brand names only, no real logos, no Flash Print Solution branding."
"p:construction-site-signage-dubai:hero","website/assets/images/products/construction-site-signage-dubai/","construction-site-signage-dubai-hero-{width}.webp","4:3","640 + 1200","hero","temporary stock (Unsplash)","Blue directional sign with arrows for deliveries and site office at a construction gate","/construction-site-signage-dubai/","Realistic commercial photograph of a blue and white directional sign on a steel post at a construction site gate, arrows pointing to deliveries and the site office in English and Arabic, mesh fencing and a tower crane behind, bright Dubai daylight, eye-level three-quarter angle, fictional brand name, no real logos, no Flash Print Solution branding."
"p:construction-site-signage-dubai:detail","website/assets/images/products/construction-site-signage-dubai/","construction-site-signage-dubai-detail-{width}.webp","4:3","640 + 1200","detail","temporary stock (Unsplash)","Close-up of a corrugated plastic site sign cable-tied to temporary mesh fencing","/construction-site-signage-dubai/","Realistic close-up photograph of a white corrugated polypropylene sign with a bold printed arrow, attached to galvanised temporary mesh fencing with black cable ties through reinforced holes, visible fluted edge, dusty site background out of focus, harsh midday sun, fictional brand name, no real logos, no Flash Print Solution branding."
"p:construction-site-signage-dubai:application","website/assets/images/products/construction-site-signage-dubai/","construction-site-signage-dubai-application-{width}.webp","4:3","640 + 1200","application","temporary stock (Unsplash)","Delivery truck passing a post-mounted one-way sign on a dusty site road","/construction-site-signage-dubai/","Realistic commercial photograph of a delivery truck driving along a dusty internal construction site road past a post-mounted one-way sign and a speed limit sign, concrete structure and scaffolding in the background, warm late-afternoon light, wide eye-level angle, fictional brand name, no real logos, no Flash Print Solution branding."
"p:construction-site-signage-dubai:production","website/assets/images/products/construction-site-signage-dubai/","construction-site-signage-dubai-production-{width}.webp","4:3","640 + 1200","production","temporary stock — shared production photo (pool:sign-installation)","Installation team fixing a sign board on a building facade using ladders/lift","/construction-site-signage-dubai/","Photorealistic commercial photograph of directional site signage production: Installation team fixing a sign board on a building facade using ladders/lift. Clean, well-lit Dubai print workshop, 4:3 landscape. Fictional brand names only, no real logos, no Flash Print Solution branding."
"p:hoarding-graphics-dubai:hero","website/assets/images/products/hoarding-graphics-dubai/","hoarding-graphics-dubai-hero-{width}.webp","4:3","640 + 1200","hero","temporary stock (Unsplash)","Printed construction hoarding showing a residential tower render along a city pavement","/hoarding-graphics-dubai/","Realistic commercial photograph of a long printed construction hoarding beside a clean city pavement, graphics showing a residential tower render and development name for a fictional project, palm trees and a crane behind, bright Dubai morning light, wide street-level perspective, fictional brand name, no real logos, no Flash Print Solution branding."
"p:hoarding-graphics-dubai:detail","website/assets/images/products/hoarding-graphics-dubai/","hoarding-graphics-dubai-detail-{width}.webp","4:3","640 + 1200","detail","temporary stock (Unsplash)","Close-up of eyeleted mesh banner tensioned onto a metal hoarding frame with cable ties","/hoarding-graphics-dubai/","Realistic close-up photograph of the edge of a printed PVC mesh banner with welded hem and metal eyelets, tensioned to a steel hoarding frame with black cable ties, sunlight passing through the mesh perforations, shallow depth of field, fictional brand name, no real logos, no Flash Print Solution branding."
"p:hoarding-graphics-dubai:application","website/assets/images/products/hoarding-graphics-dubai/","hoarding-graphics-dubai-application-{width}.webp","4:3","640 + 1200","application","temporary stock (Unsplash)","Installer smoothing printed vinyl onto a white mall fit-out barricade with a squeegee","/hoarding-graphics-dubai/","Realistic commercial photograph of an installer in a uniform smoothing a printed vinyl graphic onto a white fit-out barricade inside a bright shopping mall, coming soon artwork for a fictional store, squeegee in hand, polished floor, soft ambient mall lighting, three-quarter angle, fictional brand name, no real logos, no Flash Print Solution branding."
"p:hoarding-graphics-dubai:production","website/assets/images/products/hoarding-graphics-dubai/","hoarding-graphics-dubai-production-{width}.webp","4:3","640 + 1200","production","temporary stock — shared production photo (pool:large-format-printer)","Wide-format inkjet printer printing a large graphic onto roll media","/hoarding-graphics-dubai/","Photorealistic commercial photograph of hoarding graphics production: Wide-format inkjet printer printing a large graphic onto roll media. Clean, well-lit Dubai print workshop, 4:3 landscape. Fictional brand names only, no real logos, no Flash Print Solution branding."
"p:project-sign-boards-dubai:hero","website/assets/images/products/project-sign-boards-dubai/","project-sign-boards-dubai-hero-{width}.webp","4:3","640 + 1200","hero","temporary stock (Unsplash)","Large project sign board on a steel frame listing developer and contractor logos","/project-sign-boards-dubai/","Realistic commercial photograph of a large white project identification board on a grey steel frame at a construction site entrance, showing a fictional project name, render and a row of fictional company logos, sandy ground and blue sky, bright daylight, straight-on eye-level view, fictional brand name, no real logos, no Flash Print Solution branding."
"p:project-sign-boards-dubai:detail","website/assets/images/products/project-sign-boards-dubai/","project-sign-boards-dubai-detail-{width}.webp","4:3","640 + 1200","detail","temporary stock (Unsplash)","Close-up of a printed ACP board face bolted to a painted steel frame","/project-sign-boards-dubai/","Realistic close-up photograph of the corner of a printed ACP sign face fixed with stainless bolts to a painted grey steel box-section frame, clean cut panel edge and laminate sheen visible, bright outdoor light, shallow depth of field, fictional brand name, no real logos, no Flash Print Solution branding."
"p:project-sign-boards-dubai:application","website/assets/images/products/project-sign-boards-dubai/","project-sign-boards-dubai-application-{width}.webp","4:3","640 + 1200","application","temporary stock (Unsplash)","Installers securing a project identification board beside a construction site gate","/project-sign-boards-dubai/","Realistic commercial photograph of two installers in helmets and hi-vis vests bolting a large project sign board onto its steel legs beside a construction site gate in Dubai, ladder and tools nearby, warm morning sun, three-quarter wide angle, fictional brand name, no real logos, no Flash Print Solution branding."
"p:project-sign-boards-dubai:production","website/assets/images/products/project-sign-boards-dubai/","project-sign-boards-dubai-production-{width}.webp","4:3","640 + 1200","production","temporary stock — shared production photo (pool:sign-fabrication)","Workshop fabrication of signage","/project-sign-boards-dubai/","Photorealistic commercial photograph of project sign boards production: Workshop fabrication of signage — acrylic, aluminium composite panels and letters. Clean, well-lit Dubai print workshop, 4:3 landscape. Fictional brand names only, no real logos, no Flash Print Solution branding."
"p:construction-safety-boards-dubai:hero","website/assets/images/products/construction-safety-boards-dubai/","construction-safety-boards-dubai-hero-{width}.webp","4:3","640 + 1200","hero","temporary stock (Unsplash)","Site entrance safety board with a grid of blue PPE pictograms and numbered site rules","/construction-safety-boards-dubai/","Realistic commercial photograph of a large site entrance safety board on white ACP showing a grid of blue PPE pictograms, numbered site rules and emergency contacts in English and Arabic, mounted on a construction hoarding beside a turnstile, bright Dubai daylight, straight-on eye-level view, fictional brand name, no real logos, no Flash Print Solution branding."
"p:construction-safety-boards-dubai:detail","website/assets/images/products/construction-safety-boards-dubai/","construction-safety-boards-dubai-detail-{width}.webp","4:3","640 + 1200","detail","temporary stock (Unsplash)","Close-up of slot-in number cards on an incident-free days safety board","/construction-safety-boards-dubai/","Realistic close-up photograph of the counter section of a construction safety board, printed number cards slotted into clear pockets showing a days-without-incident total, matte laminated surface and green and white design, soft outdoor light, shallow depth of field, fictional brand name, no real logos, no Flash Print Solution branding."
"p:construction-safety-boards-dubai:application","website/assets/images/products/construction-safety-boards-dubai/","construction-safety-boards-dubai-application-{width}.webp","4:3","640 + 1200","application","temporary stock (Unsplash)","Workers in helmets and hi-vis vests walking past a safety board at a site gate","/construction-safety-boards-dubai/","Realistic commercial photograph of construction workers in white helmets and orange hi-vis vests walking through a site gate past a mounted PPE and site rules board, security cabin to one side, early morning golden light, candid eye-level angle, fictional brand name, no real logos, no Flash Print Solution branding."
"p:construction-safety-boards-dubai:production","website/assets/images/products/construction-safety-boards-dubai/","construction-safety-boards-dubai-production-{width}.webp","4:3","640 + 1200","production","temporary stock — shared production photo (pool:large-format-printer)","Wide-format inkjet printer printing a large graphic onto roll media","/construction-safety-boards-dubai/","Photorealistic commercial photograph of safety boards production: Wide-format inkjet printer printing a large graphic onto roll media. Clean, well-lit Dubai print workshop, 4:3 landscape. Fictional brand names only, no real logos, no Flash Print Solution branding."
"p:canvas-printing-dubai:hero","website/assets/images/products/canvas-printing-dubai/","canvas-printing-dubai-hero-{width}.webp","4:3","640 + 1200","hero","temporary stock (Unsplash)","Large gallery-wrapped canvas print of desert dunes hanging above a hotel bed","/canvas-printing-dubai/","Realistic commercial photograph of a large gallery-wrapped canvas print of golden desert dunes hanging above a neatly made bed in a Dubai hotel room, 38 mm deep frame casting a soft shadow, warm bedside lighting, straight-on view, fictional brand name, no real logos, no Flash Print Solution branding"
"p:canvas-printing-dubai:detail","website/assets/images/products/canvas-printing-dubai/","canvas-printing-dubai-detail-{width}.webp","4:3","640 + 1200","detail","temporary stock (Unsplash)","Close-up of a canvas print corner showing a folded edge and textured weave","/canvas-printing-dubai/","Macro photograph of the corner of a stretched canvas print showing the neatly folded wrap, visible canvas weave and printed colour continuing around the side, soft directional light, shallow depth of field, fictional brand name, no real logos, no Flash Print Solution branding"
"p:canvas-printing-dubai:application","website/assets/images/products/canvas-printing-dubai/","canvas-printing-dubai-application-{width}.webp","4:3","640 + 1200","application","temporary stock (Unsplash)","Office meeting room wall with a triptych of abstract canvas prints","/canvas-printing-dubai/","Realistic interior photograph of a Dubai office meeting room with a triptych of abstract canvas prints in blue and sand tones evenly spaced above a credenza, timber table in the foreground, soft daylight, eye-level view, fictional brand name, no real logos, no Flash Print Solution branding"
"p:canvas-printing-dubai:production","website/assets/images/products/canvas-printing-dubai/","canvas-printing-dubai-production-{width}.webp","4:3","640 + 1200","production","temporary stock — shared production photo (pool:large-format-printer)","Wide-format inkjet printer printing a large graphic onto roll media","/canvas-printing-dubai/","Photorealistic commercial photograph of canvas printing production: Wide-format inkjet printer printing a large graphic onto roll media. Clean, well-lit Dubai print workshop, 4:3 landscape. Fictional brand names only, no real logos, no Flash Print Solution branding."
"p:interior-panel-printing-dubai:hero","website/assets/images/products/interior-panel-printing-dubai/","interior-panel-printing-dubai-hero-{width}.webp","4:3","640 + 1200","hero","temporary stock (Unsplash)","Row of printed timeline panels mounted on stand-offs along an office corridor","/interior-panel-printing-dubai/","Realistic commercial photograph of a row of printed company timeline panels on white foam PVC, mounted on brushed stand-offs along a bright Dubai office corridor, even spacing and aligned joins, soft daylight, three-quarter perspective, fictional brand name, no real logos, no Flash Print Solution branding"
"p:interior-panel-printing-dubai:detail","website/assets/images/products/interior-panel-printing-dubai/","interior-panel-printing-dubai-detail-{width}.webp","4:3","640 + 1200","detail","temporary stock (Unsplash)","Close-up of a printed foam PVC panel edge with a brushed stand-off fixing","/interior-panel-printing-dubai/","Macro photograph of the corner of a printed 10 mm foam PVC panel with a clean square edge and a brushed aluminium stand-off cap, sitting off a pale grey wall, soft side lighting, shallow depth of field, fictional brand name, no real logos, no Flash Print Solution branding"
"p:interior-panel-printing-dubai:application","website/assets/images/products/interior-panel-printing-dubai/","interior-panel-printing-dubai-application-{width}.webp","4:3","640 + 1200","application","temporary stock (Unsplash)","Property sales gallery with large printed photographic panels and a model display","/interior-panel-printing-dubai/","Realistic interior photograph of a Dubai property sales gallery with large printed photographic wall panels of fictional residential towers behind an architectural scale model on a plinth, polished floor, warm accent lighting, wide view, fictional brand name, no real logos, no Flash Print Solution branding"
"p:interior-panel-printing-dubai:production","website/assets/images/products/interior-panel-printing-dubai/","interior-panel-printing-dubai-production-{width}.webp","4:3","640 + 1200","production","temporary stock — shared production photo (pool:sign-fabrication)","Workshop fabrication of signage","/interior-panel-printing-dubai/","Photorealistic commercial photograph of interior panels production: Workshop fabrication of signage — acrylic, aluminium composite panels and letters. Clean, well-lit Dubai print workshop, 4:3 landscape. Fictional brand names only, no real logos, no Flash Print Solution branding."
"p:wallpaper-printing-dubai:hero","website/assets/images/products/wallpaper-printing-dubai/","wallpaper-printing-dubai-hero-{width}.webp","4:3","640 + 1200","hero","temporary stock (Unsplash)","Hotel guest room feature wall with custom printed botanical wallpaper behind the bed","/wallpaper-printing-dubai/","Realistic commercial photograph of a Dubai hotel guest room with a custom printed botanical wallpaper feature wall in deep green and gold behind an upholstered headboard, matching cushions, warm bedside lamps, straight-on wide view, fictional brand name, no real logos, no Flash Print Solution branding"
"p:wallpaper-printing-dubai:detail","website/assets/images/products/wallpaper-printing-dubai/","wallpaper-printing-dubai-detail-{width}.webp","4:3","640 + 1200","detail","temporary stock (Unsplash)","Close-up of linen-textured printed wallpaper showing a matched pattern join","/wallpaper-printing-dubai/","Macro photograph of linen-embossed printed wallpaper showing a geometric pattern matching precisely across a vertical join between two drops, raking light revealing the texture, shallow depth of field, fictional brand name, no real logos, no Flash Print Solution branding"
"p:wallpaper-printing-dubai:application","website/assets/images/products/wallpaper-printing-dubai/","wallpaper-printing-dubai-application-{width}.webp","4:3","640 + 1200","application","temporary stock (Unsplash)","Restaurant dining area with dark patterned wallpaper and warm pendant lighting","/wallpaper-printing-dubai/","Realistic interior photograph of an intimate Dubai restaurant dining area with dark patterned custom wallpaper, velvet banquette seating, set tables and warm brass pendant lights, evening ambience, eye-level three-quarter view, fictional brand name, no real logos, no Flash Print Solution branding"
"p:wallpaper-printing-dubai:production","website/assets/images/products/wallpaper-printing-dubai/","wallpaper-printing-dubai-production-{width}.webp","4:3","640 + 1200","production","temporary stock — shared production photo (pool:large-format-printer)","Wide-format inkjet printer printing a large graphic onto roll media","/wallpaper-printing-dubai/","Photorealistic commercial photograph of wallpaper printing production: Wide-format inkjet printer printing a large graphic onto roll media. Clean, well-lit Dubai print workshop, 4:3 landscape. Fictional brand names only, no real logos, no Flash Print Solution branding."
"p:window-display-graphics-dubai:hero","website/assets/images/products/window-display-graphics-dubai/","window-display-graphics-dubai-hero-{width}.webp","4:3","640 + 1200","hero","temporary stock (Unsplash)","Boutique shop window with colourful sale graphics on glass and hanging display boards","/window-display-graphics-dubai/","Realistic commercial photograph of a boutique shopfront in a Dubai mall with bold printed sale graphics on the glass and double-sided hanging display boards behind, mannequins in the window, bright even mall lighting, straight-on view, fictional brand name, no real logos, no Flash Print Solution branding"
"p:window-display-graphics-dubai:detail","website/assets/images/products/window-display-graphics-dubai/","window-display-graphics-dubai-detail-{width}.webp","4:3","640 + 1200","detail","temporary stock (Unsplash)","Close-up of perforated one-way vision film on a shop window with dots visible","/window-display-graphics-dubai/","Macro photograph of printed perforated one-way vision film on a shop window, regular pattern of small holes visible through a colourful printed image, daylight behind, shallow depth of field, fictional brand name, no real logos, no Flash Print Solution branding"
"p:window-display-graphics-dubai:application","website/assets/images/products/window-display-graphics-dubai/","window-display-graphics-dubai-application-{width}.webp","4:3","640 + 1200","application","temporary stock (Unsplash)","Mall shopfront window display with seasonal campaign graphics and product mannequins","/window-display-graphics-dubai/","Realistic photograph of a fashion store window in a Dubai mall dressed for a festive season campaign, printed window vinyl framing the glass, a fabric backdrop and mannequins, shoppers softly blurred in the foreground, warm lighting, fictional brand name, no real logos, no Flash Print Solution branding"
"p:window-display-graphics-dubai:production","website/assets/images/products/window-display-graphics-dubai/","window-display-graphics-dubai-production-{width}.webp","4:3","640 + 1200","production","temporary stock — shared production photo (pool:vinyl-installation)","Installer applying printed vinyl film to glass or wall with a squeegee","/window-display-graphics-dubai/","Photorealistic commercial photograph of window displays production: Installer applying printed vinyl film to glass or wall with a squeegee. Clean, well-lit Dubai print workshop, 4:3 landscape. Fictional brand names only, no real logos, no Flash Print Solution branding."
"p:certificate-printing-dubai:hero","website/assets/images/products/certificate-printing-dubai/","certificate-printing-dubai-hero-{width}.webp","4:3","640 + 1200","hero","temporary stock (Unsplash)","Ivory graduation certificate with gold foil seal and embossed crest on a walnut desk","/certificate-printing-dubai/","Realistic commercial product photograph of an A4 ivory certificate with a gold foil seal and blind-embossed crest, lying on a walnut desk beside a fountain pen. Warm soft daylight, gentle shadows, 45-degree angle, crisp focus on the seal. Fictional brand name, no real logos, no Flash Print Solution branding."
"p:certificate-printing-dubai:detail","website/assets/images/products/certificate-printing-dubai/","certificate-printing-dubai-detail-{width}.webp","4:3","640 + 1200","detail","temporary stock (Unsplash)","Close-up of gold foil seal and raised embossing on textured linen certificate board","/certificate-printing-dubai/","Macro commercial photograph of a gold hot-foil seal and raised blind embossing on cream linen-textured certificate board, raking side light revealing paper texture and relief, very shallow depth of field, neutral background. Fictional brand name, no real logos, no Flash Print Solution branding."
"p:certificate-printing-dubai:application","website/assets/images/products/certificate-printing-dubai/","certificate-printing-dubai-application-{width}.webp","4:3","640 + 1200","application","temporary stock (Unsplash)","Graduate in gown holding a certificate at a school graduation ceremony","/certificate-printing-dubai/","Realistic editorial photograph of a smiling graduate in a dark gown holding a printed certificate in a folder at an indoor graduation ceremony in a Dubai school hall, blurred audience behind, warm stage lighting, eye-level angle. Fictional brand name, no real logos, no Flash Print Solution branding."
"p:certificate-printing-dubai:production","website/assets/images/products/certificate-printing-dubai/","certificate-printing-dubai-production-{width}.webp","4:3","640 + 1200","production","temporary stock — shared production photo (pool:foil-embossing)","Hot-foil stamping or embossing detail being applied to card stock","/certificate-printing-dubai/","Photorealistic commercial photograph of certificates production: Hot-foil stamping or embossing detail being applied to card stock. Clean, well-lit Dubai print workshop, 4:3 landscape. Fictional brand names only, no real logos, no Flash Print Solution branding."
"p:exam-paper-printing-dubai:hero","website/assets/images/products/exam-paper-printing-dubai/","exam-paper-printing-dubai-hero-{width}.webp","4:3","640 + 1200","hero","temporary stock (Unsplash)","Stack of stapled exam booklets and loose answer sheets on a classroom desk","/exam-paper-printing-dubai/","Realistic commercial photograph of a neat stack of white A4 saddle-stitched exam booklets beside loose lined answer sheets and a pencil on a pale wooden classroom desk, soft overhead daylight, slightly elevated angle, clean uncluttered background. Fictional brand name, no real logos, no Flash Print Solution branding."
"p:exam-paper-printing-dubai:detail","website/assets/images/products/exam-paper-printing-dubai/","exam-paper-printing-dubai-detail-{width}.webp","4:3","640 + 1200","detail","temporary stock (Unsplash)","Close-up of a saddle-stitched exam booklet spine with printed page numbers","/exam-paper-printing-dubai/","Macro photograph of the stapled spine of an A4 exam booklet on uncoated white paper, two metal staples visible, page corner lifted to show a printed page number and question text, soft diffused light, shallow depth of field. Fictional brand name, no real logos, no Flash Print Solution branding."
"p:exam-paper-printing-dubai:application","website/assets/images/products/exam-paper-printing-dubai/","exam-paper-printing-dubai-application-{width}.webp","4:3","640 + 1200","application","temporary stock (Unsplash)","Students writing exam answers at rows of desks in a bright school hall","/exam-paper-printing-dubai/","Realistic editorial photograph of secondary school students in uniform writing answers in printed exam booklets at evenly spaced desks in a bright Dubai school hall, invigilator in the background, natural daylight from high windows, wide eye-level shot. Fictional brand name, no real logos, no Flash Print Solution branding."
"p:exam-paper-printing-dubai:production","website/assets/images/products/exam-paper-printing-dubai/","exam-paper-printing-dubai-production-{width}.webp","4:3","640 + 1200","production","temporary stock — shared production photo (pool:digital-press)","Digital press output","/exam-paper-printing-dubai/","Photorealistic commercial photograph of exam papers production: Digital press output — freshly printed sheets leaving a production digital press. Clean, well-lit Dubai print workshop, 4:3 landscape. Fictional brand names only, no real logos, no Flash Print Solution branding."
"p:id-card-printing-dubai:hero","website/assets/images/products/id-card-printing-dubai/","id-card-printing-dubai-hero-{width}.webp","4:3","640 + 1200","hero","temporary stock (Unsplash)","Set of white PVC photo ID cards with blue colour bands and matching lanyards","/id-card-printing-dubai/","Realistic commercial product photograph of five white PVC photo ID cards with blue colour bands, fanned out on a light grey surface with coiled navy lanyards and metal clips, soft even studio lighting, overhead angle, sharp detail. Fictional brand name, no real logos, no Flash Print Solution branding."
"p:id-card-printing-dubai:detail","website/assets/images/products/id-card-printing-dubai/","id-card-printing-dubai-detail-{width}.webp","4:3","640 + 1200","detail","temporary stock (Unsplash)","Close-up of a PVC ID card showing a photo, barcode and rounded corners","/id-card-printing-dubai/","Macro commercial photograph of a single PVC ID card edge-on and angled, showing a printed portrait photo, name, barcode and rounded corner, glossy surface catching a soft highlight, neutral background, shallow depth of field. Fictional brand name, no real logos, no Flash Print Solution branding."
"p:id-card-printing-dubai:application","website/assets/images/products/id-card-printing-dubai/","id-card-printing-dubai-application-{width}.webp","4:3","640 + 1200","application","temporary stock (Unsplash)","Office worker wearing a photo ID badge on a lanyard at a reception desk","/id-card-printing-dubai/","Realistic editorial photograph of a staff member wearing a PVC photo ID card on a navy lanyard while greeting a visitor at a modern Dubai office reception desk, natural daylight, medium shot at chest height, background softly blurred. Fictional brand name, no real logos, no Flash Print Solution branding."
"p:id-card-printing-dubai:production","website/assets/images/products/id-card-printing-dubai/","id-card-printing-dubai-production-{width}.webp","4:3","640 + 1200","production","temporary stock — shared production photo (pool:finishing-cutting)","Trimming and cutting printed stacks on a guillotine in a print finishing area","/id-card-printing-dubai/","Photorealistic commercial photograph of id cards production: Trimming and cutting printed stacks on a guillotine in a print finishing area. Clean, well-lit Dubai print workshop, 4:3 landscape. Fictional brand names only, no real logos, no Flash Print Solution branding."
"p:report-card-printing-dubai:hero","website/assets/images/products/report-card-printing-dubai/","report-card-printing-dubai-hero-{width}.webp","4:3","640 + 1200","hero","temporary stock (Unsplash)","Folded school report cards with a navy crest cover and printed grade tables","/report-card-printing-dubai/","Realistic commercial product photograph of folded A4 school report cards, one open to show printed grade tables and signature boxes, others closed with a navy cover and simple crest, on a white desk with a pen, soft daylight, 45-degree angle. Fictional brand name, no real logos, no Flash Print Solution branding."
"p:report-card-printing-dubai:detail","website/assets/images/products/report-card-printing-dubai/","report-card-printing-dubai-detail-{width}.webp","4:3","640 + 1200","detail","temporary stock (Unsplash)","Close-up of a grade table and signature box printed on uncoated card","/report-card-printing-dubai/","Macro photograph of a printed grade table with subject names and a blank signature box on uncoated off-white card, ballpoint pen resting on the page, soft raking light showing paper texture, shallow depth of field. Fictional brand name, no real logos, no Flash Print Solution branding."
"p:report-card-printing-dubai:application","website/assets/images/products/report-card-printing-dubai/","report-card-printing-dubai-application-{width}.webp","4:3","640 + 1200","application","temporary stock (Unsplash)","Parent reading a child's school report at a kitchen table","/report-card-printing-dubai/","Realistic lifestyle photograph of a parent and child at a kitchen table in a Dubai apartment reading a folded printed school report together, warm evening light, relaxed natural expressions, medium shot from the side. Fictional brand name, no real logos, no Flash Print Solution branding."
"p:report-card-printing-dubai:production","website/assets/images/products/report-card-printing-dubai/","report-card-printing-dubai-production-{width}.webp","4:3","640 + 1200","production","temporary stock — shared production photo (pool:offset-press)","Offset press run","/report-card-printing-dubai/","Photorealistic commercial photograph of report cards production: Offset press run — operator checking a sheet at an offset printing press. Clean, well-lit Dubai print workshop, 4:3 landscape. Fictional brand names only, no real logos, no Flash Print Solution branding."
"p:training-manual-printing-dubai:hero","website/assets/images/products/training-manual-printing-dubai/","training-manual-printing-dubai-hero-{width}.webp","4:3","640 + 1200","hero","temporary stock (Unsplash)","Stack of A4 wire-bound training manuals with laminated covers and coloured tab dividers","/training-manual-printing-dubai/","Realistic commercial product photograph of a stack of A4 wire-o bound training manuals with matt laminated teal covers and colourful printed tab dividers visible at the edge, on a white meeting table, soft daylight, three-quarter angle. Fictional brand name, no real logos, no Flash Print Solution branding."
"p:training-manual-printing-dubai:detail","website/assets/images/products/training-manual-printing-dubai/","training-manual-printing-dubai-detail-{width}.webp","4:3","640 + 1200","detail","temporary stock (Unsplash)","Close-up of metal wire-o binding and printed tab dividers on a manual","/training-manual-printing-dubai/","Macro photograph of silver double-loop wire binding on an open A4 manual, with laminated printed tab dividers fanned beside it, uncoated text pages showing handwritten notes, soft side light, shallow depth of field. Fictional brand name, no real logos, no Flash Print Solution branding."
"p:training-manual-printing-dubai:application","website/assets/images/products/training-manual-printing-dubai/","training-manual-printing-dubai-application-{width}.webp","4:3","640 + 1200","application","temporary stock (Unsplash)","Trainees taking notes in open workbooks during a corporate training session","/training-manual-printing-dubai/","Realistic editorial photograph of hospitality trainees around a table in a bright Dubai training room, writing notes in open wire-bound workbooks while a trainer presents in the background, natural light, medium-wide shot at table height. Fictional brand name, no real logos, no Flash Print Solution branding."
"p:training-manual-printing-dubai:production","website/assets/images/products/training-manual-printing-dubai/","training-manual-printing-dubai-production-{width}.webp","4:3","640 + 1200","production","temporary stock — shared production photo (pool:binding)","Booklet binding / stitching and folding of multi-page printed documents","/training-manual-printing-dubai/","Photorealistic commercial photograph of training manuals production: Booklet binding / stitching and folding of multi-page printed documents. Clean, well-lit Dubai print workshop, 4:3 landscape. Fictional brand names only, no real logos, no Flash Print Solution branding."
"p:restaurant-menu-printing-dubai:hero","website/assets/images/products/restaurant-menu-printing-dubai/","restaurant-menu-printing-dubai-hero-{width}.webp","4:3","640 + 1200","hero","temporary stock (Unsplash)","Laminated bi-fold restaurant menu open on a wooden table beside cutlery","/restaurant-menu-printing-dubai/","Realistic commercial photograph of an open laminated bi-fold restaurant menu with bilingual English and Arabic text lying on a warm wooden table beside cutlery and a water glass, soft window light, shallow depth of field, overhead three-quarter angle, fictional brand name, no real logos, no Flash Print Solution branding."
"p:restaurant-menu-printing-dubai:detail","website/assets/images/products/restaurant-menu-printing-dubai/","restaurant-menu-printing-dubai-detail-{width}.webp","4:3","640 + 1200","detail","temporary stock (Unsplash)","Close-up of a soft-touch menu cover with a foil-stamped logo and rounded corners","/restaurant-menu-printing-dubai/","Macro commercial photograph of the corner of a dark soft-touch laminated menu cover with a gold foil-stamped fictional logo and rounded corners, raking light revealing the velvety texture and foil shine, neutral background, fictional brand name, no real logos, no Flash Print Solution branding."
"p:restaurant-menu-printing-dubai:application","website/assets/images/products/restaurant-menu-printing-dubai/","restaurant-menu-printing-dubai-application-{width}.webp","4:3","640 + 1200","application","temporary stock (Unsplash)","Waiter handing a printed menu to guests on a terrace restaurant table","/restaurant-menu-printing-dubai/","Realistic commercial photograph of a waiter handing a printed synthetic menu to two guests seated at a terrace restaurant table in Dubai at sunset, warm golden light, marina softly blurred in the background, candid mid-shot, fictional brand name, no real logos, no Flash Print Solution branding."
"p:restaurant-menu-printing-dubai:production","website/assets/images/products/restaurant-menu-printing-dubai/","restaurant-menu-printing-dubai-production-{width}.webp","4:3","640 + 1200","production","temporary stock — shared production photo (pool:digital-press)","Digital press output","/restaurant-menu-printing-dubai/","Photorealistic commercial photograph of restaurant menus production: Digital press output — freshly printed sheets leaving a production digital press. Clean, well-lit Dubai print workshop, 4:3 landscape. Fictional brand names only, no real logos, no Flash Print Solution branding."
"p:printed-table-mats-dubai:hero","website/assets/images/products/printed-table-mats-dubai/","printed-table-mats-dubai-hero-{width}.webp","4:3","640 + 1200","hero","temporary stock (Unsplash)","Printed paper placemat with a colourful illustrated design on a café table","/printed-table-mats-dubai/","Realistic commercial photograph of a printed A3 paper placemat with a colourful illustrated design and small menu highlights on a light wooden café table, coffee cup and cutlery placed on it, soft daylight, overhead angle, fictional brand name, no real logos, no Flash Print Solution branding."
"p:printed-table-mats-dubai:detail","website/assets/images/products/printed-table-mats-dubai/","printed-table-mats-dubai-detail-{width}.webp","4:3","640 + 1200","detail","temporary stock (Unsplash)","Stack of printed tear-off placemat pads showing the glued edge and paper texture","/printed-table-mats-dubai/","Close-up commercial photograph of a stack of printed paper placemat pads showing the glued top edge, a partly torn sheet and the uncoated paper texture, soft studio lighting, shallow depth of field, neutral background, fictional brand name, no real logos, no Flash Print Solution branding."
"p:printed-table-mats-dubai:application","website/assets/images/products/printed-table-mats-dubai/","printed-table-mats-dubai-application-{width}.webp","4:3","640 + 1200","application","temporary stock (Unsplash)","Food tray with a printed tray liner, burger and fries on a counter","/printed-table-mats-dubai/","Realistic commercial photograph of a plastic food tray lined with a printed paper tray liner, holding a burger, fries and a drink on a counter in a bright Dubai food court, cheerful colours, shallow depth of field, three-quarter angle, fictional brand name, no real logos, no Flash Print Solution branding."
"p:printed-table-mats-dubai:production","website/assets/images/products/printed-table-mats-dubai/","printed-table-mats-dubai-production-{width}.webp","4:3","640 + 1200","production","temporary stock — shared production photo (pool:offset-press)","Offset press run","/printed-table-mats-dubai/","Photorealistic commercial photograph of table mats production: Offset press run — operator checking a sheet at an offset printing press. Clean, well-lit Dubai print workshop, 4:3 landscape. Fictional brand names only, no real logos, no Flash Print Solution branding."
"p:hospital-signage-dubai:hero","website/assets/images/products/hospital-signage-dubai/","hospital-signage-dubai-hero-{width}.webp","4:3","640 + 1200","hero","temporary stock (Unsplash)","Bilingual department directory sign on a white wall in a modern hospital corridor","/hospital-signage-dubai/","Realistic commercial photograph of a large acrylic department directory sign with colour-coded bars, simple pictograms and English and Arabic text for a fictional hospital, mounted on a white corridor wall near lifts, polished pale floor, soft even daylight, straight-on eye-level view, fictional brand name, no real logos, no Flash Print Solution branding."
"p:hospital-signage-dubai:detail","website/assets/images/products/hospital-signage-dubai/","hospital-signage-dubai-detail-{width}.webp","4:3","640 + 1200","detail","temporary stock (Unsplash)","Close-up of a consultation room door sign with a slide-in doctor name insert","/hospital-signage-dubai/","Realistic close-up photograph of a brushed aluminium door sign holder on a pale wood clinic door, a printed insert showing a fictional doctor's name and room number half slid out of the frame, rounded corners visible, soft diffused lighting, shallow depth of field, fictional brand name, no real logos, no Flash Print Solution branding."
"p:hospital-signage-dubai:application","website/assets/images/products/hospital-signage-dubai/","hospital-signage-dubai-application-{width}.webp","4:3","640 + 1200","application","temporary stock (Unsplash)","Patient walking past colour-coded projecting department signs in a clinic corridor","/hospital-signage-dubai/","Realistic commercial photograph of a patient walking down a bright Dubai clinic corridor beneath colour-coded projecting department signs in English and Arabic, reception desk softly blurred in the background, clean white walls and natural light, candid eye-level angle, fictional brand name, no real logos, no Flash Print Solution branding."
"p:hospital-signage-dubai:production","website/assets/images/products/hospital-signage-dubai/","hospital-signage-dubai-production-{width}.webp","4:3","640 + 1200","production","temporary stock — shared production photo (pool:sign-fabrication)","Workshop fabrication of signage","/hospital-signage-dubai/","Photorealistic commercial photograph of hospital signage production: Workshop fabrication of signage — acrylic, aluminium composite panels and letters. Clean, well-lit Dubai print workshop, 4:3 landscape. Fictional brand names only, no real logos, no Flash Print Solution branding."
"p:medical-form-printing-dubai:hero","website/assets/images/products/medical-form-printing-dubai/","medical-form-printing-dubai-hero-{width}.webp","4:3","640 + 1200","hero","temporary stock (Unsplash)","Stack of bilingual patient registration forms and NCR sets on a clinic reception desk","/medical-form-printing-dubai/","Realistic commercial photograph of neatly stacked bilingual patient registration forms and a fanned NCR set in white, yellow and pink on a white clinic reception desk, a pen and clipboard beside them for a fictional clinic, soft daylight, slightly elevated 45-degree angle, fictional brand name, no real logos, no Flash Print Solution branding."
"p:medical-form-printing-dubai:detail","website/assets/images/products/medical-form-printing-dubai/","medical-form-printing-dubai-detail-{width}.webp","4:3","640 + 1200","detail","temporary stock (Unsplash)","Close-up of white, yellow and pink NCR copies fanned out with red numbering","/medical-form-printing-dubai/","Realistic macro photograph of a three-part NCR form set fanned out in white, yellow and pink, a red sequential number printed in the top corner of each sheet and a perforated tear line visible, soft directional light on a pale surface, shallow depth of field, fictional brand name, no real logos, no Flash Print Solution branding."
"p:medical-form-printing-dubai:application","website/assets/images/products/medical-form-printing-dubai/","medical-form-printing-dubai-application-{width}.webp","4:3","640 + 1200","application","temporary stock (Unsplash)","Receptionist handing a patient a registration form on a clipboard in a clinic","/medical-form-printing-dubai/","Realistic commercial photograph of a clinic receptionist handing a clipboard with a printed registration form to a patient across a modern reception counter in Dubai, plants and waiting chairs softly blurred behind, warm natural light, candid eye-level angle, fictional brand name, no real logos, no Flash Print Solution branding."
"p:medical-form-printing-dubai:production","website/assets/images/products/medical-form-printing-dubai/","medical-form-printing-dubai-production-{width}.webp","4:3","640 + 1200","production","temporary stock — shared production photo (pool:offset-press)","Offset press run","/medical-form-printing-dubai/","Photorealistic commercial photograph of medical forms production: Offset press run — operator checking a sheet at an offset printing press. Clean, well-lit Dubai print workshop, 4:3 landscape. Fictional brand names only, no real logos, no Flash Print Solution branding."
"p:patient-information-boards-dubai:hero","website/assets/images/products/patient-information-boards-dubai/","patient-information-boards-dubai-hero-{width}.webp","4:3","640 + 1200","hero","temporary stock (Unsplash)","Bedside dry-wipe patient board with printed headings for the care team and notes","/patient-information-boards-dubai/","Realistic commercial photograph of a white bedside patient information board with printed pastel headings for care team, today's date and notes, handwritten marker entries for a fictional patient, mounted on a pale hospital room wall beside a neatly made bed, soft daylight, eye-level view, fictional brand name, no real logos, no Flash Print Solution branding."
"p:patient-information-boards-dubai:detail","website/assets/images/products/patient-information-boards-dubai/","patient-information-boards-dubai-detail-{width}.webp","4:3","640 + 1200","detail","temporary stock (Unsplash)","Close-up of a whiteboard marker writing on a gloss dry-wipe laminated board","/patient-information-boards-dubai/","Realistic macro photograph of a blue whiteboard marker writing a name into a printed field on a glossy dry-wipe laminated board, rounded board corner and printed heading visible, soft reflections on the laminate, gentle side lighting, shallow depth of field, fictional brand name, no real logos, no Flash Print Solution branding."
"p:patient-information-boards-dubai:application","website/assets/images/products/patient-information-boards-dubai/","patient-information-boards-dubai-application-{width}.webp","4:3","640 + 1200","application","temporary stock (Unsplash)","Nurse updating a care-team board on a hospital ward corridor wall","/patient-information-boards-dubai/","Realistic commercial photograph of a nurse in scrubs updating a wall-mounted care-team board with slide-in name cards and dry-wipe sections on a calm hospital ward corridor in Dubai, soft overhead lighting, clean pale walls, candid three-quarter angle, fictional brand name, no real logos, no Flash Print Solution branding."
"p:patient-information-boards-dubai:production","website/assets/images/products/patient-information-boards-dubai/","patient-information-boards-dubai-production-{width}.webp","4:3","640 + 1200","production","temporary stock — shared production photo (pool:large-format-printer)","Wide-format inkjet printer printing a large graphic onto roll media","/patient-information-boards-dubai/","Photorealistic commercial photograph of patient boards production: Wide-format inkjet printer printing a large graphic onto roll media. Clean, well-lit Dubai print workshop, 4:3 landscape. Fictional brand names only, no real logos, no Flash Print Solution branding."
"p:prescription-pad-printing-dubai:hero","website/assets/images/products/prescription-pad-printing-dubai/","prescription-pad-printing-dubai-hero-{width}.webp","4:3","640 + 1200","hero","temporary stock — SHARED with cat:healthcare-medical (replace first)","Stack of personalised A5 prescription pads with a fictional clinic logo on a desk","/prescription-pad-printing-dubai/","Realistic commercial product photograph of three personalised A5 prescription pads stacked slightly offset on a white consultation desk, a fictional clinic logo and doctor name in a teal header band, a silver pen and stethoscope nearby, soft daylight, slightly elevated angle, fictional brand name, no real logos, no Flash Print Solution branding."
"p:prescription-pad-printing-dubai:detail","website/assets/images/products/prescription-pad-printing-dubai/","prescription-pad-printing-dubai-detail-{width}.webp","4:3","640 + 1200","detail","temporary stock (Unsplash)","Close-up of red sequential numbering and the glued head of a prescription pad","/prescription-pad-printing-dubai/","Realistic macro photograph of the top edge of a prescription pad showing the glued padding strip, a perforation line and a red sequential number printed in the corner of the top sheet, fine paper texture visible, soft side lighting, shallow depth of field, fictional brand name, no real logos, no Flash Print Solution branding."
"p:prescription-pad-printing-dubai:application","website/assets/images/products/prescription-pad-printing-dubai/","prescription-pad-printing-dubai-application-{width}.webp","4:3","640 + 1200","application","temporary stock (Unsplash)","Doctor writing on a prescription pad at a consultation desk with a stethoscope","/prescription-pad-printing-dubai/","Realistic commercial photograph of a doctor in a white coat writing on a personalised prescription pad at a tidy consultation desk in a modern Dubai clinic, stethoscope and laptop nearby, warm natural window light, close three-quarter angle focused on the hand and pad, fictional brand name, no real logos, no Flash Print Solution branding."
"p:prescription-pad-printing-dubai:production","website/assets/images/products/prescription-pad-printing-dubai/","prescription-pad-printing-dubai-production-{width}.webp","4:3","640 + 1200","production","temporary stock — shared production photo (pool:finishing-cutting)","Trimming and cutting printed stacks on a guillotine in a print finishing area","/prescription-pad-printing-dubai/","Photorealistic commercial photograph of prescription pads production: Trimming and cutting printed stacks on a guillotine in a print finishing area. Clean, well-lit Dubai print workshop, 4:3 landscape. Fictional brand names only, no real logos, no Flash Print Solution branding."
"p:facility-signage-dubai:hero","website/assets/images/products/facility-signage-dubai/","facility-signage-dubai-hero-{width}.webp","4:3","640 + 1200","hero","temporary stock (Unsplash)","Bilingual building identification board with a building number on a pale stone facade","/facility-signage-dubai/","Realistic commercial photograph of a large bilingual building identification board with raised brushed metal letters and a building number for a fictional facility, fixed to a pale stone facade in Dubai, clean landscaping below, bright even daylight, straight-on eye-level view, fictional brand name, no real logos, no Flash Print Solution branding."
"p:facility-signage-dubai:detail","website/assets/images/products/facility-signage-dubai/","facility-signage-dubai-detail-{width}.webp","4:3","640 + 1200","detail","temporary stock (Unsplash)","Close-up of a laser-engraved brushed aluminium plate reading plant room on a grey door","/facility-signage-dubai/","Realistic macro photograph of a brushed aluminium door plate laser-engraved with the words plant room and a room number in English and Arabic, fixed to a grey painted steel door with countersunk screws, crisp side lighting revealing the engraving depth, fictional brand name, no real logos, no Flash Print Solution branding."
"p:facility-signage-dubai:application","website/assets/images/products/facility-signage-dubai/","facility-signage-dubai-application-{width}.webp","4:3","640 + 1200","application","temporary stock (Unsplash)","Floor directory with department names in a government office lift lobby","/facility-signage-dubai/","Realistic commercial photograph of a wall-mounted floor directory in frosted acrylic on stand-offs, listing fictional department names by floor in English and Arabic, beside lift doors in a calm government office lobby, marble floor, warm ambient lighting, three-quarter eye-level angle, fictional brand name, no real logos, no Flash Print Solution branding."
"p:facility-signage-dubai:production","website/assets/images/products/facility-signage-dubai/","facility-signage-dubai-production-{width}.webp","4:3","640 + 1200","production","temporary stock — shared production photo (pool:sign-installation)","Installation team fixing a sign board on a building facade using ladders/lift","/facility-signage-dubai/","Photorealistic commercial photograph of facility identification boards production: Installation team fixing a sign board on a building facade using ladders/lift. Clean, well-lit Dubai print workshop, 4:3 landscape. Fictional brand names only, no real logos, no Flash Print Solution branding."
"p:mandatory-safety-signage-dubai:hero","website/assets/images/products/mandatory-safety-signage-dubai/","mandatory-safety-signage-dubai-hero-{width}.webp","4:3","640 + 1200","hero","temporary stock (Unsplash)","Blue mandatory signs for helmet, gloves and eye protection on a factory wall","/mandatory-safety-signage-dubai/","Realistic commercial photograph of a row of blue circular mandatory safety signs showing helmet, gloves and eye protection pictograms on white PVC panels, mounted on a light grey factory wall beside a production-area door, even industrial lighting, straight-on eye-level view, fictional brand name, no real logos, no Flash Print Solution branding."
"p:mandatory-safety-signage-dubai:detail","website/assets/images/products/mandatory-safety-signage-dubai/","mandatory-safety-signage-dubai-detail-{width}.webp","4:3","640 + 1200","detail","temporary stock (Unsplash)","Close-up of a blue hand-washing sign with a gloss laminate in a commercial kitchen","/mandatory-safety-signage-dubai/","Realistic close-up photograph of a blue and white hand-washing mandatory sign with a glossy wipe-clean laminate, fixed to white tiles above a stainless steel hand-wash basin in a commercial kitchen, soft reflections on the laminate, bright clean lighting, fictional brand name, no real logos, no Flash Print Solution branding."
"p:mandatory-safety-signage-dubai:application","website/assets/images/products/mandatory-safety-signage-dubai/","mandatory-safety-signage-dubai-application-{width}.webp","4:3","640 + 1200","application","temporary stock (Unsplash)","Safety officer checking mounted mandatory signs against a clipboard schedule in a warehouse","/mandatory-safety-signage-dubai/","Realistic commercial photograph of a safety officer in a hi-vis vest holding a clipboard and checking newly mounted blue mandatory signs on a warehouse entrance wall in Dubai, racking softly blurred behind, natural daylight from a roller door, candid three-quarter angle, fictional brand name, no real logos, no Flash Print Solution branding."
"p:mandatory-safety-signage-dubai:production","website/assets/images/products/mandatory-safety-signage-dubai/","mandatory-safety-signage-dubai-production-{width}.webp","4:3","640 + 1200","production","temporary stock — shared production photo (pool:quality-check)","Quality control","/mandatory-safety-signage-dubai/","Photorealistic commercial photograph of mandatory signage production: Quality control — checking a printed proof against a colour swatch under lighting. Clean, well-lit Dubai print workshop, 4:3 landscape. Fictional brand names only, no real logos, no Flash Print Solution branding."
"p:regulatory-stickers-dubai:hero","website/assets/images/products/regulatory-stickers-dubai/","regulatory-stickers-dubai-hero-{width}.webp","4:3","640 + 1200","hero","temporary stock (Unsplash)","Sheet of numbered inspection stickers with write-on date fields beside a pen","/regulatory-stickers-dubai/","Realistic commercial product photograph of a kiss-cut sheet of green and white numbered inspection stickers with blank write-on date and initials fields, a black pen resting beside it on a light grey desk, crisp even studio lighting, slightly elevated angle, fictional brand name, no real logos, no Flash Print Solution branding."
"p:regulatory-stickers-dubai:detail","website/assets/images/products/regulatory-stickers-dubai/","regulatory-stickers-dubai-detail-{width}.webp","4:3","640 + 1200","detail","temporary stock (Unsplash)","Close-up of a tamper-evident VOID sticker partly peeled from a metal cabinet","/regulatory-stickers-dubai/","Realistic macro photograph of a silver tamper-evident seal sticker being peeled from a grey metal cabinet, revealing a repeating VOID pattern left on the surface, fingertip at the corner, raking side light showing the pattern, shallow depth of field, fictional brand name, no real logos, no Flash Print Solution branding."
"p:regulatory-stickers-dubai:application","website/assets/images/products/regulatory-stickers-dubai/","regulatory-stickers-dubai-application-{width}.webp","4:3","640 + 1200","application","temporary stock (Unsplash)","Hand applying a no-smoking notice sticker to the glass door of a shop","/regulatory-stickers-dubai/","Realistic commercial photograph of a hand pressing a small printed no-smoking notice sticker onto the inside of a shop's glass entrance door, reading correctly from outside, blurred retail interior behind, soft daylight through the glass, close eye-level angle, fictional brand name, no real logos, no Flash Print Solution branding."
"p:regulatory-stickers-dubai:production","website/assets/images/products/regulatory-stickers-dubai/","regulatory-stickers-dubai-production-{width}.webp","4:3","640 + 1200","production","temporary stock — shared production photo (pool:digital-press)","Digital press output","/regulatory-stickers-dubai/","Photorealistic commercial photograph of regulatory stickers production: Digital press output — freshly printed sheets leaving a production digital press. Clean, well-lit Dubai print workshop, 4:3 landscape. Fictional brand names only, no real logos, no Flash Print Solution branding."
"p:paper-sticker-printing-dubai:hero","website/assets/images/products/paper-sticker-printing-dubai/","paper-sticker-printing-dubai-hero-{width}.webp","4:3","640 + 1200","hero","temporary stock (Unsplash)","Round kraft paper stickers with black printed logos sealing brown gift boxes","/paper-sticker-printing-dubai/","Realistic commercial product photograph of round kraft paper stickers printed in black for a fictional bakery sealing small brown gift boxes tied with twine, on a rustic wooden counter, warm soft daylight, 45-degree angle, fictional brand name, no real logos, no Flash Print Solution branding."
"p:paper-sticker-printing-dubai:detail","website/assets/images/products/paper-sticker-printing-dubai/","paper-sticker-printing-dubai-detail-{width}.webp","4:3","640 + 1200","detail","temporary stock (Unsplash)","Close-up of copper foil lettering on a textured cotton paper sticker","/paper-sticker-printing-dubai/","Macro product photograph of copper hot-foil lettering on a round textured cotton paper sticker, raking side light revealing paper fibres and foil sheen, neutral linen background, shallow depth of field, fictional brand name, no real logos, no Flash Print Solution branding."
"p:paper-sticker-printing-dubai:application","website/assets/images/products/paper-sticker-printing-dubai/","paper-sticker-printing-dubai-application-{width}.webp","4:3","640 + 1200","application","temporary stock (Unsplash)","Bakery assistant sealing a white pastry box with a printed paper sticker","/paper-sticker-printing-dubai/","Documentary-style photograph of a bakery assistant sealing a white pastry box with a printed semi-gloss paper sticker at a Dubai bakery counter, pastries softly blurred behind, warm natural light, three-quarter angle, fictional brand name, no real logos, no Flash Print Solution branding."
"p:paper-sticker-printing-dubai:production","website/assets/images/products/paper-sticker-printing-dubai/","paper-sticker-printing-dubai-production-{width}.webp","4:3","640 + 1200","production","temporary stock — shared production photo (pool:digital-press)","Digital press output","/paper-sticker-printing-dubai/","Photorealistic commercial photograph of paper stickers production: Digital press output — freshly printed sheets leaving a production digital press. Clean, well-lit Dubai print workshop, 4:3 landscape. Fictional brand names only, no real logos, no Flash Print Solution branding."
"p:pvc-sticker-printing-dubai:hero","website/assets/images/products/pvc-sticker-printing-dubai/","pvc-sticker-printing-dubai-hero-{width}.webp","4:3","640 + 1200","hero","temporary stock — SHARED with cat:sticker-materials (replace first)","Glossy white PVC stickers with full-colour logos laid on a stainless steel counter","/pvc-sticker-printing-dubai/","Realistic commercial product photograph of glossy white PVC stickers with full-colour logos for a fictional juice bar, laid on a brushed stainless steel counter with water droplets, bright clean lighting, slightly elevated angle, fictional brand name, no real logos, no Flash Print Solution branding."
"p:pvc-sticker-printing-dubai:detail","website/assets/images/products/pvc-sticker-printing-dubai/","pvc-sticker-printing-dubai-detail-{width}.webp","4:3","640 + 1200","detail","temporary stock (Unsplash)","Water droplets beading on a laminated PVC sticker applied to a bottle","/pvc-sticker-printing-dubai/","Macro product photograph of water droplets beading on a gloss-laminated white PVC sticker applied to a chilled plastic bottle, crisp backlight highlighting the droplets and label edge, dark background, fictional brand name, no real logos, no Flash Print Solution branding."
"p:pvc-sticker-printing-dubai:application","website/assets/images/products/pvc-sticker-printing-dubai/","pvc-sticker-printing-dubai-application-{width}.webp","4:3","640 + 1200","application","temporary stock (Unsplash)","PVC recycling stickers on colour-coded waste bins in an office corridor","/pvc-sticker-printing-dubai/","Realistic photograph of colour-coded waste and recycling bins with printed PVC stickers showing icons and wording, standing in a bright modern office corridor in Dubai, natural daylight, eye-level angle, fictional brand name, no real logos, no Flash Print Solution branding."
"p:pvc-sticker-printing-dubai:production","website/assets/images/products/pvc-sticker-printing-dubai/","pvc-sticker-printing-dubai-production-{width}.webp","4:3","640 + 1200","production","temporary stock — shared production photo (pool:large-format-printer)","Wide-format inkjet printer printing a large graphic onto roll media","/pvc-sticker-printing-dubai/","Photorealistic commercial photograph of pvc stickers production: Wide-format inkjet printer printing a large graphic onto roll media. Clean, well-lit Dubai print workshop, 4:3 landscape. Fictional brand names only, no real logos, no Flash Print Solution branding."
"p:on-site-branding-dubai:hero","website/assets/images/products/on-site-branding-dubai/","on-site-branding-dubai-hero-{width}.webp","4:3","640 + 1200","hero","temporary stock (Unsplash)","Printed wall graphic of a city skyline being fitted in a modern office corridor","/on-site-branding-dubai/","Realistic commercial photograph of an installer on a low step ladder applying the final panel of a printed city-skyline wall graphic along a modern Dubai office corridor, neutral carpet, bright even ceiling lighting, wide perspective shot down the corridor. Fictional brand name, no real logos, no Flash Print Solution branding."
"p:on-site-branding-dubai:detail","website/assets/images/products/on-site-branding-dubai/","on-site-branding-dubai-detail-{width}.webp","4:3","640 + 1200","detail","temporary stock (Unsplash)","Close-up of a felt squeegee pressing frosted film onto an office glass partition","/on-site-branding-dubai/","Macro commercial photograph of a felt-edged squeegee pressing a frosted film band with a cut geometric pattern onto a glass meeting-room partition, fine water droplets visible, soft office light, shallow depth of field. Fictional brand name, no real logos, no Flash Print Solution branding."
"p:on-site-branding-dubai:application","website/assets/images/products/on-site-branding-dubai/","on-site-branding-dubai-application-{width}.webp","4:3","640 + 1200","application","temporary stock (Unsplash)","Event entrance with printed wall panels and floor graphics at a conference venue","/on-site-branding-dubai/","Realistic event photograph of a conference entrance in a Dubai hotel ballroom foyer branded with large printed wall panels, a registration counter wrap and directional floor graphics, warm venue lighting, no crowds, wide eye-level view. Fictional brand name, no real logos, no Flash Print Solution branding."
"p:on-site-branding-dubai:production","website/assets/images/products/on-site-branding-dubai/","on-site-branding-dubai-production-{width}.webp","4:3","640 + 1200","production","temporary stock — shared production photo (pool:vinyl-installation)","Installer applying printed vinyl film to glass or wall with a squeegee","/on-site-branding-dubai/","Photorealistic commercial photograph of on-site branding production: Installer applying printed vinyl film to glass or wall with a squeegee. Clean, well-lit Dubai print workshop, 4:3 landscape. Fictional brand names only, no real logos, no Flash Print Solution branding."
"p:sign-board-installation-dubai:hero","website/assets/images/products/sign-board-installation-dubai/","sign-board-installation-dubai-hero-{width}.webp","4:3","640 + 1200","hero","temporary stock (Unsplash)","Installers fixing a large illuminated fascia sign above a shopfront using a mobile lift","/sign-board-installation-dubai/","Realistic commercial photograph of two installers in hi-vis vests on a scissor lift fitting a large illuminated fascia sign above a glass shopfront in a Dubai community retail centre, clear blue sky, midday light, wide low-angle shot. Fictional brand name, no real logos, no Flash Print Solution branding."
"p:sign-board-installation-dubai:detail","website/assets/images/products/sign-board-installation-dubai/","sign-board-installation-dubai-detail-{width}.webp","4:3","640 + 1200","detail","temporary stock (Unsplash)","Close-up of stand-off fixings and spacers holding acrylic letters away from a wall","/sign-board-installation-dubai/","Macro commercial photograph of brushed stainless stand-off fixings and hidden spacers holding thick acrylic letters 20 mm off a painted grey wall, soft side light casting crisp letter shadows, shallow depth of field. Fictional brand name, no real logos, no Flash Print Solution branding."
"p:sign-board-installation-dubai:application","website/assets/images/products/sign-board-installation-dubai/","sign-board-installation-dubai-application-{width}.webp","4:3","640 + 1200","application","temporary stock (Unsplash)","Finished backlit letter sign above a cafe shopfront at dusk","/sign-board-installation-dubai/","Realistic architectural photograph of a newly installed backlit 3D letter sign above a small cafe shopfront in a Dubai neighbourhood at dusk, warm interior glow, blue-hour sky, straight-on eye-level composition. Fictional brand name, no real logos, no Flash Print Solution branding."
"p:sign-board-installation-dubai:production","website/assets/images/products/sign-board-installation-dubai/","sign-board-installation-dubai-production-{width}.webp","4:3","640 + 1200","production","temporary stock — shared production photo (pool:sign-installation)","Installation team fixing a sign board on a building facade using ladders/lift","/sign-board-installation-dubai/","Photorealistic commercial photograph of sign board installation production: Installation team fixing a sign board on a building facade using ladders/lift. Clean, well-lit Dubai print workshop, 4:3 landscape. Fictional brand names only, no real logos, no Flash Print Solution branding."
"p:vehicle-branding-installation-dubai:hero","website/assets/images/products/vehicle-branding-installation-dubai/","vehicle-branding-installation-dubai-hero-{width}.webp","4:3","640 + 1200","hero","temporary stock (Unsplash)","Installer smoothing printed wrap film onto a white delivery van panel with a squeegee","/vehicle-branding-installation-dubai/","Realistic commercial photograph of an installer in gloves smoothing printed wrap film onto the side panel of a white delivery van with a squeegee inside a clean, shaded workshop bay, even overhead lighting, three-quarter angle. Fictional brand name, no real logos, no Flash Print Solution branding."
"p:vehicle-branding-installation-dubai:detail","website/assets/images/products/vehicle-branding-installation-dubai/","vehicle-branding-installation-dubai-detail-{width}.webp","4:3","640 + 1200","detail","temporary stock (Unsplash)","Close-up of a heat gun and squeegee working wrap film around a door handle","/vehicle-branding-installation-dubai/","Macro commercial photograph of a gloved hand guiding wrap film into the recess around a car door handle while a heat gun warms the film, visible film texture and panel gap, workshop lighting, shallow depth of field. Fictional brand name, no real logos, no Flash Print Solution branding."
"p:vehicle-branding-installation-dubai:application","website/assets/images/products/vehicle-branding-installation-dubai/","vehicle-branding-installation-dubai-application-{width}.webp","4:3","640 + 1200","application","temporary stock (Unsplash)","Row of white service vans with matching livery graphics parked outside a warehouse","/vehicle-branding-installation-dubai/","Realistic commercial photograph of five white service vans with identical colourful livery graphics parked in a row outside a modern warehouse in an industrial area of Dubai, morning sun, wide eye-level shot. Fictional brand name, no real logos, no Flash Print Solution branding."
"p:vehicle-branding-installation-dubai:production","website/assets/images/products/vehicle-branding-installation-dubai/","vehicle-branding-installation-dubai-production-{width}.webp","4:3","640 + 1200","production","temporary stock — shared production photo (pool:vehicle-wrap-install)","Installer applying wrap film to a vehicle panel with a heat gun and squeegee","/vehicle-branding-installation-dubai/","Photorealistic commercial photograph of vehicle branding installation production: Installer applying wrap film to a vehicle panel with a heat gun and squeegee. Clean, well-lit Dubai print workshop, 4:3 landscape. Fictional brand names only, no real logos, no Flash Print Solution branding."
"p:artwork-correction-for-printing-dubai:hero","website/assets/images/products/artwork-correction-for-printing-dubai/","artwork-correction-for-printing-dubai-hero-{width}.webp","4:3","640 + 1200","hero","temporary stock (Unsplash)","Designer comparing a printed proof with artwork on screen showing bleed and crop marks","/artwork-correction-for-printing-dubai/","Realistic photograph of a designer holding a printed flyer proof next to a monitor showing the same fictional artwork with bleed and crop marks visible, tidy studio desk in Dubai, soft daylight, over-the-shoulder angle, fictional brand name, no real logos, no Flash Print Solution branding."
"p:artwork-correction-for-printing-dubai:detail","website/assets/images/products/artwork-correction-for-printing-dubai/","artwork-correction-for-printing-dubai-detail-{width}.webp","4:3","640 + 1200","detail","temporary stock (Unsplash)","Close-up of a screen comparing a pixelated logo with a clean redrawn vector version","/artwork-correction-for-printing-dubai/","Close-up photograph of a monitor showing a split view of a pixelated fictional logo beside a clean redrawn vector version with anchor points visible, dim studio with screen glow, slight angle, fictional brand name, no real logos, no Flash Print Solution branding."
"p:artwork-correction-for-printing-dubai:application","website/assets/images/products/artwork-correction-for-printing-dubai/","artwork-correction-for-printing-dubai-application-{width}.webp","4:3","640 + 1200","application","temporary stock — SHARED with cat:design-creative (replace first)","Corrected business cards and flyers laid out beside marked-up proof sheets","/artwork-correction-for-printing-dubai/","Realistic top-down photograph of freshly printed business cards and flyers with fictional branding laid beside marked-up proof sheets and a red pen on a white desk, bright even daylight, fictional brand name, no real logos, no Flash Print Solution branding."
"p:artwork-correction-for-printing-dubai:production","website/assets/images/products/artwork-correction-for-printing-dubai/","artwork-correction-for-printing-dubai-production-{width}.webp","4:3","640 + 1200","production","temporary stock — shared production photo (pool:design-studio)","Designer preparing print artwork on a large monitor with colour swatches nearby","/artwork-correction-for-printing-dubai/","Photorealistic commercial photograph of artwork correction production: Designer preparing print artwork on a large monitor with colour swatches nearby. Clean, well-lit Dubai print workshop, 4:3 landscape. Fictional brand names only, no real logos, no Flash Print Solution branding."
"p:graphic-design-services-dubai:hero","website/assets/images/products/graphic-design-services-dubai/","graphic-design-services-dubai-hero-{width}.webp","4:3","640 + 1200","hero","temporary stock (Unsplash)","Brochure, menu and packaging designs with fictional branding spread across a studio table","/graphic-design-services-dubai/","Realistic top-down photograph of printed design work with fictional branding on a light oak studio table: tri-fold brochure, restaurant menu, product box and business cards, coordinated colour palette, soft daylight, fictional brand name, no real logos, no Flash Print Solution branding."
"p:graphic-design-services-dubai:detail","website/assets/images/products/graphic-design-services-dubai/","graphic-design-services-dubai-detail-{width}.webp","4:3","640 + 1200","detail","temporary stock (Unsplash)","Designer adjusting a brochure layout on screen with colour swatches beside the keyboard","/graphic-design-services-dubai/","Close-up photograph of a designer's hands on a keyboard while a brochure layout with fictional branding fills a large monitor, colour swatch fan and printed proof beside the keyboard, warm studio light, slight side angle, fictional brand name, no real logos, no Flash Print Solution branding."
"p:graphic-design-services-dubai:application","website/assets/images/products/graphic-design-services-dubai/","graphic-design-services-dubai-application-{width}.webp","4:3","640 + 1200","application","temporary stock (Unsplash)","Exhibition stand with graphics and a roll-up banner in matching fictional branding","/graphic-design-services-dubai/","Realistic photograph of a compact exhibition stand at a Dubai trade show with printed back wall graphics, a roll-up banner and brochure rack all in matching fictional branding, bright exhibition hall lighting, wide eye-level angle, fictional brand name, no real logos, no Flash Print Solution branding."
"p:graphic-design-services-dubai:production","website/assets/images/products/graphic-design-services-dubai/","graphic-design-services-dubai-production-{width}.webp","4:3","640 + 1200","production","temporary stock — shared production photo (pool:design-studio)","Designer preparing print artwork on a large monitor with colour swatches nearby","/graphic-design-services-dubai/","Photorealistic commercial photograph of graphic design production: Designer preparing print artwork on a large monitor with colour swatches nearby. Clean, well-lit Dubai print workshop, 4:3 landscape. Fictional brand names only, no real logos, no Flash Print Solution branding."
"p:logo-design-dubai:hero","website/assets/images/products/logo-design-dubai/","logo-design-dubai-hero-{width}.webp","4:3","640 + 1200","hero","temporary stock (Unsplash)","Logo concept sheet showing a fictional mark in colour, black and reversed versions","/logo-design-dubai/","Realistic top-down photograph of a printed logo concept sheet for a fictional brand showing the mark in full colour, black and white-reversed versions with colour swatches, pencil sketches around it on a white desk, soft daylight, fictional brand name, no real logos, no Flash Print Solution branding."
"p:logo-design-dubai:detail","website/assets/images/products/logo-design-dubai/","logo-design-dubai-detail-{width}.webp","4:3","640 + 1200","detail","temporary stock (Unsplash)","Designer sketching logo ideas in a notebook beside a tablet showing vector shapes","/logo-design-dubai/","Close-up photograph of a designer's hand sketching logo ideas for a fictional brand in a dotted notebook, tablet beside it showing vector shapes, warm studio light, shallow depth of field, slight top-down angle, fictional brand name, no real logos, no Flash Print Solution branding."
"p:logo-design-dubai:application","website/assets/images/products/logo-design-dubai/","logo-design-dubai-application-{width}.webp","4:3","640 + 1200","application","temporary stock (Unsplash)","New fictional logo applied to a business card, cap and shop sign mockup","/logo-design-dubai/","Realistic commercial photograph of a new fictional logo applied across a business card, an embroidered cap and a small acrylic shop sign arranged on a concrete surface, cohesive brand colours, soft natural light, 45-degree angle, fictional brand name, no real logos, no Flash Print Solution branding."
"p:logo-design-dubai:production","website/assets/images/products/logo-design-dubai/","logo-design-dubai-production-{width}.webp","4:3","640 + 1200","production","temporary stock — shared production photo (pool:design-studio)","Designer preparing print artwork on a large monitor with colour swatches nearby","/logo-design-dubai/","Photorealistic commercial photograph of logo design production: Designer preparing print artwork on a large monitor with colour swatches nearby. Clean, well-lit Dubai print workshop, 4:3 landscape. Fictional brand names only, no real logos, no Flash Print Solution branding."
"p:signage-replacement-dubai:hero","website/assets/images/products/signage-replacement-dubai/","signage-replacement-dubai-hero-{width}.webp","4:3","640 + 1200","hero","temporary stock (Unsplash)","New printed face fitted to a shopfront light box sign above a cafe entrance","/signage-replacement-dubai/","Realistic architectural photograph of a crisp newly replaced printed light box face above a small cafe entrance in a Dubai neighbourhood, evenly lit, clean glass shopfront below, early evening light, straight-on eye-level view. Fictional brand name, no real logos, no Flash Print Solution branding."
"p:signage-replacement-dubai:detail","website/assets/images/products/signage-replacement-dubai/","signage-replacement-dubai-detail-{width}.webp","4:3","640 + 1200","detail","temporary stock (Unsplash)","Faded, cracked sign face lying beside a freshly printed replacement panel","/signage-replacement-dubai/","Commercial photograph of a sun-faded, cracked acrylic sign face laid on a workshop bench beside its bright, freshly printed replacement panel, showing the colour difference clearly, soft overhead light, elevated three-quarter angle. Fictional brand name, no real logos, no Flash Print Solution branding."
"p:signage-replacement-dubai:application","website/assets/images/products/signage-replacement-dubai/","signage-replacement-dubai-application-{width}.webp","4:3","640 + 1200","application","temporary stock (Unsplash)","Technician on a ladder removing a damaged sign panel from a building fascia","/signage-replacement-dubai/","Realistic commercial photograph of a technician in a hi-vis vest on an A-frame ladder unscrewing a damaged ACP sign panel from a low-rise building fascia in Dubai, tools on belt, bright daylight, low angle looking up. Fictional brand name, no real logos, no Flash Print Solution branding."
"p:signage-replacement-dubai:production","website/assets/images/products/signage-replacement-dubai/","signage-replacement-dubai-production-{width}.webp","4:3","640 + 1200","production","temporary stock — shared production photo (pool:large-format-printer)","Wide-format inkjet printer printing a large graphic onto roll media","/signage-replacement-dubai/","Photorealistic commercial photograph of damage replacement printing production: Wide-format inkjet printer printing a large graphic onto roll media. Clean, well-lit Dubai print workshop, 4:3 landscape. Fictional brand names only, no real logos, no Flash Print Solution branding."
"p:print-ready-file-setup-dubai:hero","website/assets/images/products/print-ready-file-setup-dubai/","print-ready-file-setup-dubai-hero-{width}.webp","4:3","640 + 1200","hero","temporary stock (Unsplash)","Designer's monitor showing a business card layout with bleed and crop marks","/print-ready-file-setup-dubai/","Realistic commercial photograph of a large desktop monitor in a design studio displaying a business card layout with visible bleed guides, crop marks and colour swatch panel, printed proof and colour fan deck on the desk, soft daylight, over-the-shoulder angle. Fictional brand name, no real logos, no Flash Print Solution branding."
"p:print-ready-file-setup-dubai:detail","website/assets/images/products/print-ready-file-setup-dubai/","print-ready-file-setup-dubai-detail-{width}.webp","4:3","640 + 1200","detail","temporary stock (Unsplash)","Close-up of a printed proof sheet with crop marks and colour bars","/print-ready-file-setup-dubai/","Macro photograph of the corner of a printed proof sheet showing crisp crop marks, registration targets and a CMYK colour bar, with a loupe resting on the paper, neutral daylight-balanced lighting, shallow depth of field. Fictional brand name, no real logos, no Flash Print Solution branding."
"p:print-ready-file-setup-dubai:application","website/assets/images/products/print-ready-file-setup-dubai/","print-ready-file-setup-dubai-application-{width}.webp","4:3","640 + 1200","application","temporary stock (Unsplash)","Packaging dieline printout beside a folded carton prototype on a studio desk","/print-ready-file-setup-dubai/","Realistic commercial photograph of a flat printed packaging dieline with fold and cut lines beside a white folded carton prototype, cutting mat, steel ruler and pencil on a studio desk, soft overhead light, top-down angle. Fictional brand name, no real logos, no Flash Print Solution branding."
"p:print-ready-file-setup-dubai:production","website/assets/images/products/print-ready-file-setup-dubai/","print-ready-file-setup-dubai-production-{width}.webp","4:3","640 + 1200","production","temporary stock — shared production photo (pool:design-studio)","Designer preparing print artwork on a large monitor with colour swatches nearby","/print-ready-file-setup-dubai/","Photorealistic commercial photograph of print-ready file setup production: Designer preparing print artwork on a large monitor with colour swatches nearby. Clean, well-lit Dubai print workshop, 4:3 landscape. Fictional brand names only, no real logos, no Flash Print Solution branding."
"p:rebranding-services-dubai:hero","website/assets/images/products/rebranding-services-dubai/","rebranding-services-dubai-hero-{width}.webp","4:3","640 + 1200","hero","temporary stock (Unsplash)","New illuminated letter sign being fitted to a shopfront after the old sign was removed","/rebranding-services-dubai/","Realistic commercial photograph of installers fitting new illuminated letters to a freshly cleaned shopfront fascia in Dubai, faint outline of the removed old sign still visible on the wall, bright daylight, medium-wide low angle. Fictional brand name, no real logos, no Flash Print Solution branding."
"p:rebranding-services-dubai:detail","website/assets/images/products/rebranding-services-dubai/","rebranding-services-dubai-detail-{width}.webp","4:3","640 + 1200","detail","temporary stock (Unsplash)","Old and new business cards and letterheads laid side by side on a desk","/rebranding-services-dubai/","Commercial flat-lay photograph of an old set of business cards and letterheads in muted colours beside a new set in a fresh colour palette, arranged on a pale desk, soft even daylight, top-down angle. Fictional brand name, no real logos, no Flash Print Solution branding."
"p:rebranding-services-dubai:application","website/assets/images/products/rebranding-services-dubai/","rebranding-services-dubai-application-{width}.webp","4:3","640 + 1200","application","temporary stock (Unsplash)","Row of company vans in a depot showing matching new livery graphics","/rebranding-services-dubai/","Realistic commercial photograph of a row of white company vans in a Dubai depot, all wearing matching new livery graphics in a bold colour palette, morning sunlight, clean concrete yard, wide eye-level shot. Fictional brand name, no real logos, no Flash Print Solution branding."
"p:rebranding-services-dubai:production","website/assets/images/products/rebranding-services-dubai/","rebranding-services-dubai-production-{width}.webp","4:3","640 + 1200","production","temporary stock — shared production photo (pool:sign-fabrication)","Workshop fabrication of signage","/rebranding-services-dubai/","Photorealistic commercial photograph of rebranding services production: Workshop fabrication of signage — acrylic, aluminium composite panels and letters. Clean, well-lit Dubai print workshop, 4:3 landscape. Fictional brand names only, no real logos, no Flash Print Solution branding."
"p:sticker-removal-dubai:hero","website/assets/images/products/sticker-removal-dubai/","sticker-removal-dubai-hero-{width}.webp","4:3","640 + 1200","hero","temporary stock (Unsplash)","Worker peeling old white vinyl lettering from a shop window with a scraper","/sticker-removal-dubai/","Realistic commercial photograph of a worker peeling old, cracked white vinyl lettering from a large shop window using a plastic scraper, flakes of vinyl on the sill, empty retail interior behind the glass, bright daylight, medium close-up at eye level. Fictional brand name, no real logos, no Flash Print Solution branding."
"p:sticker-removal-dubai:detail","website/assets/images/products/sticker-removal-dubai/","sticker-removal-dubai-detail-{width}.webp","4:3","640 + 1200","detail","temporary stock (Unsplash)","Close-up of a heat gun warming an old decal on a car door panel","/sticker-removal-dubai/","Macro commercial photograph of a heat gun warming a faded vinyl decal on a white car door while a gloved hand peels the edge back at a low angle, visible adhesive strands, workshop lighting, shallow depth of field. Fictional brand name, no real logos, no Flash Print Solution branding."
"p:sticker-removal-dubai:application","website/assets/images/products/sticker-removal-dubai/","sticker-removal-dubai-application-{width}.webp","4:3","640 + 1200","application","temporary stock (Unsplash)","Clean empty shopfront glass ready for new graphics after sticker removal","/sticker-removal-dubai/","Realistic architectural photograph of a spotless, empty glass shopfront in a Dubai mall corridor after old graphics were removed, reflections of the corridor lights, installer's toolbox and folded new graphics at the base, straight-on view. Fictional brand name, no real logos, no Flash Print Solution branding."
"p:sticker-removal-dubai:production","website/assets/images/products/sticker-removal-dubai/","sticker-removal-dubai-production-{width}.webp","4:3","640 + 1200","production","temporary stock — shared production photo (pool:vehicle-wrap-install)","Installer applying wrap film to a vehicle panel with a heat gun and squeegee","/sticker-removal-dubai/","Photorealistic commercial photograph of sticker removal production: Installer applying wrap film to a vehicle panel with a heat gun and squeegee. Clean, well-lit Dubai print workshop, 4:3 landscape. Fictional brand names only, no real logos, no Flash Print Solution branding."
"p:letterhead-printing-dubai:hero","website/assets/images/products/letterhead-printing-dubai/","letterhead-printing-dubai-hero-{width}.webp","4:3","640 + 1200","hero","temporary stock (Unsplash)","Stack of A4 letterheads with a teal logo and footer on a white desk","/letterhead-printing-dubai/","Realistic commercial photograph of a neat stack of A4 company letterheads with a teal logo at the top and a slim footer, on a clean white desk beside a pen and a coffee cup, soft window light, overhead angle, fictional brand name, no real logos, no Flash Print Solution branding."
"p:letterhead-printing-dubai:detail","website/assets/images/products/letterhead-printing-dubai/","letterhead-printing-dubai-detail-{width}.webp","4:3","640 + 1200","detail","temporary stock (Unsplash)","Close-up of textured laid paper letterhead showing a blind embossed logo","/letterhead-printing-dubai/","Macro commercial photograph of a cream laid-paper letterhead corner with a blind embossed logo, raking side light revealing the raised impression and fine paper lines, neutral background, shallow depth of field, fictional brand name, no real logos, no Flash Print Solution branding."
"p:letterhead-printing-dubai:application","website/assets/images/products/letterhead-printing-dubai/","letterhead-printing-dubai-application-{width}.webp","4:3","640 + 1200","application","temporary stock (Unsplash)","Office worker taking a letter printed on company letterhead from a laser printer","/letterhead-printing-dubai/","Realistic photograph of an office worker lifting a freshly printed letter on branded company letterhead from a laser printer tray in a modern Dubai office, natural light, medium close-up on hands and paper, fictional brand name, no real logos, no Flash Print Solution branding."
"p:letterhead-printing-dubai:production","website/assets/images/products/letterhead-printing-dubai/","letterhead-printing-dubai-production-{width}.webp","4:3","640 + 1200","production","temporary stock — shared production photo (pool:offset-press)","Offset press run","/letterhead-printing-dubai/","Photorealistic commercial photograph of letterheads production: Offset press run — operator checking a sheet at an offset printing press. Clean, well-lit Dubai print workshop, 4:3 landscape. Fictional brand names only, no real logos, no Flash Print Solution branding."
"p:catalogue-printing-dubai:hero","website/assets/images/products/catalogue-printing-dubai/","catalogue-printing-dubai-hero-{width}.webp","4:3","640 + 1200","hero","temporary stock — SHARED with cat:marketing-promotional (replace first)","Perfect-bound product catalogue with a matt cover lying on a showroom table","/catalogue-printing-dubai/","Realistic commercial product photograph of a perfect-bound A4 product catalogue with a matt laminated cover showing furniture photography, a second copy open to a product grid page, on a wooden showroom table, soft daylight, three-quarter angle, fictional brand name, no real logos, no Flash Print Solution branding."
"p:catalogue-printing-dubai:detail","website/assets/images/products/catalogue-printing-dubai/","catalogue-printing-dubai-detail-{width}.webp","4:3","640 + 1200","detail","temporary stock (Unsplash)","Close-up of a catalogue spine showing glued binding and a printed title","/catalogue-printing-dubai/","Macro commercial photograph of the square spine of a perfect-bound catalogue showing the printed title, neat glued binding and stacked page edges, soft directional light, shallow depth of field, neutral background, fictional brand name, no real logos, no Flash Print Solution branding."
"p:catalogue-printing-dubai:application","website/assets/images/products/catalogue-printing-dubai/","catalogue-printing-dubai-application-{width}.webp","4:3","640 + 1200","application","temporary stock (Unsplash)","Sales representative showing a product catalogue to a buyer at a trade counter","/catalogue-printing-dubai/","Realistic photograph of a sales representative showing an open product catalogue to a buyer at a trade counter in a Dubai showroom, product samples on shelves behind, natural light, medium shot focused on the catalogue pages, fictional brand name, no real logos, no Flash Print Solution branding."
"p:catalogue-printing-dubai:production","website/assets/images/products/catalogue-printing-dubai/","catalogue-printing-dubai-production-{width}.webp","4:3","640 + 1200","production","temporary stock — shared production photo (pool:binding)","Booklet binding / stitching and folding of multi-page printed documents","/catalogue-printing-dubai/","Photorealistic commercial photograph of catalogues production: Booklet binding / stitching and folding of multi-page printed documents. Clean, well-lit Dubai print workshop, 4:3 landscape. Fictional brand names only, no real logos, no Flash Print Solution branding."
"p:invitation-printing-dubai:hero","website/assets/images/products/invitation-printing-dubai/","invitation-printing-dubai-hero-{width}.webp","4:3","640 + 1200","hero","temporary stock (Unsplash)","Cream invitation card with gold foil script and a matching lined envelope on linen","/invitation-printing-dubai/","Realistic commercial product photograph of a cream cotton-textured invitation card with gold foil script and border, beside a matching envelope with a patterned liner and a small RSVP card, on natural linen fabric, soft window light, top-down angle, fictional brand name, no real logos, no Flash Print Solution branding."
"p:invitation-printing-dubai:detail","website/assets/images/products/invitation-printing-dubai/","invitation-printing-dubai-detail-{width}.webp","4:3","640 + 1200","detail","temporary stock (Unsplash)","Close-up of blind embossed pattern and gold foil on textured invitation board","/invitation-printing-dubai/","Macro commercial photograph of a thick textured invitation card showing a blind embossed geometric pattern alongside gold foil lettering, raking light emphasising the raised texture, shallow depth of field, fictional brand name, no real logos, no Flash Print Solution branding."
"p:invitation-printing-dubai:application","website/assets/images/products/invitation-printing-dubai/","invitation-printing-dubai-application-{width}.webp","4:3","640 + 1200","application","temporary stock (Unsplash)","Guest holding an invitation card at the entrance of an evening event venue","/invitation-printing-dubai/","Realistic photograph of a guest holding a printed invitation card at the softly lit entrance of an evening gala venue in Dubai, warm lighting and blurred décor behind, focus on hands and card, elegant atmosphere, fictional brand name, no real logos, no Flash Print Solution branding."
"p:invitation-printing-dubai:production","website/assets/images/products/invitation-printing-dubai/","invitation-printing-dubai-production-{width}.webp","4:3","640 + 1200","production","temporary stock — shared production photo (pool:foil-embossing)","Hot-foil stamping or embossing detail being applied to card stock","/invitation-printing-dubai/","Photorealistic commercial photograph of invitations production: Hot-foil stamping or embossing detail being applied to card stock. Clean, well-lit Dubai print workshop, 4:3 landscape. Fictional brand names only, no real logos, no Flash Print Solution branding."
"p:banner-printing-dubai:hero","website/assets/images/products/banner-printing-dubai/","banner-printing-dubai-hero-{width}.webp","4:3","640 + 1200","hero","temporary stock (Unsplash)","Full-colour promotional banner with eyelets hanging across a modern shopfront in daylight","/banner-printing-dubai/","Realistic commercial photograph of a long printed PVC promotional banner with metal eyelets fixed across the front of a modern retail unit in Dubai, bright late-afternoon sun, straight-on eye-level view, clean pavement, sharp vivid colours, fictional brand name, no real logos, no Flash Print Solution branding."
"p:banner-printing-dubai:detail","website/assets/images/products/banner-printing-dubai/","banner-printing-dubai-detail-{width}.webp","4:3","640 + 1200","detail","temporary stock — SHARED with cat:large-format (replace first)","Close-up of a welded PVC banner hem with a metal eyelet and cable tie","/banner-printing-dubai/","Macro commercial photograph of the corner of a printed PVC banner showing a heat-welded hem, a brass eyelet and a black cable tie, soft natural daylight, shallow depth of field, visible material texture, neutral background, fictional brand name, no real logos, no Flash Print Solution branding."
"p:banner-printing-dubai:application","website/assets/images/products/banner-printing-dubai/","banner-printing-dubai-application-{width}.webp","4:3","640 + 1200","application","temporary stock (Unsplash)","Printed mesh banner fixed along a construction site fence beside a city road","/banner-printing-dubai/","Realistic commercial photograph of a long printed mesh banner cable-tied along a temporary construction site fence on a Dubai street, cranes and a building under construction behind, clear blue sky, wide three-quarter angle, fictional brand name, no real logos, no Flash Print Solution branding."
"p:banner-printing-dubai:production","website/assets/images/products/banner-printing-dubai/","banner-printing-dubai-production-{width}.webp","4:3","640 + 1200","production","temporary stock — shared production photo (pool:large-format-printer)","Wide-format inkjet printer printing a large graphic onto roll media","/banner-printing-dubai/","Photorealistic commercial photograph of banners production: Wide-format inkjet printer printing a large graphic onto roll media. Clean, well-lit Dubai print workshop, 4:3 landscape. Fictional brand names only, no real logos, no Flash Print Solution branding."
"p:office-signage-dubai:hero","website/assets/images/products/office-signage-dubai/","office-signage-dubai-hero-{width}.webp","4:3","640 + 1200","hero","temporary stock (Unsplash)","Modern office corridor with matching acrylic room signs, frosted glass and logo wall","/office-signage-dubai/","Realistic commercial photograph of a modern Dubai office corridor with matching grey acrylic room signs, frosted glass meeting rooms with cut-out logo bands and a logo wall at the far end, clean daylight, one-point perspective, fictional brand name, no real logos, no Flash Print Solution branding"
"p:office-signage-dubai:detail","website/assets/images/products/office-signage-dubai/","office-signage-dubai-detail-{width}.webp","4:3","640 + 1200","detail","temporary stock (Unsplash)","Close-up of a grey acrylic meeting room sign with white lettering and pictogram","/office-signage-dubai/","Close-up product photograph of a matt grey acrylic meeting room sign with white room name, number and a small pictogram, mounted on a white wall beside a door frame, soft even lighting, straight-on view, fictional brand name, no real logos, no Flash Print Solution branding"
"p:office-signage-dubai:application","website/assets/images/products/office-signage-dubai/","office-signage-dubai-application-{width}.webp","4:3","640 + 1200","application","temporary stock (Unsplash)","Office manager reviewing a signage floor plan beside a frosted glass meeting room","/office-signage-dubai/","Realistic photograph of an office manager and a signage consultant reviewing a printed floor plan with numbered sign locations on a table beside a frosted glass meeting room in a Dubai office, natural light, candid three-quarter angle, fictional brand name, no real logos, no Flash Print Solution branding"
"p:office-signage-dubai:production","website/assets/images/products/office-signage-dubai/","office-signage-dubai-production-{width}.webp","4:3","640 + 1200","production","temporary stock — shared production photo (pool:design-studio)","Designer preparing print artwork on a large monitor with colour swatches nearby","/office-signage-dubai/","Photorealistic commercial photograph of office signage production: Designer preparing print artwork on a large monitor with colour swatches nearby. Clean, well-lit Dubai print workshop, 4:3 landscape. Fictional brand names only, no real logos, no Flash Print Solution branding."
"p:shop-signage-dubai:hero","website/assets/images/products/shop-signage-dubai/","shop-signage-dubai-hero-{width}.webp","4:3","640 + 1200","hero","temporary stock (Unsplash)","Modern boutique storefront with illuminated fascia letters and branded window graphics","/shop-signage-dubai/","Realistic commercial photograph of a modern boutique storefront in a Dubai shopping street at early evening, lit 3D fascia letters on a dark ACP band, small projecting light box, frosted window band with opening hours, warm interior glow, straight-on view, fictional brand name, no real logos, no Flash Print Solution branding."
"p:shop-signage-dubai:detail","website/assets/images/products/shop-signage-dubai/","shop-signage-dubai-detail-{width}.webp","4:3","640 + 1200","detail","temporary stock (Unsplash)","Opening hours and frosted privacy band vinyl applied to a shop glass door","/shop-signage-dubai/","Close-up commercial photograph of a shop glass door with white cut-vinyl opening hours in English and Arabic and a frosted privacy band at eye level, reflections of the street softly visible, daylight, fictional brand name, no real logos, no Flash Print Solution branding."
"p:shop-signage-dubai:application","website/assets/images/products/shop-signage-dubai/","shop-signage-dubai-application-{width}.webp","4:3","640 + 1200","application","temporary stock (Unsplash)","Installer on a ladder fitting fascia letters above a mall shop unit","/shop-signage-dubai/","Realistic commercial photograph of an installer on a stepladder fitting individual fascia letters above a shop unit in a quiet Dubai shopping mall before opening hours, protective sheeting on the floor, bright even mall lighting, three-quarter view, fictional brand name, no real logos, no Flash Print Solution branding."
"p:shop-signage-dubai:production","website/assets/images/products/shop-signage-dubai/","shop-signage-dubai-production-{width}.webp","4:3","640 + 1200","production","temporary stock — shared production photo (pool:sign-installation)","Installation team fixing a sign board on a building facade using ladders/lift","/shop-signage-dubai/","Photorealistic commercial photograph of shop signage production: Installation team fixing a sign board on a building facade using ladders/lift. Clean, well-lit Dubai print workshop, 4:3 landscape. Fictional brand names only, no real logos, no Flash Print Solution branding."
"svc:printing-services-dubai","website/assets/images/services/","printing-services-dubai-hero-{width}.webp","4:3","640 + 1200","","temporary stock (Unsplash)","Print finishing table with stacks of trimmed brochures, business cards and rolled banners","/printing-services-dubai/","Realistic commercial photograph of a tidy print production area in a Dubai workshop, stacks of trimmed brochures and business cards on a finishing table, rolled banners and acrylic sign panels in the background, soft overhead daylight, eye-level three-quarter angle, fictional brand name, no real logos, no Flash Print Solution branding."
"svc:printing-services-dubai:2","website/assets/images/services/","printing-services-dubai-secondary-{width}.webp","4:5","640 + 1000","","temporary stock (Unsplash)","Hands holding a printed colour proof beside an open swatch fan under a desk lamp","/printing-services-dubai/","Realistic editorial portrait-format photograph of a print specialist's hands holding a colour proof next to an open swatch fan under a daylight-balanced lamp, printed sheets on a light grey desk, shallow depth of field, calm studio lighting, fictional brand name, no real logos, no Flash Print Solution branding."
"svc:digital-printing-dubai","website/assets/images/services/","digital-printing-dubai-hero-{width}.webp","4:3","640 + 1200","","temporary stock (Unsplash)","Freshly printed full-colour flyers stacking at the output tray of a digital press","/digital-printing-dubai/","Realistic commercial photograph of freshly printed full-colour A5 flyers stacking at the output tray of an unbranded production digital press in a clean print room, crisp saturated colours, soft cool lighting, close three-quarter angle with shallow depth of field, fictional brand name, no real logos, no Flash Print Solution branding."
"svc:digital-printing-dubai:2","website/assets/images/services/","digital-printing-dubai-secondary-{width}.webp","4:5","640 + 1000","","temporary stock (Unsplash)","Personalised name badges and certificates laid out beside a laptop showing a spreadsheet","/digital-printing-dubai/","Realistic portrait-format photograph of personalised event name badges, numbered tickets and certificates arranged on an office desk beside a laptop displaying a spreadsheet, natural side light from a window, top-down angle slightly tilted, crisp print detail, fictional brand name, no real logos, no Flash Print Solution branding."
"svc:offset-printing-dubai","website/assets/images/services/","offset-printing-dubai-hero-{width}.webp","4:3","640 + 1200","","temporary stock (Unsplash)","Printed catalogue sheets with colour bars stacked at the delivery end of an offset press","/offset-printing-dubai/","Realistic commercial photograph of an operator's hands lifting a printed catalogue sheet with colour bars from the delivery of an unbranded sheet-fed offset press, spacious print room, even industrial lighting, low three-quarter angle, rich ink colours, fictional brand name, no real logos, no Flash Print Solution branding."
"svc:offset-printing-dubai:2","website/assets/images/services/","offset-printing-dubai-secondary-{width}.webp","4:5","640 + 1000","","temporary stock (Unsplash)","Colour swatch fan and loupe resting on printed brochure pages on a light table","/offset-printing-dubai/","Realistic portrait-format photograph of a colour swatch fan spread across printed brochure pages with a small loupe on a white light table, colour-accurate daylight lighting, overhead angle, fine paper texture visible, fictional brand name, no real logos, no Flash Print Solution branding."
"svc:signage-dubai","website/assets/images/services/","signage-dubai-hero-{width}.webp","4:3","640 + 1200","","temporary stock (Unsplash)","Halo-lit brushed metal 3D letters on a dark aluminium composite shopfront fascia at dusk","/signage-dubai/","Realistic commercial photograph of a modern retail shopfront in Dubai at dusk with halo-lit brushed aluminium 3D letters on a dark grey aluminium composite fascia, glass frontage below, warm interior glow, eye-level angle from across the walkway, fictional brand name, no real logos, no Flash Print Solution branding."
"svc:signage-dubai:2","website/assets/images/services/","signage-dubai-secondary-{width}.webp","4:5","640 + 1000","","temporary stock (Unsplash)","Installer on a step ladder fixing a frosted acrylic reception sign to a feature wall","/signage-dubai/","Realistic portrait-format photograph of an installer on a step ladder fixing a frosted acrylic reception sign with stand-off fittings to a feature wall in a bright Dubai office, spirit level in hand, natural daylight, slight low angle, fictional brand name, no real logos, no Flash Print Solution branding."
"svc:corporate-printing-dubai","website/assets/images/services/","corporate-printing-dubai-hero-{width}.webp","4:3","640 + 1200","","temporary stock (Unsplash)","Matching navy stationery set with business cards, letterhead, envelope and pocket folder on a desk","/corporate-printing-dubai/","Realistic commercial photograph of a matching corporate stationery set, business cards, A4 letterhead, DL envelope and pocket folder in navy and white with subtle gold foil detail, arranged on a pale stone desk, soft window light, overhead three-quarter angle, fictional brand name, no real logos, no Flash Print Solution branding."
"svc:corporate-printing-dubai:2","website/assets/images/services/","corporate-printing-dubai-secondary-{width}.webp","4:5","640 + 1000","","temporary stock (Unsplash)","Professional turning the pages of a printed A4 company profile beside a laptop","/corporate-printing-dubai/","Realistic portrait-format photograph of a professional in a bright Dubai office turning the pages of a printed A4 company profile with a soft-touch cover, laptop and coffee cup nearby, natural daylight, shallow depth of field, eye-level angle, fictional brand name, no real logos, no Flash Print Solution branding."
"ind:restaurants","website/assets/images/industries/","restaurants-printing-dubai-{width}.webp","3:2","768 + 1280","","temporary stock (Unsplash)","Café table with printed menus, a tent card and a paper place mat beside coffee","/industries/restaurants/","Realistic commercial photograph, 3:2 landscape, of a bright Dubai café interior with a wooden table set with laminated menus, an A6 tent card and a printed paper place mat, coffee cups and pastries, warm natural window light, eye-level angle, shallow depth of field, fictional brand name, no real logos, no Flash Print Solution branding."
"ind:restaurants:app","website/assets/images/industries/","restaurants-application-{width}.webp","4:5","640 + 1000","","temporary stock (Unsplash)","Waiter presenting an open bilingual menu with matt laminated pages at a restaurant table","/industries/restaurants/","Realistic commercial photograph, 4:5 portrait, of a waiter's hands presenting an open bilingual Arabic and English menu with matt laminated pages to a seated guest in a modern Dubai restaurant, warm evening lighting, close-up at table height, fictional brand name, no real logos, no Flash Print Solution branding."
"ind:real-estate","website/assets/images/industries/","real-estate-printing-dubai-{width}.webp","3:2","768 + 1280","","temporary stock (Unsplash)","Property sales gallery with brochures on a table, floor-plan boards and a large wall render","/industries/real-estate/","Realistic commercial photograph, 3:2 landscape, of a modern Dubai property sales gallery with square launch brochures and floor-plan inserts fanned on a marble table, acrylic unit boards and a large printed wall render of a waterfront tower behind, soft daylight, wide eye-level view, fictional brand name, no real logos, no Flash Print Solution branding."
"ind:real-estate:app","website/assets/images/industries/","real-estate-application-{width}.webp","4:5","640 + 1000","","temporary stock (Unsplash)","Hands opening a square property brochure with a soft-touch cover and floor-plan insert","/industries/real-estate/","Realistic commercial photograph, 4:5 portrait, of a buyer's hands opening a square off-plan property brochure with a matt soft-touch cover and gold foil title, a loose A4 floor-plan insert sliding from a pocket folder, marble desk, soft window light, close-up, fictional brand name, no real logos, no Flash Print Solution branding."
"ind:hospitality","website/assets/images/industries/","hospitality-printing-dubai-{width}.webp","3:2","768 + 1280","","temporary stock (Unsplash)","Hotel room desk with an in-room directory and tent card, door hanger on the handle","/industries/hospitality/","Realistic commercial photograph, 3:2 landscape, of an elegant Dubai hotel room with a writing desk holding a bound in-room directory and a room-service tent card, a printed door hanger on the door handle in the foreground, warm evening lamp light, wide eye-level view, fictional brand name, no real logos, no Flash Print Solution branding."
"ind:hospitality:app","website/assets/images/industries/","hospitality-application-{width}.webp","4:5","640 + 1000","","temporary stock (Unsplash)","Laminated card door hanger with bilingual Do Not Disturb text on a hotel door handle","/industries/hospitality/","Realistic commercial photograph, 4:5 portrait, close-up of a matt laminated card door hanger with a die-cut hook on a brushed steel hotel door handle, bilingual Arabic and English 'Do not disturb' text, dark wood door, soft corridor lighting, fictional brand name, no real logos, no Flash Print Solution branding."
"ind:retail","website/assets/images/industries/","retail-printing-dubai-{width}.webp","3:2","768 + 1280","","temporary stock (Unsplash)","Boutique shopfront in a mall with sale graphics on the glass and illuminated fascia letters","/industries/retail/","Realistic commercial photograph, 3:2 landscape, of a fashion boutique shopfront inside a bright Dubai mall, illuminated 3D fascia letters above, seasonal sale graphics on the glass, a printed standee at the entrance and shoppers passing, even ambient light, straight-on view, fictional brand name, no real logos, no Flash Print Solution branding."
"ind:retail:app","website/assets/images/industries/","retail-application-{width}.webp","4:5","640 + 1000","","temporary stock (Unsplash)","Round promotional shelf wobbler and shelf talker on a supermarket shelf edge","/industries/retail/","Realistic commercial photograph, 4:5 portrait, close-up of a printed round shelf wobbler and a matching shelf talker on a supermarket shelf edge among neatly stocked unbranded products, bright store lighting, slight low angle, fictional brand name, no real logos, no Flash Print Solution branding."
"ind:healthcare","website/assets/images/industries/","healthcare-printing-dubai-{width}.webp","3:2","768 + 1280","","temporary stock (Unsplash)","Clinic reception with bilingual directory sign, frosted glass doors and patient information board","/industries/healthcare/","Realistic commercial photograph, 3:2 landscape, of a clean modern Dubai clinic reception with a bilingual Arabic and English acrylic directory sign, frosted glass film on consultation room doors and a patient information board in the waiting area, soft even daylight, wide eye-level view, fictional brand name, no real logos, no Flash Print Solution branding."
"ind:healthcare:app","website/assets/images/industries/","healthcare-application-{width}.webp","4:5","640 + 1000","","temporary stock (Unsplash)","Doctor's hand writing on a printed prescription pad on a white clinic desk","/industries/healthcare/","Realistic commercial photograph, 4:5 portrait, close-up of a doctor's hand writing on a printed prescription pad with a clean blue header and ruled fields, stethoscope and tablet on a white clinic desk, soft window light, shallow depth of field, fictional brand name, no real logos, no Flash Print Solution branding."
"ind:education","website/assets/images/industries/","education-printing-dubai-{width}.webp","3:2","768 + 1280","","temporary stock (Unsplash)","Bright school corridor with colourful wall graphics, a wayfinding sign and a notice board","/industries/education/","Realistic commercial photograph, 3:2 landscape, of a bright modern Dubai school corridor with colourful printed wall graphics in house colours, a bilingual wayfinding sign and a notice board of student work, pupils in uniform walking past slightly blurred, natural daylight, fictional brand name, no real logos, no Flash Print Solution branding."
"ind:education:app","website/assets/images/industries/","education-application-{width}.webp","4:5","640 + 1000","","temporary stock (Unsplash)","Student wearing a printed PVC photo ID card on a blue lanyard in a corridor","/industries/education/","Realistic commercial photograph, 4:5 portrait, of a secondary school student's printed PVC photo ID card hanging on a blue lanyard, the card showing a fictional school crest and name, school corridor softly blurred behind, natural light, chest-height close-up, fictional brand name, no real logos, no Flash Print Solution branding."
"ind:construction","website/assets/images/industries/","construction-printing-dubai-{width}.webp","3:2","768 + 1280","","temporary stock (Unsplash)","Construction site hoarding with printed project graphics and a project sign board at the gate","/industries/construction/","Realistic commercial photograph, 3:2 landscape, of a Dubai construction site perimeter with long printed hoarding panels showing tower renders, a project sign board beside the site gate and safety signs, tower crane and partly built structure behind, bright midday sun, wide street-level view, fictional brand name, no real logos, no Flash Print Solution branding."
"ind:construction:app","website/assets/images/industries/","construction-application-{width}.webp","4:5","640 + 1000","","temporary stock (Unsplash)","Site worker in a printed hi-vis vest next to a mandatory PPE safety board","/industries/construction/","Realistic commercial photograph, 4:5 portrait, of a construction worker in a white helmet and an orange hi-vis vest printed with a fictional company name, standing beside a mandatory PPE safety board at a Dubai site entrance, dusty daylight, waist-up framing, fictional brand name, no real logos, no Flash Print Solution branding."
"blog:business-card-printing-cost-dubai","website/assets/images/blog/","business-card-printing-cost-dubai-{width}.webp","3:2","768 + 1280","","temporary stock (Unsplash)","Stacks of business cards in different paper stocks and finishes fanned across an office desk","/blog/business-card-printing-cost-dubai/","Realistic commercial photograph of several stacks of business cards in different stocks and finishes, matte white, natural kraft and black with gold foil, fanned across a light oak desk in a bright Dubai office, soft window light, 45-degree angle, shallow depth of field, fictional brand name, no real logos, no Flash Print Solution branding."
"blog:digital-vs-offset-printing","website/assets/images/blog/","digital-vs-offset-printing-{width}.webp","3:2","768 + 1280","","temporary stock (Unsplash)","Freshly printed colour sheets stacked at the delivery end of a printing press","/blog/digital-vs-offset-printing/","Realistic commercial photograph inside a clean print production area, freshly printed full-colour brochure sheets stacked at the delivery end of a sheet-fed press, operator's hand checking a sheet, cool industrial lighting with warm accents, eye-level three-quarter angle, sharp detail on ink and paper, fictional brand name, no real logos, no Flash Print Solution branding."
"blog:best-paper-for-business-cards","website/assets/images/blog/","best-paper-for-business-cards-{width}.webp","3:2","768 + 1280","","temporary stock (Unsplash)","Business card paper samples in white, cream, kraft and black arranged in a fan","/blog/best-paper-for-business-cards/","Realistic close-up commercial photograph of business card stock samples fanned out, bright white coated, cream cotton, textured linen, natural kraft and black duplexed board with a visible coloured core, on a pale stone surface, soft diffused daylight, top-down angle with slight tilt, crisp paper texture detail, fictional brand name, no real logos, no Flash Print Solution branding."
"blog:350gsm-vs-400gsm-business-cards","website/assets/images/blog/","350gsm-vs-400gsm-business-cards-{width}.webp","3:2","768 + 1280","","temporary stock (Unsplash)","Two stacks of white business cards of different thicknesses side by side on a desk","/blog/350gsm-vs-400gsm-business-cards/","Realistic commercial macro photograph of two neat stacks of plain white business cards side by side, one slightly thicker, edges facing the camera to show board thickness, on a dark walnut desk in a modern Dubai office, soft side lighting revealing paper edges, low eye-level angle, fictional brand name, no real logos, no Flash Print Solution branding."
"blog:matte-vs-glossy-printing","website/assets/images/blog/","matte-vs-glossy-printing-{width}.webp","3:2","768 + 1280","","temporary stock (Unsplash)","Matte and glossy printed brochures side by side showing contrast in shine and colour","/blog/matte-vs-glossy-printing/","Realistic commercial photograph of two identical fictional brochures side by side, one with a glossy finish reflecting a window highlight, one matte with soft even colour, on a white desk in a bright Dubai studio, raking daylight to show surface sheen, 30-degree angle, fictional brand name, no real logos, no Flash Print Solution branding."
"blog:what-is-spot-uv-printing","website/assets/images/blog/","what-is-spot-uv-printing-{width}.webp","3:2","768 + 1280","","temporary stock (Unsplash)","Black business card with a glossy spot UV logo pattern catching the light","/blog/what-is-spot-uv-printing/","Realistic macro commercial photograph of a black matte laminated business card with a glossy raised spot UV geometric pattern and logo catching a soft light reflection, resting on a dark slate surface in a Dubai design studio, low raking light to show the gloss contrast, shallow depth of field, fictional brand name, no real logos, no Flash Print Solution branding."
"blog:foil-printing-guide","website/assets/images/blog/","foil-printing-guide-{width}.webp","3:2","768 + 1280","","temporary stock (Unsplash)","Navy business cards and a gift box decorated with gold foil lettering","/blog/foil-printing-guide/","Realistic commercial photograph of navy blue business cards and a matching rigid gift box with crisp gold foil lettering and a foil border, arranged on a cream marble surface in a softly lit Dubai boutique setting, warm directional light making the foil glint, 45-degree angle, fictional brand name, no real logos, no Flash Print Solution branding."
"blog:a4-vs-a5-flyers","website/assets/images/blog/","a4-vs-a5-flyers-{width}.webp","3:2","768 + 1280","","temporary stock (Unsplash)","A4 and A5 printed promotional flyers laid side by side on a café counter","/blog/a4-vs-a5-flyers/","Realistic commercial photograph of an A4 flyer and a smaller A5 flyer for a fictional café laid side by side on a light wooden counter, with a neat stack of A5 flyers beside them, bright natural light in a modern Dubai café, slightly elevated angle, crisp print detail, fictional brand name, no real logos, no Flash Print Solution branding."
"blog:how-to-choose-sticker-material","website/assets/images/blog/","how-to-choose-sticker-material-{width}.webp","3:2","768 + 1280","","temporary stock (Unsplash)","Assorted printed stickers on paper, clear film, vinyl and reflective material on a workbench","/blog/how-to-choose-sticker-material/","Realistic commercial photograph of assorted printed stickers for fictional brands, matte paper labels, glossy vinyl die-cut shapes, clear window stickers and a silver reflective sticker, spread across a light grey workbench in a Dubai print studio, soft overhead daylight, top-down angle, crisp edge detail, fictional brand name, no real logos, no Flash Print Solution branding."
"blog:vinyl-vs-paper-stickers","website/assets/images/blog/","vinyl-vs-paper-stickers-{width}.webp","3:2","768 + 1280","","temporary stock (Unsplash)","Assorted kraft paper and glossy vinyl stickers spread across a white worktable","/blog/vinyl-vs-paper-stickers/","Realistic commercial photograph of kraft paper stickers beside glossy white vinyl stickers on a light studio worktable, one vinyl label on a chilled glass bottle with condensation, soft natural daylight, shallow depth of field, 45-degree angle, fictional brand name, no real logos, no Flash Print Solution branding."
"blog:what-makes-packaging-look-premium","website/assets/images/blog/","what-makes-packaging-look-premium-{width}.webp","3:2","768 + 1280","","temporary stock (Unsplash)","Matte black rigid gift box with gold foil monogram and cream tissue on marble","/blog/what-makes-packaging-look-premium/","Realistic commercial product photograph of an open matte black rigid gift box with soft-touch finish, gold foil monogram on the lid, cream tissue paper and a small fragrance bottle inside, on a marble surface in a bright Dubai boutique, soft diffused light, three-quarter angle, fictional brand name, no real logos, no Flash Print Solution branding."
"blog:printing-turnaround-dubai","website/assets/images/blog/","printing-turnaround-dubai-{width}.webp","3:2","768 + 1280","","temporary stock (Unsplash)","Freshly printed flyers and brochures stacked on a production table beside a paper guillotine","/blog/printing-turnaround-dubai/","Realistic commercial photograph inside a clean print production area, freshly printed brochures and flyers stacked on a worktable, a production planner holding a printed schedule and proof sheet, paper guillotine in the background, bright overhead lighting, eye-level angle, fictional brand name, no real logos, no Flash Print Solution branding."
"blog:print-ready-file-requirements","website/assets/images/blog/","print-ready-file-requirements-{width}.webp","3:2","768 + 1280","","temporary stock (Unsplash)","Designer's monitor showing a print layout with bleed guides beside a colour swatch fan","/blog/print-ready-file-requirements/","Realistic commercial photograph of a designer's desk with a large monitor displaying a flyer layout with visible bleed and trim guides, a printed colour swatch fan and test prints beside the keyboard, modern Dubai office, soft daylight from a window, over-the-shoulder angle, fictional brand name, no real logos, no Flash Print Solution branding."
"blog:how-to-prepare-artwork-for-print","website/assets/images/blog/","how-to-prepare-artwork-for-print-{width}.webp","3:2","768 + 1280","","temporary stock (Unsplash)","Designer reviewing a printed proof of a folded leaflet at a desk with a laptop","/blog/how-to-prepare-artwork-for-print/","Realistic commercial photograph of a designer at a bright studio desk holding a printed proof of a tri-fold leaflet with bilingual English and Arabic text, a laptop showing the same layout, pencil and ruler nearby, natural window light in a Dubai office, close medium shot, fictional brand name, no real logos, no Flash Print Solution branding."
"blog:restaurant-menu-printing-materials","website/assets/images/blog/","restaurant-menu-printing-materials-{width}.webp","3:2","768 + 1280","","temporary stock (Unsplash)","Matte laminated bilingual menu and table tent card on a wooden café table","/blog/restaurant-menu-printing-materials/","Realistic commercial photograph of a matte laminated bilingual English and Arabic restaurant menu with rounded corners lying on a wooden table beside a tent card and a glass of iced drink, warm ambient lighting in a modern Dubai café, shallow depth of field, 45-degree angle, fictional brand name, no real logos, no Flash Print Solution branding."
"blog:printing-checklist-new-business-dubai","website/assets/images/blog/","printing-checklist-new-business-dubai-{width}.webp","3:2","768 + 1280","","temporary stock (Unsplash)","Coordinated set of business cards, letterhead, envelope and folder on a new office desk","/blog/printing-checklist-new-business-dubai/","Realistic commercial photograph of a coordinated stationery set of business cards, letterhead, envelope and presentation folder in a navy and white fictional brand, arranged on a desk in a newly fitted Dubai office with a frosted glass partition behind, bright natural light, top-down three-quarter angle, fictional brand name, no real logos, no Flash Print Solution branding."
"blog:how-to-choose-printing-company-dubai","website/assets/images/blog/","how-to-choose-printing-company-dubai-{width}.webp","3:2","768 + 1280","","temporary stock (Unsplash)","Client and print consultant comparing paper swatches and printed samples at an office table","/blog/how-to-choose-printing-company-dubai/","Realistic commercial photograph of a client and a print consultant at a meeting table reviewing paper swatch books, printed business card samples and a colour proof, bright modern Dubai office with a softly blurred city view, natural daylight, eye-level medium shot, fictional brand name, no real logos, no Flash Print Solution branding."
"static:home-hero","website/assets/images/home/","home-hero-{width}.webp","4:5","640 + 1000","","temporary stock (Unsplash)","Wide-format printer producing a large colour graphic in a print production area","","Photorealistic commercial photograph of a modern print production floor in Dubai: an operator in a dark polo checks a large colour graphic coming off a wide-format printer, freshly printed sheets stacked nearby, soft daylight plus warm practical lighting, 4:5 vertical, shallow depth of field. Fictional brand names only, no real logos, no Flash Print Solution branding."
"static:home-hero-inset","website/assets/images/home/","home-hero-inset-{width}.webp","1:1","480 + 800","","temporary stock (Unsplash)","Close-up of printed colour swatches and paper stock samples on a desk","","Macro commercial photograph of paper stock samples and a colour swatch fan on a light stone desk, visible paper texture, soft side light, square crop. Fictional brand names only, no real logos, no Flash Print Solution branding."
"static:home-why","website/assets/images/home/","home-why-{width}.webp","4:5","640 + 1000","","temporary stock (Unsplash)","Print specialist inspecting a printed sheet for colour accuracy","","Photorealistic image of a print specialist in a Dubai print studio inspecting a freshly printed sheet under a colour-viewing light, loupe in hand, press softly blurred behind, 4:5 vertical, calm professional mood. Fictional brand names only, no real logos, no Flash Print Solution branding."
"static:about-hero","website/assets/images/company/","about-hero-{width}.webp","3:2","768 + 1280","","temporary stock (Unsplash)","Print finishing area with trimmed stacks of printed materials ready for packing","","Photorealistic wide shot of a clean, well-organised print finishing area in Dubai: trimmed stacks of printed materials, cutting table, shelving with paper stocks, natural light, 3:2 landscape. Fictional brand names only, no real logos, no Flash Print Solution branding."
"static:about-studio","website/assets/images/company/","about-studio-{width}.webp","4:5","640 + 1000","","temporary stock (Unsplash)","Designer preparing print artwork on a large monitor with paper samples beside the keyboard","","Photorealistic image of a designer at a large monitor preparing print artwork (fictional brand layout on screen), paper samples and swatches beside the keyboard, modern Business Bay office, 4:5 vertical. Fictional brand names only, no real logos, no Flash Print Solution branding."
"static:contact-office","website/assets/images/company/","contact-office-{width}.webp","3:2","768 + 1280","","temporary stock (Unsplash)","Modern office towers in Business Bay, Dubai, at dusk","","Photorealistic dusk photograph of glass office towers along Marasi Drive, Business Bay, Dubai, canal reflections, warm city lights, 3:2 landscape, no visible company signage."
"static:process-hero","website/assets/images/company/","process-hero-{width}.webp","3:2","768 + 1280","","temporary stock (Unsplash)","Printed proofs laid out on a table for review before production","","Photorealistic overhead photograph of printed proofs, a marked-up PDF proof on a tablet and paper samples laid out on a meeting table for client approval, 3:2 landscape. Fictional brand names only, no real logos, no Flash Print Solution branding."
"static:industries-hero","website/assets/images/company/","industries-hero-{width}.webp","3:2","768 + 1280","","temporary stock (Unsplash)","Assorted printed business materials including menus, brochures and signage samples","","Photorealistic flat-lay of printed materials for several industries: a restaurant menu, property brochure, clinic appointment card, school certificate and retail swing tags, each with fictional branding, 3:2 landscape. Fictional brand names only, no real logos, no Flash Print Solution branding."
"static:blog-hero","website/assets/images/company/","blog-hero-{width}.webp","3:2","768 + 1280","","temporary stock (Unsplash)","Paper stocks, a colour guide and a printed brochure arranged on a desk","","Photorealistic editorial desk scene with paper stocks, a colour guide, pencil and an open printed brochure (fictional brand), soft daylight, 3:2 landscape. Fictional brand names only, no real logos, no Flash Print Solution branding."
"work:storefront-signage","website/assets/images/portfolio/","storefront-signage-{width}.webp","4:5","640 + 1000","","temporary stock (Unsplash)","Illuminated shopfront sign with 3D letters above a boutique entrance","/portfolio/","Photorealistic commercial photograph: Illuminated 3D letters on an ACP fascia with vinyl window graphics. Dubai setting where relevant, natural lighting, 4:5 crop. Fictional brand names only, no real logos, no Flash Print Solution branding."
"work:packaging-suite","website/assets/images/portfolio/","packaging-suite-{width}.webp","16:9","960 + 1600","","temporary stock (Unsplash)","Branded gift boxes and kraft carrier bags arranged on a table","/portfolio/","Photorealistic commercial photograph: Rigid gift boxes, tissue wrap and kraft carrier bags in a matching finish. Dubai setting where relevant, natural lighting, 16:9 crop. Fictional brand names only, no real logos, no Flash Print Solution branding."
"work:delivery-van-livery","website/assets/images/portfolio/","delivery-van-livery-{width}.webp","4:3","640 + 1200","","temporary stock (Unsplash)","White delivery van with printed side graphics parked on a city street","/portfolio/","Photorealistic commercial photograph: Partial wrap graphics applied consistently across a small fleet. Dubai setting where relevant, natural lighting, 4:3 crop. Fictional brand names only, no real logos, no Flash Print Solution branding."
"work:corporate-stationery","website/assets/images/portfolio/","corporate-stationery-{width}.webp","4:3","640 + 1200","","temporary stock (Unsplash)","Matching business cards, letterhead and folder laid out on a desk","/portfolio/","Photorealistic commercial photograph: Business cards, letterheads and presentation folders with foil details. Dubai setting where relevant, natural lighting, 4:3 crop. Fictional brand names only, no real logos, no Flash Print Solution branding."
"work:exhibition-stand","website/assets/images/portfolio/","exhibition-stand-{width}.webp","16:9","960 + 1600","","temporary stock (Unsplash)","Exhibition booth with large printed backwall graphics at a trade show","/portfolio/","Photorealistic commercial photograph: Fabric backwall, counter wrap and roll-up banners for a trade exhibition. Dubai setting where relevant, natural lighting, 16:9 crop. Fictional brand names only, no real logos, no Flash Print Solution branding."
"work:counter-display","website/assets/images/portfolio/","counter-display-{width}.webp","4:3","640 + 1200","","temporary stock (Unsplash)","Retail shelf with promotional display cards and product units","/portfolio/","Photorealistic commercial photograph: Counter display units and shelf talkers for an in-store promotion. Dubai setting where relevant, natural lighting, 4:3 crop. Fictional brand names only, no real logos, no Flash Print Solution branding."
"work:office-wall-graphics","website/assets/images/portfolio/","office-wall-graphics-{width}.webp","4:5","640 + 1000","","temporary stock (Unsplash)","Modern office interior with a large printed wall graphic","/portfolio/","Photorealistic commercial photograph: Printed wall mural paired with frosted glass manifestation. Dubai setting where relevant, natural lighting, 4:5 crop. Fictional brand names only, no real logos, no Flash Print Solution branding."
"work:event-stage","website/assets/images/portfolio/","event-stage-{width}.webp","16:9","960 + 1600","","temporary stock (Unsplash)","Conference stage with large printed backdrop and podium","/portfolio/","Photorealistic commercial photograph: Stage backdrop, podium wrap and lectern panels for a corporate event. Dubai setting where relevant, natural lighting, 16:9 crop. Fictional brand names only, no real logos, no Flash Print Solution branding."
"work:reception-sign","website/assets/images/portfolio/","reception-sign-{width}.webp","4:3","640 + 1200","","temporary stock (Unsplash)","Office reception area with lettering on the wall behind the desk","/portfolio/","Photorealistic commercial photograph: Stand-off acrylic lettering on a feature wall behind the front desk. Dubai setting where relevant, natural lighting, 4:3 crop. Fictional brand names only, no real logos, no Flash Print Solution branding."
"work:roll-labels","website/assets/images/portfolio/","roll-labels-{width}.webp","4:3","640 + 1200","","temporary stock (Unsplash)","Skincare bottles with minimal printed labels on a neutral background","/portfolio/","Photorealistic commercial photograph: Roll labels with a soft-touch laminate for a skincare range. Dubai setting where relevant, natural lighting, 4:3 crop. Fictional brand names only, no real logos, no Flash Print Solution branding."
"work:window-campaign","website/assets/images/portfolio/","window-campaign-{width}.webp","16:9","960 + 1600","","temporary stock (Unsplash)","Retail store window with printed promotional graphics","/portfolio/","Photorealistic commercial photograph: Printed window vinyl and hanging graphics for a retail unit. Dubai setting where relevant, natural lighting, 16:9 crop. Fictional brand names only, no real logos, no Flash Print Solution branding."
"work:company-profile","website/assets/images/portfolio/","company-profile-{width}.webp","4:3","640 + 1200","","temporary stock (Unsplash)","Printed company brochures and booklet spread open on a table","/portfolio/","Photorealistic commercial photograph: Perfect-bound company profile with matching tri-fold brochures. Dubai setting where relevant, natural lighting, 4:3 crop. Fictional brand names only, no real logos, no Flash Print Solution branding."
"work:standee-promo","website/assets/images/portfolio/","standee-promo-{width}.webp","4:5","640 + 1000","","temporary stock (Unsplash)","Free-standing promotional display near the entrance of a shop","/portfolio/","Photorealistic commercial photograph: Free-standing printed display at the entrance of a store. Dubai setting where relevant, natural lighting, 4:5 crop. Fictional brand names only, no real logos, no Flash Print Solution branding."
"work:car-wrap","website/assets/images/portfolio/","car-wrap-{width}.webp","16:9","960 + 1600","","temporary stock (Unsplash)","Car with a satin colour-change wrap parked in a studio","/portfolio/","Photorealistic commercial photograph: Satin wrap film applied panel by panel with trimmed edges. Dubai setting where relevant, natural lighting, 16:9 crop. Fictional brand names only, no real logos, no Flash Print Solution branding."
"work:wayfinding","website/assets/images/portfolio/","wayfinding-{width}.webp","4:3","640 + 1200","","temporary stock (Unsplash)","Directional wayfinding sign on a wall in a modern building corridor","/portfolio/","Photorealistic commercial photograph: Directional signs and level markers across a commercial building. Dubai setting where relevant, natural lighting, 4:3 crop. Fictional brand names only, no real logos, no Flash Print Solution branding."
"work:menu-set","website/assets/images/portfolio/","menu-set-{width}.webp","4:3","640 + 1200","","temporary stock (Unsplash)","Printed menu card on a café table beside a coffee cup","/portfolio/","Photorealistic commercial photograph: Laminated menus, table tents and takeaway inserts for a café. Dubai setting where relevant, natural lighting, 4:3 crop. Fictional brand names only, no real logos, no Flash Print Solution branding."
